17:58:10 INFO     Scraping 9192 schools…
17:58:10 INFO     [1/9192] CROSBYTON CISD PRE K-12 (http://www.crosbyton.k12.tx.us)
17:58:15 INFO       Found directory at http://www.crosbyton.k12.tx.us/staff
17:58:20 INFO       \u2192 0 art teacher(s) found. Status: no_art_teachers_found
17:58:20 INFO       \u2192 0 new staff records saved.
17:58:22 INFO     [2/9192] SPUR SCHOOL (http://www.spurbulldogs.com)
17:58:27 INFO       Found directory at http://www.spurbulldogs.com/staff
17:58:31 INFO       \u2192 0 art teacher(s) found. Status: no_art_teachers_found
17:58:31 INFO       \u2192 0 new staff records saved.
17:58:34 INFO     [3/9192] ROCKSPRINGS K-12 (http://www.rockspringsisd.net)
17:58:51 INFO       Found directory at http://www.rockspringsisd.net/about-us/staff
17:58:53 INFO       \u2192 0 art teacher(s) found. Status: no_art_teachers_found
17:58:53 INFO       \u2192 0 new staff records saved.
17:58:58 INFO     [4/9192] POR VIDA ACADEMY CHARTER H S (http://www.porvidaacademy.org)
17:59:12 INFO       \u2192 0 art teacher(s) found. Status: no_directory_found
17:59:12 INFO       \u2192 0 new staff records saved.
17:59:14 INFO     [5/9192] POR VIDA ACADEMY CORPUS CHRISTI (http://www.porvidaacademyatcorpuschristi.org)
17:59:28 INFO       \u2192 0 art teacher(s) found. Status: no_directory_found
17:59:28 INFO       \u2192 0 new staff records saved.
17:59:31 INFO     [6/9192] BLACKWELL SCHOOL (None)
17:59:31 INFO       \u2192 0 art teacher(s) found. Status: no_url
17:59:31 INFO       \u2192 0 new staff records saved.
17:59:33 INFO     [7/9192] ASPERMONT EL (None)
17:59:33 INFO       \u2192 0 art teacher(s) found. Status: no_url
17:59:33 INFO       \u2192 0 new staff records saved.
17:59:36 INFO     [8/9192] ASPERMONT H S (None)
17:59:36 INFO       \u2192 0 art teacher(s) found. Status: no_url
17:59:36 INFO       \u2192 0 new staff records saved.
17:59:38 INFO     [9/9192] PANTHER CREEK SCHOOL (http://www.pcreek.net)
17:59:42 INFO       Found directory at http://www.pcreek.net/staff
17:59:46 INFO       \u2192 0 art teacher(s) found. Status: no_art_teachers_found
17:59:46 INFO       \u2192 0 new staff records saved.
17:59:49 INFO     [10/9192] DRIPPING SPRINGS EL (http://www.dsisdtx.us)
17:59:51 INFO       Found directory at http://www.dsisdtx.us/staff
18:00:11 INFO       \u2192 2 art teacher(s) found. Status: ok
18:00:11 INFO       \u2192 2 new staff records saved.
18:00:14 INFO     [11/9192] DRIPPING SPRINGS H S (http://www.dsisd.txed.net)
18:00:14 INFO       \u2192 0 art teacher(s) found. Status: robots_blocked
18:00:14 INFO       \u2192 0 new staff records saved.
18:00:17 INFO     [12/9192] DRIPPING SPRINGS MIDDLE (http://www.dsisdtx.us)
18:00:18 INFO       Found directory at http://www.dsisdtx.us/staff
18:00:37 INFO       \u2192 2 art teacher(s) found. Status: ok
18:00:37 INFO       \u2192 2 new staff records saved.
18:00:39 INFO     [13/9192] WALNUT SPRINGS EL (http://www.dsisdtx.us)
18:00:41 INFO       Found directory at http://www.dsisdtx.us/staff
18:00:58 INFO       \u2192 2 art teacher(s) found. Status: ok
18:00:58 INFO       \u2192 2 new staff records saved.
18:01:00 INFO     [14/9192] ROOSTER SPRINGS EL (http://www.dsisdtx.us)
18:01:02 INFO       Found directory at http://www.dsisdtx.us/staff
18:01:19 INFO       \u2192 2 art teacher(s) found. Status: ok
18:01:19 INFO       \u2192 2 new staff records saved.
18:01:21 INFO     [15/9192] SYCAMORE SPRINGS EL (http://www.dsisdtx.us)
18:01:23 INFO       Found directory at http://www.dsisdtx.us/staff
18:01:44 INFO       \u2192 2 art teacher(s) found. Status: ok
18:01:44 INFO       \u2192 2 new staff records saved.
18:01:46 INFO     [16/9192] SYCAMORE SPRINGS MIDDLE (None)
18:01:46 INFO       \u2192 0 art teacher(s) found. Status: no_url
18:01:46 INFO       \u2192 0 new staff records saved.
18:01:49 INFO     [17/9192] CYPRESS SPRINGS EL (http://www.dsisdtx.us)
18:01:50 INFO       Found directory at http://www.dsisdtx.us/staff
18:02:07 INFO       \u2192 2 art teacher(s) found. Status: ok
18:02:07 INFO       \u2192 2 new staff records saved.
18:02:09 INFO     [18/9192] JACOB'S WELL EL (http://www.wimberleyisd.net)
18:02:17 INFO       Found directory at http://www.wimberleyisd.net/staff-directory
18:02:19 INFO       \u2192 1 art teacher(s) found. Status: ok
18:02:19 INFO       \u2192 1 new staff records saved.
18:02:24 INFO     [19/9192] WIMBERLEY H S (http://www.wimberleyisd.net)
18:02:27 INFO       Found directory at http://www.wimberleyisd.net/staff-directory
18:02:29 INFO       \u2192 1 art teacher(s) found. Status: ok
18:02:29 INFO       \u2192 1 new staff records saved.
18:02:34 INFO     [20/9192] BLUE HOLE PRI (http://www.wimberleyisd.net)
18:02:37 INFO       Found directory at http://www.wimberleyisd.net/staff-directory
18:02:38 INFO       \u2192 1 art teacher(s) found. Status: ok
18:02:38 INFO       \u2192 1 new staff records saved.
18:02:43 INFO     [21/9192] DANFORTH J H (http://www.wimberleyisd.net)
18:02:47 INFO       Found directory at http://www.wimberleyisd.net/staff-directory
18:02:48 INFO       \u2192 1 art teacher(s) found. Status: ok
18:02:48 INFO       \u2192 1 new staff records saved.
18:02:53 INFO     [22/9192] JACK C HAYS H S (http://www.hayscisd.net)
18:02:56 INFO       Found directory at http://www.hayscisd.net/staff
18:04:20 INFO       \u2192 0 art teacher(s) found. Status: no_art_teachers_found
18:04:20 INFO       \u2192 0 new staff records saved.
18:04:23 INFO     [23/9192] KYLE EL (http://www.hayscisd.net)
18:04:24 INFO       Found directory at http://www.hayscisd.net/staff
18:05:52 INFO       \u2192 0 art teacher(s) found. Status: no_art_teachers_found
18:05:52 INFO       \u2192 0 new staff records saved.
18:05:54 INFO     [24/9192] R C BARTON MIDDLE (http://www.hayscisd.net)
18:05:56 INFO       Found directory at http://www.hayscisd.net/staff
18:07:19 INFO       \u2192 0 art teacher(s) found. Status: no_art_teachers_found
18:07:19 INFO       \u2192 0 new staff records saved.
18:07:22 INFO     [25/9192] TOM GREEN EL (http://www.hayscisd.net)
18:07:23 INFO       Found directory at http://www.hayscisd.net/staff
18:08:48 INFO       \u2192 0 art teacher(s) found. Status: no_art_teachers_found
18:08:48 INFO       \u2192 0 new staff records saved.
18:08:51 INFO     [26/9192] ALTER IMPACT CTR (http://www.hayscisd.net)
18:08:53 INFO       Found directory at http://www.hayscisd.net/staff
18:10:18 INFO       \u2192 0 art teacher(s) found. Status: no_art_teachers_found
18:10:18 INFO       \u2192 0 new staff records saved.
18:10:20 INFO     [27/9192] BUDA EL (http://www.hayscisd.net)
18:10:22 INFO       Found directory at http://www.hayscisd.net/staff
18:11:47 INFO       \u2192 0 art teacher(s) found. Status: no_art_teachers_found
18:11:47 INFO       \u2192 0 new staff records saved.
18:11:50 INFO     [28/9192] LIVE OAK ACADEMY (http://www.hayscisd.net)
18:11:52 INFO       Found directory at http://www.hayscisd.net/staff
18:13:15 INFO       \u2192 0 art teacher(s) found. Status: no_art_teachers_found
18:13:15 INFO       \u2192 0 new staff records saved.
18:13:18 INFO     [29/9192] ERIC DAHLSTROM MIDDLE (http://www.hayscisd.net)
18:13:20 INFO       Found directory at http://www.hayscisd.net/staff
18:14:45 INFO       \u2192 0 art teacher(s) found. Status: no_art_teachers_found
18:14:45 INFO       \u2192 0 new staff records saved.
18:14:47 INFO     [30/9192] LAURA B WALLACE MIDDLE (http://www.hayscisd.net)
18:14:49 INFO       Found directory at http://www.hayscisd.net/staff
18:16:13 INFO       \u2192 0 art teacher(s) found. Status: no_art_teachers_found
18:16:13 INFO       \u2192 0 new staff records saved.
18:16:16 INFO     [31/9192] ELM GROVE EL (http://www.hayscisd.net)
18:16:18 INFO       Found directory at http://www.hayscisd.net/staff
18:17:50 INFO       \u2192 0 art teacher(s) found. Status: no_art_teachers_found
18:17:50 INFO       \u2192 0 new staff records saved.
18:17:52 INFO     [32/9192] SUSIE FUENTES EL (http://www.hayscisd.net)
18:17:54 INFO       Found directory at http://www.hayscisd.net/staff
18:19:19 INFO       \u2192 0 art teacher(s) found. Status: no_art_teachers_found
18:19:19 INFO       \u2192 0 new staff records saved.
18:19:21 INFO     [33/9192] HEMPHILL EL (http://www.hayscisd.net)
18:19:23 INFO       Found directory at http://www.hayscisd.net/staff
18:20:49 INFO       \u2192 0 art teacher(s) found. Status: no_art_teachers_found
18:20:49 INFO       \u2192 0 new staff records saved.
18:20:51 INFO     [34/9192] TOBIAS EL (http://www.hayscisd.net)
18:20:53 INFO       Found directory at http://www.hayscisd.net/staff
18:22:19 INFO       \u2192 0 art teacher(s) found. Status: no_art_teachers_found
18:22:19 INFO       \u2192 0 new staff records saved.
18:22:22 INFO     [35/9192] LEHMAN H S (http://www.hayscisd.net)
18:22:24 INFO       Found directory at http://www.hayscisd.net/staff
18:23:47 INFO       \u2192 0 art teacher(s) found. Status: no_art_teachers_found
18:23:47 INFO       \u2192 0 new staff records saved.
18:23:50 INFO     [36/9192] ARMANDO CHAPA MIDDLE (None)
18:23:50 INFO       \u2192 0 art teacher(s) found. Status: no_url
18:23:50 INFO       \u2192 0 new staff records saved.
18:23:52 INFO     [37/9192] D J RED SIMON MIDDLE (http://www.hayscisd.net)
18:23:54 INFO       Found directory at http://www.hayscisd.net/staff
18:25:19 INFO       \u2192 0 art teacher(s) found. Status: no_art_teachers_found
18:25:19 INFO       \u2192 0 new staff records saved.
18:25:21 INFO     [38/9192] LAURA B NEGLEY EL (http://www.hayscisd.net)
18:25:23 INFO       Found directory at http://www.hayscisd.net/staff
18:26:47 INFO       \u2192 0 art teacher(s) found. Status: no_art_teachers_found
18:26:47 INFO       \u2192 0 new staff records saved.
18:26:50 INFO     [39/9192] SCIENCE HALL EL (http://www.hayscisd.net)
18:26:51 INFO       Found directory at http://www.hayscisd.net/staff
18:28:16 INFO       \u2192 0 art teacher(s) found. Status: no_art_teachers_found
18:28:16 INFO       \u2192 0 new staff records saved.
18:28:19 INFO     [40/9192] BLANCO VISTA EL (http://www.hayscisd.net)
18:28:20 INFO       Found directory at http://www.hayscisd.net/staff
18:29:45 INFO       \u2192 0 art teacher(s) found. Status: no_art_teachers_found
18:29:45 INFO       \u2192 0 new staff records saved.
18:29:48 INFO     [41/9192] CAMINO REAL EL (http://www.hayscisd.net)
18:29:50 INFO       Found directory at http://www.hayscisd.net/staff
18:31:16 INFO       \u2192 0 art teacher(s) found. Status: no_art_teachers_found
18:31:16 INFO       \u2192 0 new staff records saved.
18:31:18 INFO     [42/9192] CARPENTER HILL EL (http://www.hayscisd.net)
18:31:20 INFO       Found directory at http://www.hayscisd.net/staff
18:32:44 INFO       \u2192 0 art teacher(s) found. Status: no_art_teachers_found
18:32:44 INFO       \u2192 0 new staff records saved.
18:32:47 INFO     [43/9192] RALPH PFLUGER EL (http://www.hayscisd.net)
18:32:49 INFO       Found directory at http://www.hayscisd.net/staff
18:34:13 INFO       \u2192 0 art teacher(s) found. Status: no_art_teachers_found
18:34:13 INFO       \u2192 0 new staff records saved.
18:34:15 INFO     [44/9192] DR T C MCCORMICK JR MIDDLE (http://hayscisd.net)
18:34:18 INFO       Found directory at http://hayscisd.net/staff
18:35:43 INFO       \u2192 0 art teacher(s) found. Status: no_art_teachers_found
18:35:43 INFO       \u2192 0 new staff records saved.
18:35:45 INFO     [45/9192] MOE AND GENE JOHNSON H S (None)
18:35:45 INFO       \u2192 0 art teacher(s) found. Status: no_url
18:35:45 INFO       \u2192 0 new staff records saved.
18:35:48 INFO     [46/9192] UHLAND EL (None)
18:35:48 INFO       \u2192 0 art teacher(s) found. Status: no_url
18:35:48 INFO       \u2192 0 new staff records saved.
18:35:50 INFO     [47/9192] SUNFIELD EL (http://www.hayscisd.net)
18:35:52 INFO       Found directory at http://www.hayscisd.net/staff
18:37:17 INFO       \u2192 0 art teacher(s) found. Status: no_art_teachers_found
18:37:17 INFO       \u2192 0 new staff records saved.
18:37:19 INFO     [48/9192] JIM CULLEN EL (None)
18:37:19 INFO       \u2192 0 art teacher(s) found. Status: no_url
18:37:19 INFO       \u2192 0 new staff records saved.
18:37:22 INFO     [49/9192] ALVARADO H S (http://www.alvaradoisd.net)
18:37:50 INFO       \u2192 0 art teacher(s) found. Status: no_directory_found
18:37:50 INFO       \u2192 0 new staff records saved.
18:37:55 INFO     [50/9192] ALVARADO J H (http://alvaradoisd.net)
18:38:09 INFO       \u2192 0 art teacher(s) found. Status: no_directory_found
18:38:09 INFO       \u2192 0 new staff records saved.
18:38:14 INFO     [51/9192] ALVARADO EL-SOUTH (http://alvaradoisd.net)
18:38:30 INFO       \u2192 0 art teacher(s) found. Status: no_directory_found
18:38:30 INFO       \u2192 0 new staff records saved.
18:38:35 INFO     [52/9192] LILLIAN EL (http://alvaradoisd.net)
18:38:51 INFO       \u2192 0 art teacher(s) found. Status: no_directory_found
18:38:51 INFO       \u2192 0 new staff records saved.
18:38:56 INFO     [53/9192] ALVARADO EL-NORTH (http://alvaradoisd.net)
18:39:13 INFO       \u2192 0 art teacher(s) found. Status: no_directory_found
18:39:13 INFO       \u2192 0 new staff records saved.
18:39:18 INFO     [54/9192] ALVARADO INT (http://alvaradoisd.net)
18:39:35 INFO       \u2192 0 art teacher(s) found. Status: no_directory_found
18:39:35 INFO       \u2192 0 new staff records saved.
18:39:40 INFO     [55/9192] CHISUM EL (http://chisumisd.org)
18:39:55 INFO       \u2192 0 art teacher(s) found. Status: no_directory_found
18:39:55 INFO       \u2192 0 new staff records saved.
18:40:00 INFO     [56/9192] CHISUM H S (http://chisumisd.org)
18:40:16 INFO       \u2192 0 art teacher(s) found. Status: no_directory_found
18:40:16 INFO       \u2192 0 new staff records saved.
18:40:21 INFO     [57/9192] CHISUM MIDDLE (http://chisumisd.org)
18:40:36 INFO       \u2192 0 art teacher(s) found. Status: no_directory_found
18:40:36 INFO       \u2192 0 new staff records saved.
18:40:41 INFO     [58/9192] GEORGE GERVIN ACADEMY (http://www.gervin-school.org/)
18:40:41 INFO       \u2192 0 art teacher(s) found. Status: robots_blocked
18:40:41 INFO       \u2192 0 new staff records saved.
18:40:44 INFO     [59/9192] RUTH JONES MCCLENDON MIDDLE (http://www.gervin-school.org/)
18:40:44 INFO       \u2192 0 art teacher(s) found. Status: robots_blocked
18:40:44 INFO       \u2192 0 new staff records saved.
18:40:46 INFO     [60/9192] TEXANS CAN ACADEMY - DALLAS NORTH (http://www.texanscan.org)
18:40:48 INFO       Found directory at http://www.texanscan.org/staff
18:41:13 INFO       \u2192 0 art teacher(s) found. Status: no_art_teachers_found
18:41:13 INFO       \u2192 0 new staff records saved.
18:41:16 INFO     [61/9192] TEXANS CAN ACADEMY - OAK CLIFF (http://www.texanscan.org)
18:41:17 INFO       Found directory at http://www.texanscan.org/staff
18:41:39 INFO       \u2192 0 art teacher(s) found. Status: no_art_teachers_found
18:41:39 INFO       \u2192 0 new staff records saved.
18:41:41 INFO     [62/9192] TEXANS CAN ACADEMY - HOUSTON NORTH (http://www.texanscan.org)
18:41:43 INFO       Found directory at http://www.texanscan.org/staff
18:42:05 INFO       \u2192 0 art teacher(s) found. Status: no_art_teachers_found
18:42:05 INFO       \u2192 0 new staff records saved.
18:42:07 INFO     [63/9192] TEXANS CAN ACADEMY - SAN ANTONIO (http://www.texanscan.org)
18:42:09 INFO       Found directory at http://www.texanscan.org/staff
18:42:34 INFO       \u2192 0 art teacher(s) found. Status: no_art_teachers_found
18:42:34 INFO       \u2192 0 new staff records saved.
18:42:37 INFO     [64/9192] TEXANS CAN ACADEMY - FORT WORTH WESTCREEK (http://www.texanscan.org)
18:42:38 INFO       Found directory at http://www.texanscan.org/staff
18:43:00 INFO       \u2192 0 art teacher(s) found. Status: no_art_teachers_found
18:43:00 INFO       \u2192 0 new staff records saved.
18:43:02 INFO     [65/9192] TEXANS CAN ACADEMY - FORT WORTH LANCASTER AVENUE (http://www.texanscan.org)
18:43:04 INFO       Found directory at http://www.texanscan.org/staff
18:43:25 INFO       \u2192 0 art teacher(s) found. Status: no_art_teachers_found
18:43:25 INFO       \u2192 0 new staff records saved.
18:43:28 INFO     [66/9192] TEXANS CAN ACADEMY - AUSTIN (http://www.texanscan.org)
18:43:30 INFO       Found directory at http://www.texanscan.org/staff
18:43:55 INFO       \u2192 0 art teacher(s) found. Status: no_art_teachers_found
18:43:55 INFO       \u2192 0 new staff records saved.
18:43:57 INFO     [67/9192] TEXANS CAN ACADEMY - CARROLLTON-FARMERS BRANCH (http://www.texanscan.org)
18:43:59 INFO       Found directory at http://www.texanscan.org/staff
18:44:20 INFO       \u2192 0 art teacher(s) found. Status: no_art_teachers_found
18:44:20 INFO       \u2192 0 new staff records saved.
18:44:23 INFO     [68/9192] TEXANS CAN ACADEMY - HOUSTON HOBBY (http://www.texanscan.org)
18:44:24 INFO       Found directory at http://www.texanscan.org/staff
18:44:46 INFO       \u2192 0 art teacher(s) found. Status: no_art_teachers_found
18:44:46 INFO       \u2192 0 new staff records saved.
18:44:48 INFO     [69/9192] TEXANS CAN ACADEMY - PLEASANT GROVE (http://www.texanscan.org)
18:44:50 INFO       Found directory at http://www.texanscan.org/staff
18:45:16 INFO       \u2192 0 art teacher(s) found. Status: no_art_teachers_found
18:45:16 INFO       \u2192 0 new staff records saved.
18:45:19 INFO     [70/9192] TEXANS CAN ACADEMY - GRANT EAST (http://www.texanscan.org)
18:45:21 INFO       Found directory at http://www.texanscan.org/staff
18:45:45 INFO       \u2192 0 art teacher(s) found. Status: no_art_teachers_found
18:45:45 INFO       \u2192 0 new staff records saved.
18:45:48 INFO     [71/9192] TEXANS CAN ACADEMY - GARLAND (http://www.texanscan.org)
18:45:49 INFO       Found directory at http://www.texanscan.org/staff
18:46:11 INFO       \u2192 0 art teacher(s) found. Status: no_art_teachers_found
18:46:11 INFO       \u2192 0 new staff records saved.
18:46:14 INFO     [72/9192] TEXANS CAN ACADEMY - HOUSTON SOUTHWEST (http://www.texanscan.org)
18:46:15 INFO       Found directory at http://www.texanscan.org/staff
18:46:41 INFO       \u2192 0 art teacher(s) found. Status: no_art_teachers_found
18:46:41 INFO       \u2192 0 new staff records saved.
18:46:44 INFO     [73/9192] SER-NINOS CHARTER EL (None)
18:46:44 INFO       \u2192 0 art teacher(s) found. Status: no_url
18:46:44 INFO       \u2192 0 new staff records saved.
18:46:46 INFO     [74/9192] SER-NINOS CHARTER MIDDLE (None)
18:46:46 INFO       \u2192 0 art teacher(s) found. Status: no_url
18:46:46 INFO       \u2192 0 new staff records saved.
18:46:49 INFO     [75/9192] SER-NINOS CHARTER EL II (None)
18:46:49 INFO       \u2192 0 art teacher(s) found. Status: no_url
18:46:49 INFO       \u2192 0 new staff records saved.
18:46:51 INFO     [76/9192] SER-NINOS CHARTER HIGH (None)
18:46:51 INFO       \u2192 0 art teacher(s) found. Status: no_url
18:46:51 INFO       \u2192 0 new staff records saved.
18:46:54 INFO     [77/9192] ARISTOI CLASSICAL ACADEMY (http://www.aristoiclassical.org)
18:47:08 INFO       \u2192 0 art teacher(s) found. Status: no_directory_found
18:47:08 INFO       \u2192 0 new staff records saved.
18:47:10 INFO     [78/9192] ARISTOI CLASSICAL UPPER SCHOOL (http://www.aristoiclassical.org/)
18:47:25 INFO       \u2192 0 art teacher(s) found. Status: no_directory_found
18:47:25 INFO       \u2192 0 new staff records saved.
18:47:27 INFO     [79/9192] ARISTOI CLASSICAL ACADEMY-CYPRESS (None)
18:47:27 INFO       \u2192 0 art teacher(s) found. Status: no_url
18:47:27 INFO       \u2192 0 new staff records saved.
18:47:30 INFO     [80/9192] GEORGE I SANCHEZ CHARTER (None)
18:47:30 INFO       \u2192 0 art teacher(s) found. Status: no_url
18:47:30 INFO       \u2192 0 new staff records saved.
18:47:32 INFO     [81/9192] GEORGE I SANCHEZ NORTH (None)
18:47:32 INFO       \u2192 0 art teacher(s) found. Status: no_url
18:47:32 INFO       \u2192 0 new staff records saved.
18:47:35 INFO     [82/9192] EARLY COLLEGE T-STEM ACADEMY (http://ryss.org)
18:48:00 INFO       \u2192 0 art teacher(s) found. Status: no_directory_found
18:48:00 INFO       \u2192 0 new staff records saved.
18:48:05 INFO     [83/9192] BRYSS ACADEMY (http://RYSS.ORG)
18:48:18 INFO       \u2192 0 art teacher(s) found. Status: no_directory_found
18:48:18 INFO       \u2192 0 new staff records saved.
18:48:23 INFO     [84/9192] PSTEM ACADEMY (http://RYSS.ORG)
18:48:36 INFO       \u2192 0 art teacher(s) found. Status: no_directory_found
18:48:36 INFO       \u2192 0 new staff records saved.
18:48:41 INFO     [85/9192] EARLY COLLEGE STEM ACADEMY (http://RYSS.ORG)
18:48:54 INFO       \u2192 0 art teacher(s) found. Status: no_directory_found
18:48:54 INFO       \u2192 0 new staff records saved.
18:48:59 INFO     [86/9192] NORTH EAST STEM ACADEMY (http://RYSS.org)
18:49:13 INFO       \u2192 0 art teacher(s) found. Status: no_directory_found
18:49:13 INFO       \u2192 0 new staff records saved.
18:49:18 INFO     [87/9192] LEONEL CASTILLO EARLY CHILDHOOD STEM ACADEMY (http://RYSS.ORG)
18:49:31 INFO       \u2192 0 art teacher(s) found. Status: no_directory_found
18:49:31 INFO       \u2192 0 new staff records saved.
18:49:36 INFO     [88/9192] BRYSS ACADEMY H S (None)
18:49:36 INFO       \u2192 0 art teacher(s) found. Status: no_url
18:49:36 INFO       \u2192 0 new staff records saved.
18:49:38 INFO     [89/9192] RYSS STEM ACADEMY AT FIRST FRIENDS PASADENA (None)
18:49:38 INFO       \u2192 0 art teacher(s) found. Status: no_url
18:49:38 INFO       \u2192 0 new staff records saved.
18:49:41 INFO     [90/9192] DR M L GARZA-GONZALEZ CHARTER SCHOOL (http://www.gcclr.org)
18:49:42 INFO       Found directory at http://www.gcclr.org/staff
18:49:44 INFO       \u2192 0 art teacher(s) found. Status: no_art_teachers_found
18:49:44 INFO       \u2192 0 new staff records saved.
18:49:47 INFO     [91/9192] PEGASUS CHARTER H S (http://www.pegasuscharter.org)
18:50:04 INFO       \u2192 0 art teacher(s) found. Status: no_directory_found
18:50:04 INFO       \u2192 0 new staff records saved.
18:50:06 INFO     [92/9192] UPLIFT NORTH HILLS PREP MIDDLE (http://www.uplifteducation.org)
18:50:12 INFO       Found directory at http://www.uplifteducation.org/faculty
18:50:14 INFO       \u2192 0 art teacher(s) found. Status: no_art_teachers_found
18:50:14 INFO       \u2192 0 new staff records saved.
18:50:17 INFO     [93/9192] UPLIFT ATLAS PREP PS (http://www.uplifteducation.org)
18:50:22 INFO       Found directory at http://www.uplifteducation.org/faculty
18:50:24 INFO       \u2192 0 art teacher(s) found. Status: no_art_teachers_found
18:50:24 INFO       \u2192 0 new staff records saved.
18:50:27 INFO     [94/9192] UPLIFT ATLAS PREP MIDDLE (http://www.uplifteducation.org)
18:50:31 INFO       Found directory at http://www.uplifteducation.org/faculty
18:50:34 INFO       \u2192 0 art teacher(s) found. Status: no_art_teachers_found
18:50:34 INFO       \u2192 0 new staff records saved.
18:50:36 INFO     [95/9192] UPLIFT NORTH HILLS PREP PS (http://www.uplifteducation.org)
18:50:41 INFO       Found directory at http://www.uplifteducation.org/faculty
18:50:43 INFO       \u2192 0 art teacher(s) found. Status: no_art_teachers_found
18:50:43 INFO       \u2192 0 new staff records saved.
18:50:45 INFO     [96/9192] UPLIFT WILLIAMS PREP H S (http://www.uplifteducation.org)
18:50:50 INFO       Found directory at http://www.uplifteducation.org/faculty
18:50:53 INFO       \u2192 0 art teacher(s) found. Status: no_art_teachers_found
18:50:53 INFO       \u2192 0 new staff records saved.
18:50:55 INFO     [97/9192] UPLIFT WILLIAMS PREP PS (http://www.uplifteducation.org)
18:51:00 INFO       Found directory at http://www.uplifteducation.org/faculty
18:51:02 INFO       \u2192 0 art teacher(s) found. Status: no_art_teachers_found
18:51:02 INFO       \u2192 0 new staff records saved.
18:51:05 INFO     [98/9192] UPLIFT WILLIAMS PREP MIDDLE (http://www.uplifteducation.org)
18:51:10 INFO       Found directory at http://www.uplifteducation.org/faculty
18:51:12 INFO       \u2192 0 art teacher(s) found. Status: no_art_teachers_found
18:51:12 INFO       \u2192 0 new staff records saved.
18:51:15 INFO     [99/9192] UPLIFT ATLAS PREP H S (http://www.uplifteducation.org)
18:51:19 INFO       Found directory at http://www.uplifteducation.org/faculty
18:51:22 INFO       \u2192 0 art teacher(s) found. Status: no_art_teachers_found
18:51:22 INFO       \u2192 0 new staff records saved.
18:51:24 INFO     [100/9192] UPLIFT SUMMIT PREP H S (http://www.uplifteducation.org)
18:51:29 INFO       Found directory at http://www.uplifteducation.org/faculty
18:51:32 INFO       \u2192 0 art teacher(s) found. Status: no_art_teachers_found
18:51:32 INFO       \u2192 0 new staff records saved.
18:51:34 INFO     [101/9192] UPLIFT HAMPTON PREP PS (http://www.uplifteducation.org)
18:51:39 INFO       Found directory at http://www.uplifteducation.org/faculty
18:51:41 INFO       \u2192 0 art teacher(s) found. Status: no_art_teachers_found
18:51:41 INFO       \u2192 0 new staff records saved.
18:51:44 INFO     [102/9192] UPLIFT HAMPTON PREP MIDDLE (http://www.uplifteducation.org)
18:51:49 INFO       Found directory at http://www.uplifteducation.org/faculty
18:51:51 INFO       \u2192 0 art teacher(s) found. Status: no_art_teachers_found
18:51:51 INFO       \u2192 0 new staff records saved.
18:51:53 INFO     [103/9192] UPLIFT HAMPTON PREP H S (http://www.uplifteducation.org)
18:51:59 INFO       Found directory at http://www.uplifteducation.org/faculty
18:52:01 INFO       \u2192 0 art teacher(s) found. Status: no_art_teachers_found
18:52:01 INFO       \u2192 0 new staff records saved.
18:52:03 INFO     [104/9192] UPLIFT NORTH HILLS PREP H S (http://www.uplifteducation.org)
18:52:08 INFO       Found directory at http://www.uplifteducation.org/faculty
18:52:10 INFO       \u2192 0 art teacher(s) found. Status: no_art_teachers_found
18:52:10 INFO       \u2192 0 new staff records saved.
18:52:13 INFO     [105/9192] UPLIFT SUMMIT PREP PS (http://www.uplifteducation.org)
18:52:18 INFO       Found directory at http://www.uplifteducation.org/faculty
18:52:20 INFO       \u2192 0 art teacher(s) found. Status: no_art_teachers_found
18:52:20 INFO       \u2192 0 new staff records saved.
18:52:22 INFO     [106/9192] UPLIFT SUMMIT PREP MIDDLE (http://www.uplifteducation.org)
18:52:27 INFO       Found directory at http://www.uplifteducation.org/faculty
18:52:30 INFO       \u2192 0 art teacher(s) found. Status: no_art_teachers_found
18:52:30 INFO       \u2192 0 new staff records saved.
18:52:32 INFO     [107/9192] UPLIFT HEIGHTS PREP MIDDLE (http://www.uplifteducation.org)
18:52:37 INFO       Found directory at http://www.uplifteducation.org/faculty
18:52:39 INFO       \u2192 0 art teacher(s) found. Status: no_art_teachers_found
18:52:39 INFO       \u2192 0 new staff records saved.
18:52:41 INFO     [108/9192] UPLIFT LUNA PREP PS (http://www.uplifteducation.org)
18:52:46 INFO       Found directory at http://www.uplifteducation.org/faculty
18:52:49 INFO       \u2192 0 art teacher(s) found. Status: no_art_teachers_found
18:52:49 INFO       \u2192 0 new staff records saved.
18:52:51 INFO     [109/9192] UPLIFT MIGHTY PREP PS (http://www.uplifteducation.org)
18:52:56 INFO       Found directory at http://www.uplifteducation.org/faculty
18:52:58 INFO       \u2192 0 art teacher(s) found. Status: no_art_teachers_found
18:52:58 INFO       \u2192 0 new staff records saved.
18:53:01 INFO     [110/9192] UPLIFT MERIDIAN PREP PS (http://www.uplifteducation.org)
18:53:05 INFO       Found directory at http://www.uplifteducation.org/faculty
18:53:08 INFO       \u2192 0 art teacher(s) found. Status: no_art_teachers_found
18:53:08 INFO       \u2192 0 new staff records saved.
18:53:10 INFO     [111/9192] UPLIFT HEIGHTS PREP PS (http://www.uplifteducation.org)
18:53:15 INFO       Found directory at http://www.uplifteducation.org/faculty
18:53:17 INFO       \u2192 0 art teacher(s) found. Status: no_art_teachers_found
18:53:17 INFO       \u2192 0 new staff records saved.
18:53:20 INFO     [112/9192] UPLIFT INFINITY PREP PS (http://www.uplifteducation.org)
18:53:25 INFO       Found directory at http://www.uplifteducation.org/faculty
18:53:27 INFO       \u2192 0 art teacher(s) found. Status: no_art_teachers_found
18:53:27 INFO       \u2192 0 new staff records saved.
18:53:30 INFO     [113/9192] UPLIFT INFINITY PREP MIDDLE (http://www.uplifteducation.org)
18:53:34 INFO       Found directory at http://www.uplifteducation.org/faculty
18:53:37 INFO       \u2192 0 art teacher(s) found. Status: no_art_teachers_found
18:53:37 INFO       \u2192 0 new staff records saved.
18:53:39 INFO     [114/9192] UPLIFT PINNACLE PREP PS (http://www.uplifteducation.org)
18:53:44 INFO       Found directory at http://www.uplifteducation.org/faculty
18:53:46 INFO       \u2192 0 art teacher(s) found. Status: no_art_teachers_found
18:53:46 INFO       \u2192 0 new staff records saved.
18:53:49 INFO     [115/9192] UPLIFT TRIUMPH PREP PS (http://www.uplifteducation.org)
18:53:53 INFO       Found directory at http://www.uplifteducation.org/faculty
18:53:56 INFO       \u2192 0 art teacher(s) found. Status: no_art_teachers_found
18:53:56 INFO       \u2192 0 new staff records saved.
18:53:58 INFO     [116/9192] UPLIFT HEIGHTS HEALTHCARE INSTITUTE (http://www.uplifteducation.org)
18:54:03 INFO       Found directory at http://www.uplifteducation.org/faculty
18:54:05 INFO       \u2192 0 art teacher(s) found. Status: no_art_teachers_found
18:54:05 INFO       \u2192 0 new staff records saved.
18:54:08 INFO     [117/9192] UPLIFT GRAND PREP PS (http://www.uplifteducation.org)
18:54:12 INFO       Found directory at http://www.uplifteducation.org/faculty
18:54:15 INFO       \u2192 0 art teacher(s) found. Status: no_art_teachers_found
18:54:15 INFO       \u2192 0 new staff records saved.
18:54:17 INFO     [118/9192] UPLIFT LUNA PREP H S (http://www.uplifteducation.org)
18:54:22 INFO       Found directory at http://www.uplifteducation.org/faculty
18:54:24 INFO       \u2192 0 art teacher(s) found. Status: no_art_teachers_found
18:54:24 INFO       \u2192 0 new staff records saved.
18:54:27 INFO     [119/9192] UPLIFT GRADUS PREP PS (http://www.uplifteducation.org)
18:54:32 INFO       Found directory at http://www.uplifteducation.org/faculty
18:54:34 INFO       \u2192 0 art teacher(s) found. Status: no_art_teachers_found
18:54:34 INFO       \u2192 0 new staff records saved.
18:54:36 INFO     [120/9192] WISDOM PREP MIDDLE (http://www.uplifteducation.org)
18:54:41 INFO       Found directory at http://www.uplifteducation.org/faculty
18:54:43 INFO       \u2192 0 art teacher(s) found. Status: no_art_teachers_found
18:54:43 INFO       \u2192 0 new staff records saved.
18:54:46 INFO     [121/9192] UPLIFT GRAND PREP MIDDLE (http://www.uplifteducation.org)
18:54:51 INFO       Found directory at http://www.uplifteducation.org/faculty
18:54:53 INFO       \u2192 0 art teacher(s) found. Status: no_art_teachers_found
18:54:53 INFO       \u2192 0 new staff records saved.
18:54:55 INFO     [122/9192] UPLIFT MIGHTY PREP MIDDLE (http://www.uplifteducation.org)
18:55:01 INFO       Found directory at http://www.uplifteducation.org/faculty
18:55:04 INFO       \u2192 0 art teacher(s) found. Status: no_art_teachers_found
18:55:04 INFO       \u2192 0 new staff records saved.
18:55:06 INFO     [123/9192] UPLIFT INFINITY PREP H S (http://www.uplifteducation.org)
18:55:11 INFO       Found directory at http://www.uplifteducation.org/faculty
18:55:14 INFO       \u2192 0 art teacher(s) found. Status: no_art_teachers_found
18:55:14 INFO       \u2192 0 new staff records saved.
18:55:16 INFO     [124/9192] UPLIFT MIGHTY PREP H S (http://www.uplifteducation.org)
18:55:21 INFO       Found directory at http://www.uplifteducation.org/faculty
18:55:23 INFO       \u2192 0 art teacher(s) found. Status: no_art_teachers_found
18:55:23 INFO       \u2192 0 new staff records saved.
18:55:26 INFO     [125/9192] UPLIFT WHITE ROCK HILLS PREP PS (http://www.uplifteducation.org)
18:55:30 INFO       Found directory at http://www.uplifteducation.org/faculty
18:55:33 INFO       \u2192 0 art teacher(s) found. Status: no_art_teachers_found
18:55:33 INFO       \u2192 0 new staff records saved.
18:55:35 INFO     [126/9192] UPLIFT LUNA PREP MIDDLE (http://www.uplifteducation.org)
18:55:40 INFO       Found directory at http://www.uplifteducation.org/faculty
18:55:42 INFO       \u2192 0 art teacher(s) found. Status: no_art_teachers_found
18:55:42 INFO       \u2192 0 new staff records saved.
18:55:44 INFO     [127/9192] UPLIFT GRAND PREP H S (http://www.uplifteducation.org)
18:55:50 INFO       Found directory at http://www.uplifteducation.org/faculty
18:55:52 INFO       \u2192 0 art teacher(s) found. Status: no_art_teachers_found
18:55:52 INFO       \u2192 0 new staff records saved.
18:55:54 INFO     [128/9192] UPLIFT ASCEND PREP PS (http://www.uplifteducation.org)
18:55:59 INFO       Found directory at http://www.uplifteducation.org/faculty
18:56:02 INFO       \u2192 0 art teacher(s) found. Status: no_art_teachers_found
18:56:02 INFO       \u2192 0 new staff records saved.
18:56:04 INFO     [129/9192] UPLIFT ELEVATE PREP PS (http://www.uplifteducation.org)
18:56:09 INFO       Found directory at http://www.uplifteducation.org/faculty
18:56:11 INFO       \u2192 0 art teacher(s) found. Status: no_art_teachers_found
18:56:11 INFO       \u2192 0 new staff records saved.
18:56:14 INFO     [130/9192] UPLIFT ELEVATE PREP MIDDLE (http://www.uplifteducation.org)
18:56:19 INFO       Found directory at http://www.uplifteducation.org/faculty
18:56:21 INFO       \u2192 0 art teacher(s) found. Status: no_art_teachers_found
18:56:21 INFO       \u2192 0 new staff records saved.
18:56:23 INFO     [131/9192] UPLIFT WISDOM PREP H S (http://www.uplifteducation.org)
18:56:28 INFO       Found directory at http://www.uplifteducation.org/faculty
18:56:31 INFO       \u2192 0 art teacher(s) found. Status: no_art_teachers_found
18:56:31 INFO       \u2192 0 new staff records saved.
18:56:33 INFO     [132/9192] UPLIFT CRESCENDO PREP PS (http://www.uplifteducation.org)
18:56:38 INFO       Found directory at http://www.uplifteducation.org/faculty
18:56:40 INFO       \u2192 0 art teacher(s) found. Status: no_art_teachers_found
18:56:40 INFO       \u2192 0 new staff records saved.
18:56:43 INFO     [133/9192] UPLIFT ASCEND PREP MIDDLE (http://www.uplifteducation.org)
18:56:47 INFO       Found directory at http://www.uplifteducation.org/faculty
18:56:50 INFO       \u2192 0 art teacher(s) found. Status: no_art_teachers_found
18:56:50 INFO       \u2192 0 new staff records saved.
18:56:52 INFO     [134/9192] UPLIFT WISDOM PREP PS (http://www.uplifteducation.org)
18:56:57 INFO       Found directory at http://www.uplifteducation.org/faculty
18:56:59 INFO       \u2192 0 art teacher(s) found. Status: no_art_teachers_found
18:56:59 INFO       \u2192 0 new staff records saved.
18:57:02 INFO     [135/9192] UPLIFT ASCEND PREP H S (http://www.uplifteducation.org)
18:57:07 INFO       Found directory at http://www.uplifteducation.org/faculty
18:57:09 INFO       \u2192 0 art teacher(s) found. Status: no_art_teachers_found
18:57:09 INFO       \u2192 0 new staff records saved.
18:57:12 INFO     [136/9192] UPLIFT ELEVATE PREP H S (http://www.uplifteducation.org)
18:57:17 INFO       Found directory at http://www.uplifteducation.org/faculty
18:57:19 INFO       \u2192 0 art teacher(s) found. Status: no_art_teachers_found
18:57:19 INFO       \u2192 0 new staff records saved.
18:57:22 INFO     [137/9192] ACADEMY OF ACCELERATED LEARNING (None)
18:57:22 INFO       \u2192 0 art teacher(s) found. Status: no_url
18:57:22 INFO       \u2192 0 new staff records saved.
18:57:24 INFO     [138/9192] CUMBERLAND ACADEMY LOWER EL (http://elem.cumberlandacademy.com/)
18:57:24 INFO       \u2192 0 art teacher(s) found. Status: robots_blocked
18:57:24 INFO       \u2192 0 new staff records saved.
18:57:27 INFO     [139/9192] CUMBERLAND ACADEMY UPPER EL (http://elem.cumberlandacademy.com/)
18:57:27 INFO       \u2192 0 art teacher(s) found. Status: robots_blocked
18:57:27 INFO       \u2192 0 new staff records saved.
18:57:29 INFO     [140/9192] CUMBERLAND H S (http://hs.cumberlandacademy.com/)
18:57:31 INFO       Found directory at http://hs.cumberlandacademy.com/staff
18:57:34 INFO       \u2192 1 art teacher(s) found. Status: ok
18:57:34 INFO       \u2192 1 new staff records saved.
18:57:36 INFO     [141/9192] THE LEADERSHIP ACADEMY (None)
18:57:36 INFO       \u2192 0 art teacher(s) found. Status: no_url
18:57:36 INFO       \u2192 0 new staff records saved.
18:57:39 INFO     [142/9192] CUMBERLAND ACADEMY MIDDLE (http://ms.cumberlandacademy.com/)
18:57:41 INFO       Found directory at http://ms.cumberlandacademy.com/staff
18:57:44 INFO       \u2192 1 art teacher(s) found. Status: ok
18:57:44 INFO       \u2192 1 new staff records saved.
18:57:47 INFO     [143/9192] ALIEF MONTESSORI COMMUNITY SCHOOL (http://amcsmontessori.org)
18:57:53 INFO       Found directory at http://amcsmontessori.org/staff
18:57:54 WARNING    Scrape error for http://amcsmontessori.org: 'NoneType' object has no attribute 'strip'
18:57:54 INFO       \u2192 0 art teacher(s) found. Status: error: 'NoneType' object has no attribute 'strip'
18:57:54 INFO       \u2192 0 new staff records saved.
18:58:04 INFO     [144/9192] HOWARD BURNHAM EL (http://www.burnhamwood.org)
18:58:04 INFO       \u2192 0 art teacher(s) found. Status: robots_blocked
18:58:04 INFO       \u2192 0 new staff records saved.
18:58:07 INFO     [145/9192] DAVINCI SCHOOL FOR SCIENCE AND THE ARTS (http://www.burnhamwood.org)
18:58:07 INFO       \u2192 0 art teacher(s) found. Status: robots_blocked
18:58:07 INFO       \u2192 0 new staff records saved.
18:58:09 INFO     [146/9192] THE LINGUISTIC ACAD OF EL PASO-CULTURAL DEMO SITE (None)
18:58:09 INFO       \u2192 0 art teacher(s) found. Status: no_url
18:58:09 INFO       \u2192 0 new staff records saved.
18:58:12 INFO     [147/9192] ADVANTAGE ACADEMY (http://www.advantageacademy.org)
18:58:36 INFO       \u2192 0 art teacher(s) found. Status: no_directory_found
18:58:36 INFO       \u2192 0 new staff records saved.
18:58:41 INFO     [148/9192] AUDRE AND BERNARD RAPOPORT ACADEMY (http://www.rapoportacademy.org)
18:58:43 INFO       Found directory at http://www.rapoportacademy.org/staff
18:58:45 INFO       \u2192 0 art teacher(s) found. Status: no_art_teachers_found
18:58:45 INFO       \u2192 0 new staff records saved.
18:58:50 INFO     [149/9192] QUINN CAMPUS PUBLIC MIDDLE (http://www.rapoportacademy.org)
18:58:52 INFO       Found directory at http://www.rapoportacademy.org/staff
18:58:55 INFO       \u2192 0 art teacher(s) found. Status: no_art_teachers_found
18:58:55 INFO       \u2192 0 new staff records saved.
18:59:00 INFO     [150/9192] PAUL AND JANE MEYER PUBLIC H S (http://www.rapoportacademy.org)
18:59:01 INFO       Found directory at http://www.rapoportacademy.org/staff
18:59:03 INFO       \u2192 0 art teacher(s) found. Status: no_art_teachers_found
18:59:03 INFO       \u2192 0 new staff records saved.
18:59:08 INFO     [151/9192] WAYSIDE EDEN PARK ACADEMY (http://www.waysideschools.org/epa)
18:59:11 INFO       Found directory at http://www.waysideschools.org/epa/staff
18:59:14 INFO       \u2192 0 art teacher(s) found. Status: no_art_teachers_found
18:59:14 INFO       \u2192 0 new staff records saved.
18:59:16 INFO     [152/9192] WAYSIDE REAL LEARNING ACADEMY (http://www.waysideschools.org/real)
18:59:18 INFO       Found directory at http://www.waysideschools.org/real/staff
18:59:21 INFO       \u2192 0 art teacher(s) found. Status: no_art_teachers_found
18:59:21 INFO       \u2192 0 new staff records saved.
18:59:23 INFO     [153/9192] WAYSIDE SCI-TECH MIDDLE AND H S (http://www.waysideschools.org/stp)
18:59:25 INFO       Found directory at http://www.waysideschools.org/stp/staff
18:59:28 INFO       \u2192 0 art teacher(s) found. Status: no_art_teachers_found
18:59:28 INFO       \u2192 0 new staff records saved.
18:59:30 INFO     [154/9192] WAYSIDE ALTAMIRA ACADEMY (http://www.waysideschools.org/ama)
18:59:32 INFO       Found directory at http://www.waysideschools.org/ama/staff
18:59:35 INFO       \u2192 0 art teacher(s) found. Status: no_art_teachers_found
18:59:35 INFO       \u2192 0 new staff records saved.
18:59:37 INFO     [155/9192] THOMAS BUZBEE VOCATIONAL SCHOOL (http://www.gctcw.org)
18:59:47 INFO       Found directory at http://www.gctcw.org/contact
18:59:48 INFO       \u2192 0 art teacher(s) found. Status: no_art_teachers_found
18:59:48 INFO       \u2192 0 new staff records saved.
18:59:51 INFO     [156/9192] HARRIS COUNTY JUVENILE DETENTION CENTER (None)
18:59:51 INFO       \u2192 0 art teacher(s) found. Status: no_url
18:59:51 INFO       \u2192 0 new staff records saved.
18:59:53 INFO     [157/9192] HARRIS COUNTY YOUTH VILLAGE (None)
18:59:53 INFO       \u2192 0 art teacher(s) found. Status: no_url
18:59:53 INFO       \u2192 0 new staff records saved.
18:59:56 INFO     [158/9192] LEADERSHIP ACADEMY (None)
18:59:56 INFO       \u2192 0 art teacher(s) found. Status: no_url
18:59:56 INFO       \u2192 0 new staff records saved.
18:59:58 INFO     [159/9192] EXCEL ACADEMY EDUCATION TRANSITION CENTER (None)
18:59:58 INFO       \u2192 0 art teacher(s) found. Status: no_url
18:59:58 INFO       \u2192 0 new staff records saved.
19:00:01 INFO     [160/9192] HAYS INSPIRE ACADEMY (http://braination.net)
19:00:07 INFO       Found directory at http://braination.net/contact
19:00:08 INFO       \u2192 0 art teacher(s) found. Status: no_art_teachers_found
19:00:08 INFO       \u2192 0 new staff records saved.
19:00:11 INFO     [161/9192] ROCKDALE INSPIRE ACADEMY (http://braination.net)
19:00:16 INFO       Found directory at http://braination.net/contact
19:00:18 INFO       \u2192 0 art teacher(s) found. Status: no_art_teachers_found
19:00:18 INFO       \u2192 0 new staff records saved.
19:00:21 INFO     [162/9192] ANNE FRANK INSPIRE ACADEMY (http://braination.net)
19:00:26 INFO       Found directory at http://braination.net/contact
19:00:28 INFO       \u2192 0 art teacher(s) found. Status: no_art_teachers_found
19:00:28 INFO       \u2192 0 new staff records saved.
19:00:30 INFO     [163/9192] LEGACY RANCH INSPIRE ACADEMY (http://braination.net)
19:00:36 INFO       Found directory at http://braination.net/contact
19:00:37 INFO       \u2192 0 art teacher(s) found. Status: no_art_teachers_found
19:00:37 INFO       \u2192 0 new staff records saved.
19:00:40 INFO     [164/9192] BELL COUNTY INSPIRE ACADEMY (http://www.braination.net)
19:00:46 INFO       Found directory at http://www.braination.net/contact
19:00:48 INFO       \u2192 0 art teacher(s) found. Status: no_art_teachers_found
19:00:48 INFO       \u2192 0 new staff records saved.
19:00:51 INFO     [165/9192] RISE INSPIRE ACADEMY (http://braination.net)
19:00:56 INFO       Found directory at http://braination.net/contact
19:00:58 INFO       \u2192 0 art teacher(s) found. Status: no_art_teachers_found
19:00:58 INFO       \u2192 0 new staff records saved.
19:01:00 INFO     [166/9192] INNOVA JOY INSPIRE ACADEMY (None)
19:01:00 INFO       \u2192 0 art teacher(s) found. Status: no_url
19:01:00 INFO       \u2192 0 new staff records saved.
19:01:03 INFO     [167/9192] INNOVA MERCY INSPIRE ACADEMY (None)
19:01:03 INFO       \u2192 0 art teacher(s) found. Status: no_url
19:01:03 INFO       \u2192 0 new staff records saved.
19:01:05 INFO     [168/9192] LIFE SCHOOL OAK CLIFF (http://www.lifeschools.net)
19:01:05 INFO       \u2192 0 art teacher(s) found. Status: robots_blocked
19:01:05 INFO       \u2192 0 new staff records saved.
19:01:08 INFO     [169/9192] LIFE SCHOOL RED OAK (http://www.lifeschools.net)
19:01:08 INFO       \u2192 0 art teacher(s) found. Status: robots_blocked
19:01:08 INFO       \u2192 0 new staff records saved.
19:01:10 INFO     [170/9192] LIFE SCHOOL LANCASTER (http://www.lifeschools.net)
19:01:10 INFO       \u2192 0 art teacher(s) found. Status: robots_blocked
19:01:10 INFO       \u2192 0 new staff records saved.
19:01:13 INFO     [171/9192] LIFE SCHOOL CEDAR HILL (http://www.lifeschool.net)
19:01:19 INFO       Found directory at http://www.lifeschool.net/staff-directory
19:01:21 INFO       \u2192 0 art teacher(s) found. Status: no_art_teachers_found
19:01:21 INFO       \u2192 0 new staff records saved.
19:01:51 INFO     [172/9192] LIFE SCHOOL MOUNTAIN CREEK (http://www.lifeschools.net)
19:01:51 INFO       \u2192 0 art teacher(s) found. Status: robots_blocked
19:01:51 INFO       \u2192 0 new staff records saved.
19:01:54 INFO     [173/9192] LIFE H S WAXAHACHIE (http://www.lifeschools.net)
19:01:54 INFO       \u2192 0 art teacher(s) found. Status: robots_blocked
19:01:54 INFO       \u2192 0 new staff records saved.
19:01:56 INFO     [174/9192] LIFE MIDDLE WAXAHACHIE (http://www.lifeschools.net)
19:01:56 INFO       \u2192 0 art teacher(s) found. Status: robots_blocked
19:01:56 INFO       \u2192 0 new staff records saved.
19:01:59 INFO     [175/9192] LIFE SCHOOL CARROLLTON (http://www.lifeschools.net)
19:01:59 INFO       \u2192 0 art teacher(s) found. Status: robots_blocked
19:01:59 INFO       \u2192 0 new staff records saved.
19:02:01 INFO     [176/9192] NYOS LAMAR SECONDARY (http://www.nyos.org)
19:02:11 INFO       Found directory at http://www.nyos.org/administration
19:02:13 INFO       \u2192 0 art teacher(s) found. Status: no_art_teachers_found
19:02:13 INFO       \u2192 0 new staff records saved.
19:02:18 INFO     [177/9192] NYOS LAMAR EL (http://www.nyos.org)
19:02:28 INFO       Found directory at http://www.nyos.org/administration
19:02:30 INFO       \u2192 0 art teacher(s) found. Status: no_art_teachers_found
19:02:30 INFO       \u2192 0 new staff records saved.
19:02:35 INFO     [178/9192] POSITIVE SOLUTIONS CHARTER (http://positivesolutionsinc.net)
19:02:35 INFO       \u2192 0 art teacher(s) found. Status: robots_blocked
19:02:35 INFO       \u2192 0 new staff records saved.
19:02:37 INFO     [179/9192] GREG A GARCIA EARLY COLLEGE INT (http://gageci.newfrontierspublicschools.org/)
19:02:52 INFO       \u2192 0 art teacher(s) found. Status: no_directory_found
19:02:52 INFO       \u2192 0 new staff records saved.
19:02:55 INFO     [180/9192] FRANK L MADLA EARLY COLLEGE H S (http://flmechs.newfrontierspublicschools.org/)
19:03:02 INFO       Found directory at http://flmechs.newfrontierspublicschools.org/contact
19:03:04 INFO       \u2192 0 art teacher(s) found. Status: no_art_teachers_found
19:03:04 INFO       \u2192 0 new staff records saved.
19:03:07 INFO     [181/9192] IMELDA DAVIS EARLY COLLEGE H S (None)
19:03:07 INFO       \u2192 0 art teacher(s) found. Status: no_url
19:03:07 INFO       \u2192 0 new staff records saved.
19:03:09 INFO     [182/9192] LEGACY TRADITIONAL - BASSE PRI (http://texas.legacytraditional.org)
19:03:10 INFO       \u2192 0 art teacher(s) found. Status: robots_blocked
19:03:10 INFO       \u2192 0 new staff records saved.
19:03:13 INFO     [183/9192] LEGACY TRADITIONAL SCHOOL - ALAMO RANCH (http://texas.legacytraditional.org)
19:03:13 INFO       \u2192 0 art teacher(s) found. Status: robots_blocked
19:03:13 INFO       \u2192 0 new staff records saved.
19:03:15 INFO     [184/9192] LEGACY TRADITIONAL SCHOOL - CIBOLO (http://texas.legacytraditional.org)
19:03:15 INFO       \u2192 0 art teacher(s) found. Status: robots_blocked
19:03:15 INFO       \u2192 0 new staff records saved.
19:03:18 INFO     [185/9192] LEGACY TRADITIONAL- BASSE SECONDARY (http://texas.legacytraditional.org)
19:03:18 INFO       \u2192 0 art teacher(s) found. Status: robots_blocked
19:03:18 INFO       \u2192 0 new staff records saved.
19:03:20 INFO     [186/9192] NORTHEAST EL CAMPUS (http://www.swprep.org)
19:03:35 INFO       Found possible directory link: http://www.swprep.org/apps/pages/index.jsp?uREC_ID=1291679&type=d&pREC_ID=1498933
19:03:37 INFO       \u2192 0 art teacher(s) found. Status: no_art_teachers_found
19:03:37 INFO       \u2192 0 new staff records saved.
19:03:42 INFO     [187/9192] SOUTHWEST PREPARATORY SOUTHEAST CAMPUS (http://www.swprep.org)
19:03:57 INFO       Found possible directory link: http://www.swprep.org/apps/pages/index.jsp?uREC_ID=1291679&type=d&pREC_ID=1498933
19:03:59 INFO       \u2192 0 art teacher(s) found. Status: no_art_teachers_found
19:03:59 INFO       \u2192 0 new staff records saved.
19:04:04 INFO     [188/9192] SOUTHWEST PREPARATORY SCHOOL-NORTHWEST (http://www.swprep.org)
19:04:19 INFO       Found possible directory link: http://www.swprep.org/apps/pages/index.jsp?uREC_ID=1291679&type=d&pREC_ID=1498933
19:04:21 INFO       \u2192 0 art teacher(s) found. Status: no_art_teachers_found
19:04:21 INFO       \u2192 0 new staff records saved.
19:04:26 INFO     [189/9192] NORTHEAST CAMPUS (http://www.swprep.org)
19:04:41 INFO       Found possible directory link: http://www.swprep.org/apps/pages/index.jsp?uREC_ID=1291679&type=d&pREC_ID=1498933
19:04:43 INFO       \u2192 0 art teacher(s) found. Status: no_art_teachers_found
19:04:43 INFO       \u2192 0 new staff records saved.
19:04:48 INFO     [190/9192] SOUTHWEST PREP NORTHWEST EL (http://swprep.org)
19:05:05 INFO       \u2192 0 art teacher(s) found. Status: no_directory_found
19:05:05 INFO       \u2192 0 new staff records saved.
19:05:10 INFO     [191/9192] SEGUIN CAMPUS (http://swprep.org)
19:05:25 INFO       \u2192 0 art teacher(s) found. Status: no_directory_found
19:05:25 INFO       \u2192 0 new staff records saved.
19:05:30 INFO     [192/9192] CHAPARRAL STAR ACADEMY (http://www.chaparralstaracademy.com)
19:05:30 INFO       \u2192 0 art teacher(s) found. Status: robots_blocked
19:05:30 INFO       \u2192 0 new staff records saved.
19:05:33 INFO     [193/9192] HORIZON MONTESSORI - STEM ACADEMY (http://www.hmps.net)
19:05:35 INFO       Found directory at http://www.hmps.net/staff
19:05:38 INFO       \u2192 0 art teacher(s) found. Status: no_art_teachers_found
19:05:38 INFO       \u2192 0 new staff records saved.
19:05:40 INFO     [194/9192] HORIZON MONTESSORI II - STEM ACADEMY (http://www.hmps.net)
19:05:42 INFO       Found directory at http://www.hmps.net/staff
19:05:45 INFO       \u2192 0 art teacher(s) found. Status: no_art_teachers_found
19:05:45 INFO       \u2192 0 new staff records saved.
19:05:47 INFO     [195/9192] HORIZON MONTESSORI III - STEM ACADEMY (http://www.hmps.net)
19:05:49 INFO       Found directory at http://www.hmps.net/staff
19:05:51 INFO       \u2192 0 art teacher(s) found. Status: no_art_teachers_found
19:05:51 INFO       \u2192 0 new staff records saved.
19:05:54 INFO     [196/9192] HORIZON MONTESSORI PEARLAND - STEM ACADEMY (http://www.hmps.net/)
19:05:56 INFO       Found directory at http://www.hmps.net/staff
19:05:58 INFO       \u2192 0 art teacher(s) found. Status: no_art_teachers_found
19:05:58 INFO       \u2192 0 new staff records saved.
19:06:01 INFO     [197/9192] TEXAS EMPOWERMENT ACADEMY (http://www.texasempowerment.org)
19:06:01 INFO       \u2192 0 art teacher(s) found. Status: robots_blocked
19:06:01 INFO       \u2192 0 new staff records saved.
19:06:03 INFO     [198/9192] TEXAS EMPOWERMENT ACADEMY EL (None)
19:06:03 INFO       \u2192 0 art teacher(s) found. Status: no_url
19:06:04 INFO       \u2192 0 new staff records saved.
19:06:06 INFO     [199/9192] TREETOPS SCHOOL INTERNATIONAL (None)
19:06:06 INFO       \u2192 0 art teacher(s) found. Status: no_url
19:06:06 INFO       \u2192 0 new staff records saved.
19:06:09 INFO     [200/9192] TWO DIMENSIONS PREPARATORY ACADEMY (http://www.twodimensions.org)
19:06:23 INFO       \u2192 0 art teacher(s) found. Status: no_directory_found
19:06:23 INFO       \u2192 0 new staff records saved.
19:06:28 INFO     [201/9192] TWO DIMENSIONS/VICKERY (http://www.twodimensions.org)
19:06:42 INFO       \u2192 0 art teacher(s) found. Status: no_directory_found
19:06:42 INFO       \u2192 0 new staff records saved.
19:06:47 INFO     [202/9192] TWO DIMENSIONS AT CORSICANA (http://www.twodimensions.org)
19:07:01 INFO       \u2192 0 art teacher(s) found. Status: no_directory_found
19:07:01 INFO       \u2192 0 new staff records saved.
19:07:06 INFO     [203/9192] UNIVERSAL ACADEMY (http://www.universalacademy.com)
19:07:20 INFO       \u2192 0 art teacher(s) found. Status: no_directory_found
19:07:20 INFO       \u2192 0 new staff records saved.
19:07:23 INFO     [204/9192] UNIVERSAL ACADEMY - COPPELL (http://www.universalacademy.com)
19:07:34 INFO       \u2192 0 art teacher(s) found. Status: no_directory_found
19:07:34 INFO       \u2192 0 new staff records saved.
19:07:37 INFO     [205/9192] UNIVERSAL ACADEMY-BARTONVILLE (http://www.universalacademy.com)
19:07:48 INFO       \u2192 0 art teacher(s) found. Status: no_directory_found
19:07:48 INFO       \u2192 0 new staff records saved.
19:07:50 INFO     [206/9192] SETTLEMENT HOME (http://www.utcharter.org)
19:10:45 INFO       \u2192 0 art teacher(s) found. Status: no_directory_found
19:10:45 INFO       \u2192 0 new staff records saved.
19:10:47 INFO     [207/9192] PATHFINDER CAMP (http://www.utcharter.org)
19:10:55 INFO       Found directory at http://www.utcharter.org/staff
19:10:56 INFO       \u2192 0 art teacher(s) found. Status: no_art_teachers_found
19:10:56 INFO       \u2192 0 new staff records saved.
19:10:59 INFO     [208/9192] PATHWAYS 3H CAMPUS (http://www.utcharter.org)
19:11:00 INFO       Found directory at http://www.utcharter.org/staff
19:11:02 INFO       \u2192 0 art teacher(s) found. Status: no_art_teachers_found
19:11:02 INFO       \u2192 0 new staff records saved.
19:11:05 INFO     [209/9192] TNC CAMPUS (TEXAS NEUROREHABILITATION CENTER) (http://www.utcharter.org)
19:11:07 INFO       Found directory at http://www.utcharter.org/staff
19:11:08 INFO       \u2192 0 art teacher(s) found. Status: no_art_teachers_found
19:11:08 INFO       \u2192 0 new staff records saved.
19:11:11 INFO     [210/9192] METHODIST CHILDREN'S HOME (http://www.utcharter.org)
19:11:12 INFO       Found directory at http://www.utcharter.org/staff
19:11:14 INFO       \u2192 0 art teacher(s) found. Status: no_art_teachers_found
19:11:14 INFO       \u2192 0 new staff records saved.
19:11:16 INFO     [211/9192] LAUREL RIDGE (http://www.utcharter.org)
19:11:18 INFO       Found directory at http://www.utcharter.org/staff
19:11:19 INFO       \u2192 0 art teacher(s) found. Status: no_art_teachers_found
19:11:19 INFO       \u2192 0 new staff records saved.
19:11:22 INFO     [212/9192] OLYMPIA HILLS (http://www.utcharter.org)
19:11:23 INFO       Found directory at http://www.utcharter.org/staff
19:11:25 INFO       \u2192 0 art teacher(s) found. Status: no_art_teachers_found
19:11:25 INFO       \u2192 0 new staff records saved.
19:11:28 INFO     [213/9192] HELPING HAND (http://www.utcharter.org)
19:11:29 INFO       Found directory at http://www.utcharter.org/staff
19:11:31 INFO       \u2192 0 art teacher(s) found. Status: no_art_teachers_found
19:11:31 INFO       \u2192 0 new staff records saved.
19:11:33 INFO     [214/9192] UT - UNIVERSITY CHARTER SCHOOL AT HIGH POINT (http://www.utcharter.org)
19:11:35 INFO       Found directory at http://www.utcharter.org/staff
19:11:36 INFO       \u2192 0 art teacher(s) found. Status: no_art_teachers_found
19:11:36 INFO       \u2192 0 new staff records saved.
19:11:39 INFO     [215/9192] GEORGETOWN BEHAVIORAL HEALTH INSTITUTE (http://utcharter.org/)
19:11:49 INFO       Found directory at http://utcharter.org/staff
19:11:51 INFO       \u2192 0 art teacher(s) found. Status: no_art_teachers_found
19:11:51 INFO       \u2192 0 new staff records saved.
19:11:53 INFO     [216/9192] CEDAR CREST (http://www.utcharter.org)
19:11:55 INFO       Found directory at http://www.utcharter.org/staff
19:11:56 INFO       \u2192 0 art teacher(s) found. Status: no_art_teachers_found
19:11:56 INFO       \u2192 0 new staff records saved.
19:11:59 INFO     [217/9192] SJRC TEXAS (http://www.utcharter.org)
19:12:00 INFO       Found directory at http://www.utcharter.org/staff
19:12:02 INFO       \u2192 0 art teacher(s) found. Status: no_art_teachers_found
19:12:02 INFO       \u2192 0 new staff records saved.
19:12:05 INFO     [218/9192] CLEARFORK ACADEMY (http://www.utcharter.org)
19:12:06 INFO       Found directory at http://www.utcharter.org/staff
19:12:08 INFO       \u2192 0 art teacher(s) found. Status: no_art_teachers_found
19:12:08 INFO       \u2192 0 new staff records saved.
19:12:10 INFO     [219/9192] SAFE HAVEN (http://www.utcharter.org)
19:12:12 INFO       Found directory at http://www.utcharter.org/staff
19:12:14 INFO       \u2192 0 art teacher(s) found. Status: no_art_teachers_found
19:12:14 INFO       \u2192 0 new staff records saved.
19:12:16 INFO     [220/9192] CLEARFORK ACADEMY SOUTH (http://www.utcharter.org)
19:12:18 INFO       Found directory at http://www.utcharter.org/staff
19:12:20 INFO       \u2192 0 art teacher(s) found. Status: no_art_teachers_found
19:12:20 INFO       \u2192 0 new staff records saved.
19:12:23 INFO     [221/9192] BOYSVILLE (http://www.utcharter.org)
19:12:25 INFO       Found directory at http://www.utcharter.org/staff
19:12:27 INFO       \u2192 0 art teacher(s) found. Status: no_art_teachers_found
19:12:27 INFO       \u2192 0 new staff records saved.
19:12:29 INFO     [222/9192] BASEPOINT ACADEMY - ARLINGTON (None)
19:12:29 INFO       \u2192 0 art teacher(s) found. Status: no_url
19:12:29 INFO       \u2192 0 new staff records saved.
19:12:32 INFO     [223/9192] BASEPOINT ACADEMY - FORNEY (http://www.utcharter.org)
19:12:33 INFO       Found directory at http://www.utcharter.org/staff
19:12:35 INFO       \u2192 0 art teacher(s) found. Status: no_art_teachers_found
19:12:35 INFO       \u2192 0 new staff records saved.
19:12:37 INFO     [224/9192] NEXUS - WOODLANDS (http://utcharter.org/)
19:12:39 INFO       Found directory at http://utcharter.org/staff
19:12:40 INFO       \u2192 0 art teacher(s) found. Status: no_art_teachers_found
19:12:40 INFO       \u2192 0 new staff records saved.
19:12:43 INFO     [225/9192] NOVA ACADEMY (http://www.NovaAcademy.org)
19:12:58 INFO       \u2192 0 art teacher(s) found. Status: no_directory_found
19:12:58 INFO       \u2192 0 new staff records saved.
19:13:03 INFO     [226/9192] VARNETT CHARTER SCHOOL (http://www.varnett.org)
19:13:17 INFO       \u2192 0 art teacher(s) found. Status: no_directory_found
19:13:17 INFO       \u2192 0 new staff records saved.
19:13:22 INFO     [227/9192] THE VARNETT SCHOOL - NORTHEAST (http://www.varnett.org)
19:13:37 INFO       \u2192 0 art teacher(s) found. Status: no_directory_found
19:13:37 INFO       \u2192 0 new staff records saved.
19:13:42 INFO     [228/9192] THE VARNETT SCHOOL - EAST (http://www.varnett.org)
19:13:57 INFO       \u2192 0 art teacher(s) found. Status: no_directory_found
19:13:57 INFO       \u2192 0 new staff records saved.
19:14:02 INFO     [229/9192] PINEYWOODS COMMUNITY ACADEMY H S (http://pcacharter.net/)
19:14:04 INFO       Found directory at http://pcacharter.net/staff
19:14:06 INFO       \u2192 0 art teacher(s) found. Status: no_art_teachers_found
19:14:06 INFO       \u2192 0 new staff records saved.
19:14:11 INFO     [230/9192] SARAH STRINDEN EL (http://pcacharter.net/)
19:14:12 INFO       Found directory at http://pcacharter.net/staff
19:14:14 INFO       \u2192 0 art teacher(s) found. Status: no_art_teachers_found
19:14:14 INFO       \u2192 0 new staff records saved.
19:14:19 INFO     [231/9192] DR TERRY ROBBINS MIDDLE (http://pcacharter.net/)
19:14:20 INFO       Found directory at http://pcacharter.net/staff
19:14:22 INFO       \u2192 0 art teacher(s) found. Status: no_art_teachers_found
19:14:22 INFO       \u2192 0 new staff records saved.
19:14:27 INFO     [232/9192] RICHARD MILBURN ALTER H S (KILLEEN) (http://www.rmaschools.org)
19:14:35 INFO       Found directory at http://www.rmaschools.org/staff-directory
19:14:36 INFO       \u2192 0 art teacher(s) found. Status: no_art_teachers_found
19:14:36 INFO       \u2192 0 new staff records saved.
19:14:41 INFO     [233/9192] RICHARD MILBURN ACADEMY LUBBOCK (http://www.rmaschools.org)
19:14:44 INFO       Found directory at http://www.rmaschools.org/staff-directory
19:14:46 INFO       \u2192 0 art teacher(s) found. Status: no_art_teachers_found
19:14:46 INFO       \u2192 0 new staff records saved.
19:14:51 INFO     [234/9192] RICHARD MILBURN ACADEMY CORPUS CHRISTI (http://www.rmaschools.org)
19:14:54 INFO       Found directory at http://www.rmaschools.org/staff-directory
19:14:56 INFO       \u2192 0 art teacher(s) found. Status: no_art_teachers_found
19:14:56 INFO       \u2192 0 new staff records saved.
19:15:01 INFO     [235/9192] RICHARD MILBURN ACADEMY AMARILLO (http://www.rmaschools.org)
19:15:04 INFO       Found directory at http://www.rmaschools.org/staff-directory
19:15:06 INFO       \u2192 0 art teacher(s) found. Status: no_art_teachers_found
19:15:06 INFO       \u2192 0 new staff records saved.
19:15:11 INFO     [236/9192] RICHARD MILBURN ACADEMY FORT WORTH (http://www.rmaschools.org)
19:15:14 INFO       Found directory at http://www.rmaschools.org/staff-directory
19:15:15 INFO       \u2192 0 art teacher(s) found. Status: no_art_teachers_found
19:15:15 INFO       \u2192 0 new staff records saved.
19:15:20 INFO     [237/9192] RICHARD MILBURN ACADEMY ODESSA (http://www.rmaschools.org)
19:15:23 INFO       Found directory at http://www.rmaschools.org/staff-directory
19:15:25 INFO       \u2192 0 art teacher(s) found. Status: no_art_teachers_found
19:15:25 INFO       \u2192 0 new staff records saved.
19:15:30 INFO     [238/9192] RICHARD MILBURN ACADEMY HOUSTON (SUBURBAN) (http://www.rmaschools.org)
19:15:33 INFO       Found directory at http://www.rmaschools.org/staff-directory
19:15:35 INFO       \u2192 0 art teacher(s) found. Status: no_art_teachers_found
19:15:35 INFO       \u2192 0 new staff records saved.
19:15:40 INFO     [239/9192] RICHARD MILBURN ACADEMY MIDLAND (http://www.rmaschools.org)
19:15:43 INFO       Found directory at http://www.rmaschools.org/staff-directory
19:15:45 INFO       \u2192 0 art teacher(s) found. Status: no_art_teachers_found
19:15:45 INFO       \u2192 0 new staff records saved.
19:15:50 INFO     [240/9192] RICHARD MILBURN ACADEMY PASADENA (http://www.rmaschools.org)
19:15:53 INFO       Found directory at http://www.rmaschools.org/staff-directory
19:15:54 INFO       \u2192 0 art teacher(s) found. Status: no_art_teachers_found
19:15:54 INFO       \u2192 0 new staff records saved.
19:15:59 INFO     [241/9192] PRIORITY CHARTER SCHOOLS TEMPLE (http://www.prioritycharter.org)
19:16:00 INFO       \u2192 0 art teacher(s) found. Status: robots_blocked
19:16:00 INFO       \u2192 0 new staff records saved.
19:16:03 INFO     [242/9192] PRIORITY CHARTER SCHOOLS COPPERAS COVE (http://www.prioritycharter.org)
19:16:03 INFO       \u2192 0 art teacher(s) found. Status: robots_blocked
19:16:03 INFO       \u2192 0 new staff records saved.
19:16:05 INFO     [243/9192] PRIORITY CHARTER SCHOOLS - KILLEEN (http://prioritycharterschools.org/killeen/)
19:16:22 INFO       \u2192 0 art teacher(s) found. Status: no_directory_found
19:16:22 INFO       \u2192 0 new staff records saved.
19:16:25 INFO     [244/9192] BEXAR COUNTY ACADEMY (http://bexarcountyacademy.org)
19:16:35 INFO       \u2192 0 art teacher(s) found. Status: robots_blocked
19:16:35 INFO       \u2192 0 new staff records saved.
19:16:38 INFO     [245/9192] HERITAGE ACADEMY OF WINDCREST (http://www.heritageacademy.net)
19:17:19 INFO       Found directory at http://www.heritageacademy.net/teachers
19:17:21 INFO       \u2192 0 art teacher(s) found. Status: no_art_teachers_found
19:17:21 INFO       \u2192 0 new staff records saved.
19:17:31 INFO     [246/9192] HERITAGE ACADEMY (http://www.heritageacademy.net)
19:18:02 INFO       Found directory at http://www.heritageacademy.net/teachers
19:18:05 INFO       \u2192 0 art teacher(s) found. Status: no_art_teachers_found
19:18:05 INFO       \u2192 0 new staff records saved.
19:18:15 INFO     [247/9192] HERITAGE ACADEMY OF DEL RIO (http://www.heritageacademy.net)
19:18:45 INFO       Found directory at http://www.heritageacademy.net/teachers
19:18:47 INFO       \u2192 0 art teacher(s) found. Status: no_art_teachers_found
19:18:47 INFO       \u2192 0 new staff records saved.
19:18:57 INFO     [248/9192] HERITAGE ACADEMY OF SAN ANTONIO (http://www.heritageacademy.net)
19:19:28 INFO       Found directory at http://www.heritageacademy.net/teachers
19:19:31 INFO       \u2192 0 art teacher(s) found. Status: no_art_teachers_found
19:19:31 INFO       \u2192 0 new staff records saved.
19:19:41 INFO     [249/9192] HERITAGE ACADEMY OF DEL RIO MIDDLE (http://www.heritageacademy.net)
19:20:13 INFO       Found directory at http://www.heritageacademy.net/teachers
19:20:16 INFO       \u2192 0 art teacher(s) found. Status: no_art_teachers_found
19:20:16 INFO       \u2192 0 new staff records saved.
19:20:26 INFO     [250/9192] BRAZOS SCHOOL FOR INQUIRY AND CREATIVITY BRYAN/COL (http://www.brazosschool.org)
19:20:41 INFO       \u2192 0 art teacher(s) found. Status: no_directory_found
19:20:41 INFO       \u2192 0 new staff records saved.
19:20:46 INFO     [251/9192] BRAZOS SCHOOL FOR INQUIRY AND CREATIVITY TIDWELL (http://www.brazosschool.org)
19:21:01 INFO       \u2192 0 art teacher(s) found. Status: no_directory_found
19:21:01 INFO       \u2192 0 new staff records saved.
19:21:06 INFO     [252/9192] ACADEMY OF DALLAS (http://academyofdallas.com)
19:21:16 INFO       \u2192 0 art teacher(s) found. Status: robots_blocked
19:21:16 INFO       \u2192 0 new staff records saved.
19:21:18 INFO     [253/9192] TRINITY BASIN PREPARATORY - DALLAS (http://trinitybasin.com)
19:21:35 INFO       Found directory at http://trinitybasin.com/directory
19:21:37 INFO       \u2192 0 art teacher(s) found. Status: no_art_teachers_found
19:21:37 INFO       \u2192 0 new staff records saved.
19:21:42 INFO     [254/9192] TRINITY BASIN PREPARATORY - FORT WORTH (http://trinitybasin.com)
19:21:50 INFO       Found directory at http://trinitybasin.com/directory
19:21:52 INFO       \u2192 0 art teacher(s) found. Status: no_art_teachers_found
19:21:52 INFO       \u2192 0 new staff records saved.
19:21:57 INFO     [255/9192] TRINITY BASIN PREPARATORY - MESQUITE (http://TRINITYBASIN.NET)
19:21:57 INFO       \u2192 0 art teacher(s) found. Status: robots_blocked
19:21:57 INFO       \u2192 0 new staff records saved.
19:21:59 INFO     [256/9192] TRINITY BASIN PREPARATORY - ARLINGTON (http://trinitybasin.com)
19:22:07 INFO       Found directory at http://trinitybasin.com/directory
19:22:09 INFO       \u2192 0 art teacher(s) found. Status: no_art_teachers_found
19:22:09 INFO       \u2192 0 new staff records saved.
19:22:14 INFO     [257/9192] TRINITY BASIN PREPARATORY - GRAND PRAIRIE (http://trinitybasin.com)
19:22:22 INFO       Found directory at http://trinitybasin.com/directory
19:22:24 INFO       \u2192 0 art teacher(s) found. Status: no_art_teachers_found
19:22:24 INFO       \u2192 0 new staff records saved.
19:22:29 INFO     [258/9192] TRINITY BASIN PREPARATORY - WEST (http://trinitybasin.com)
19:22:37 INFO       Found directory at http://trinitybasin.com/directory
19:22:39 INFO       \u2192 0 art teacher(s) found. Status: no_art_teachers_found
19:22:39 INFO       \u2192 0 new staff records saved.
19:22:44 INFO     [259/9192] TRINITY BASIN PREPARATORY - SOUTH (http://trinitybasin.com)
19:22:52 INFO       Found directory at http://trinitybasin.com/directory
19:22:54 INFO       \u2192 0 art teacher(s) found. Status: no_art_teachers_found
19:22:54 INFO       \u2192 0 new staff records saved.
19:22:59 INFO     [260/9192] TRINITY BASIN PREPARATORY - TITAN ACADEMY (http://trinitybasin.com)
19:23:07 INFO       Found directory at http://trinitybasin.com/directory
19:23:08 INFO       \u2192 0 art teacher(s) found. Status: no_art_teachers_found
19:23:08 INFO       \u2192 0 new staff records saved.
19:23:13 INFO     [261/9192] DALLAS COUNTY JUVENILE JUSTICE (http://www.dallascounty.org)
19:23:27 INFO       \u2192 0 art teacher(s) found. Status: no_directory_found
19:23:27 INFO       \u2192 0 new staff records saved.
19:23:29 INFO     [262/9192] LETOT CAMPUS (None)
19:23:29 INFO       \u2192 0 art teacher(s) found. Status: no_url
19:23:29 INFO       \u2192 0 new staff records saved.
19:23:32 INFO     [263/9192] MEDLOCK YOUTH VILLAGE (None)
19:23:32 INFO       \u2192 0 art teacher(s) found. Status: no_url
19:23:32 INFO       \u2192 0 new staff records saved.
19:23:34 INFO     [264/9192] DRC CAMPUS (None)
19:23:34 INFO       \u2192 0 art teacher(s) found. Status: no_url
19:23:34 INFO       \u2192 0 new staff records saved.
19:23:37 INFO     [265/9192] JEAN MASSIEU ACADEMY (http://www.jeanmassieu.com)
19:24:02 INFO       \u2192 0 art teacher(s) found. Status: no_directory_found
19:24:02 INFO       \u2192 0 new staff records saved.
19:24:07 INFO     [266/9192] FAITH FAMILY MASTER ACADEMY (http://www.faithfamilyacademy.org)
19:24:34 INFO       \u2192 0 art teacher(s) found. Status: no_directory_found
19:24:34 INFO       \u2192 0 new staff records saved.
19:24:39 INFO     [267/9192] OAK CLIFF FAITH FAMILY ACADEMY (http://www.faithfamilyacademy.org)
19:24:52 INFO       \u2192 0 art teacher(s) found. Status: no_directory_found
19:24:52 INFO       \u2192 0 new staff records saved.
19:24:57 INFO     [268/9192] TRIUMPH PUBLIC HIGH SCHOOLS-EL PASO WEST (http://www.triumphpublicschools.org)
19:25:17 INFO       \u2192 0 art teacher(s) found. Status: no_directory_found
19:25:17 INFO       \u2192 0 new staff records saved.
19:25:19 INFO     [269/9192] TRIUMPH PUBLIC HIGH SCHOOLS-EL PASO EAST (http://www.triumphpublicschools.org)
19:25:39 INFO       \u2192 0 art teacher(s) found. Status: no_directory_found
19:25:39 INFO       \u2192 0 new staff records saved.
19:25:41 INFO     [270/9192] TRIUMPH PUBLIC HIGH SCHOOLS-ABILENE (None)
19:25:41 INFO       \u2192 0 art teacher(s) found. Status: no_url
19:25:41 INFO       \u2192 0 new staff records saved.
19:25:44 INFO     [271/9192] ODYSSEY ACADEMY - GALVESTON (http://www.odyssey-academy.com)
19:25:58 INFO       \u2192 0 art teacher(s) found. Status: no_directory_found
19:25:58 INFO       \u2192 0 new staff records saved.
19:26:01 INFO     [272/9192] ODYSSEY ACADEMY - TEXAS CITY (http://www.odyssey-academy.com)
19:26:14 INFO       \u2192 0 art teacher(s) found. Status: no_directory_found
19:26:14 INFO       \u2192 0 new staff records saved.
19:26:16 INFO     [273/9192] ODYSSEY ACADEMY - WEBSTER (None)
19:26:16 INFO       \u2192 0 art teacher(s) found. Status: no_url
19:26:16 INFO       \u2192 0 new staff records saved.
19:26:19 INFO     [274/9192] DAN CHADWICK CAMPUS (http://www.etchs.net)
19:26:23 INFO       Found directory at http://www.etchs.net/staff
19:26:24 INFO       \u2192 0 art teacher(s) found. Status: no_art_teachers_found
19:26:24 INFO       \u2192 0 new staff records saved.
19:26:29 INFO     [275/9192] AMIGOS POR VIDA-FRIENDS FOR LIFE CHARTER SCHOOL (http://www.amigosporvida.com)
19:27:21 INFO       Found directory at http://www.amigosporvida.com/teachers
19:27:24 INFO       \u2192 1 art teacher(s) found. Status: ok
19:27:24 INFO       \u2192 1 new staff records saved.
19:27:26 INFO     [276/9192] FRIENDS FOR LIFE MIDDLE (None)
19:27:26 INFO       \u2192 0 art teacher(s) found. Status: no_url
19:27:26 INFO       \u2192 0 new staff records saved.
19:27:29 INFO     [277/9192] HOUSTON HEIGHTS CHARTER SCHOOL (None)
19:27:29 INFO       \u2192 0 art teacher(s) found. Status: no_url
19:27:29 INFO       \u2192 0 new staff records saved.
19:27:31 INFO     [278/9192] HOUSTON GATEWAY ACADEMY (None)
19:27:31 INFO       \u2192 0 art teacher(s) found. Status: no_url
19:27:31 INFO       \u2192 0 new staff records saved.
19:27:34 INFO     [279/9192] HOUSTON GATEWAY ACADEMY - CORAL CAMPUS (None)
19:27:34 INFO       \u2192 0 art teacher(s) found. Status: no_url
19:27:34 INFO       \u2192 0 new staff records saved.
19:27:36 INFO     [280/9192] HOUSTON GATEWAY ACADEMY INC ELITE COLLEGE PREP (None)
19:27:36 INFO       \u2192 0 art teacher(s) found. Status: no_url
19:27:36 INFO       \u2192 0 new staff records saved.
19:27:39 INFO     [281/9192] CALVIN NELMS H S (http://www.cnchs.net)
19:27:42 INFO       Found directory at http://www.cnchs.net/staff
19:27:44 INFO       \u2192 1 art teacher(s) found. Status: ok
19:27:44 INFO       \u2192 1 new staff records saved.
19:27:46 INFO     [282/9192] CALVIN NELMS MIDDLE (http://www.cnchs.net)
19:27:48 INFO       Found directory at http://www.cnchs.net/staff
19:27:51 INFO       \u2192 1 art teacher(s) found. Status: ok
19:27:51 INFO       \u2192 1 new staff records saved.
19:27:53 INFO     [283/9192] SOUTHWEST PUBLIC SCHOOLS COLLEGE &CAREER PREP ACAD (http://www.swschools.org)
19:27:55 INFO       Found directory at http://www.swschools.org/staff
19:28:00 INFO       \u2192 0 art teacher(s) found. Status: no_art_teachers_found
19:28:00 INFO       \u2192 0 new staff records saved.
19:28:02 INFO     [284/9192] PHOENIX SCHOOL AT SOUTHWEST SCHOOLS (http://www.swschools.org)
19:28:04 INFO       Found directory at http://www.swschools.org/staff
19:28:08 INFO       \u2192 0 art teacher(s) found. Status: no_art_teachers_found
19:28:08 INFO       \u2192 0 new staff records saved.
19:28:10 INFO     [285/9192] SOUTHWEST PUBLIC SCHOOLS LEAD &GLOBAL STUDIES ACAD (http://www.swschools.org)
19:28:12 INFO       Found directory at http://www.swschools.org/staff
19:28:16 INFO       \u2192 0 art teacher(s) found. Status: no_art_teachers_found
19:28:16 INFO       \u2192 0 new staff records saved.
19:28:18 INFO     [286/9192] SOUTHWEST PUBLIC SCHOOLS INT'L LEADERSHIP ACADEMY (http://www.swschools.org)
19:28:20 INFO       Found directory at http://www.swschools.org/staff
19:28:24 INFO       \u2192 0 art teacher(s) found. Status: no_art_teachers_found
19:28:24 INFO       \u2192 0 new staff records saved.
19:28:26 INFO     [287/9192] SOUTHWEST PUBLIC SCHOOLS VISUAL & PERF ARTS ACAD (http://wwww.swschools.org)
19:28:26 INFO       \u2192 0 art teacher(s) found. Status: robots_blocked
19:28:26 INFO       \u2192 0 new staff records saved.
19:28:29 INFO     [288/9192] COMQUEST ACADEMY (http://www.comquestacademy.org)
19:28:29 INFO       \u2192 0 art teacher(s) found. Status: robots_blocked
19:28:29 INFO       \u2192 0 new staff records saved.
19:28:31 INFO     [289/9192] KATHERINE ANNE PORTER SCHOOL (http://www.kapschool.org)
19:28:33 INFO       Found directory at http://www.kapschool.org/faculty
19:28:35 INFO       \u2192 2 art teacher(s) found. Status: ok
19:28:35 INFO       \u2192 2 new staff records saved.
19:28:38 INFO     [290/9192] TRIUMPH PUBLIC HIGH SCHOOLS-MERCEDES (http://www.triumphpublicschools.org)
19:28:57 INFO       \u2192 0 art teacher(s) found. Status: no_directory_found
19:28:57 INFO       \u2192 0 new staff records saved.
19:28:59 INFO     [291/9192] TRIUMPH PUBLIC HIGH SCHOOLS-MCALLEN (http://www.triumphpublicschools.org)
19:29:19 INFO       \u2192 0 art teacher(s) found. Status: no_directory_found
19:29:19 INFO       \u2192 0 new staff records saved.
19:29:21 INFO     [292/9192] TRIUMPH PUBLIC HIGH SCHOOLS-SAN BENITO (http://www.triumphpublicschools.org)
19:29:41 INFO       \u2192 0 art teacher(s) found. Status: no_directory_found
19:29:41 INFO       \u2192 0 new staff records saved.
19:29:43 INFO     [293/9192] TRIUMPH PUBLIC HIGH SCHOOLS-BROWNSVILLE (http://www.triumphpublicschools.org)
19:30:02 INFO       \u2192 0 art teacher(s) found. Status: no_directory_found
19:30:02 INFO       \u2192 0 new staff records saved.
19:30:05 INFO     [294/9192] TEKOA ACADEMY OF ACCELERATED STUDIES (http://WWW.tekoacharterschool.org)
19:30:19 INFO       \u2192 0 art teacher(s) found. Status: no_directory_found
19:30:19 INFO       \u2192 0 new staff records saved.
19:30:24 INFO     [295/9192] TEKOA ACADEMY OF ACCELERATED STUDIES - ORANGE (http://www.tekoacharterschool.org)
19:30:39 INFO       \u2192 0 art teacher(s) found. Status: no_directory_found
19:30:39 INFO       \u2192 0 new staff records saved.
19:30:44 INFO     [296/9192] TEKOA ACADEMY OF ACCELERATED STUDIES (http://www.tekoacharterschool.org)
19:30:58 INFO       \u2192 0 art teacher(s) found. Status: no_directory_found
19:30:58 INFO       \u2192 0 new staff records saved.
19:31:03 INFO     [297/9192] TEKOA ACADEMY OF ACCELERATED STUDIES (http://www.tekoacharterschool.org)
19:31:16 INFO       \u2192 0 art teacher(s) found. Status: no_directory_found
19:31:16 INFO       \u2192 0 new staff records saved.
19:31:21 INFO     [298/9192] RISE ACADEMY (None)
19:31:21 INFO       \u2192 0 art teacher(s) found. Status: no_url
19:31:21 INFO       \u2192 0 new staff records saved.
19:31:24 INFO     [299/9192] TRIUMPH PUBLIC HIGH SCHOOLS-LUBBOCK (http://www.triumphpublicschools.org)
19:31:43 INFO       \u2192 0 art teacher(s) found. Status: no_directory_found
19:31:43 INFO       \u2192 0 new staff records saved.
19:31:46 INFO     [300/9192] MIDLAND ACADEMY CHARTER SCHOOL (http://MACHARTER.ORG)
19:32:00 INFO       Found directory at http://MACHARTER.ORG/teachers
19:32:02 INFO       \u2192 0 art teacher(s) found. Status: no_art_teachers_found
19:32:02 INFO       \u2192 0 new staff records saved.
19:32:07 INFO     [301/9192] ARLINGTON CLASSICS ACADEMY - ARKANSAS CAMPUS (http://www.acaedu.net)
19:32:33 INFO       \u2192 0 art teacher(s) found. Status: no_directory_found
19:32:33 INFO       \u2192 0 new staff records saved.
19:32:38 INFO     [302/9192] ARLINGTON CLASSICS ACADEMY -INTERMEDIATE (http://www.acaedu.net)
19:32:52 INFO       \u2192 0 art teacher(s) found. Status: no_directory_found
19:32:52 INFO       \u2192 0 new staff records saved.
19:32:57 INFO     [303/9192] ARLINGTON CLASSICS ACADEMY - MIDDLE (http://www.acaedu.net)
19:33:12 INFO       \u2192 0 art teacher(s) found. Status: no_directory_found
19:33:12 INFO       \u2192 0 new staff records saved.
19:33:17 INFO     [304/9192] HUSTON ACADEMY (http://www.hustonacademy.com)
19:33:20 INFO       Found directory at http://www.hustonacademy.com/staff
19:33:23 INFO       \u2192 0 art teacher(s) found. Status: no_art_teachers_found
19:33:23 INFO       \u2192 0 new staff records saved.
19:33:25 INFO     [305/9192] COASTAL HORIZONS ACADEMY (http://www.shorelineacademy.com)
19:33:39 INFO       \u2192 0 art teacher(s) found. Status: no_directory_found
19:33:39 INFO       \u2192 0 new staff records saved.
19:33:42 INFO     [306/9192] IGNITE COMMUNITY SCHOOL - HUNTSVILLE (http://www.responsiveed.com)
19:34:04 INFO       \u2192 0 art teacher(s) found. Status: no_directory_found
19:34:04 INFO       \u2192 0 new staff records saved.
19:34:07 INFO     [307/9192] ISCHOOL VIRTUAL ACADEMY OF TEXAS (http://www.responsiveed.com)
19:34:29 INFO       \u2192 0 art teacher(s) found. Status: no_directory_found
19:34:29 INFO       \u2192 0 new staff records saved.
19:34:31 INFO     [308/9192] AMARILLO COLLEGIATE ACADEMY (http://www.responsiveed.com)
19:34:54 INFO       \u2192 0 art teacher(s) found. Status: no_directory_found
19:34:54 INFO       \u2192 0 new staff records saved.
19:34:57 INFO     [309/9192] FOUNDERS CLASSICAL ACADEMY CORINTH - UPPER SCHOOL (http://www.responsiveed.com)
19:35:17 INFO       \u2192 0 art teacher(s) found. Status: no_directory_found
19:35:17 INFO       \u2192 0 new staff records saved.
19:35:20 INFO     [310/9192] COPPELL CLASSICAL ACADEMY (http://www.responsiveed.com)
19:35:41 INFO       \u2192 0 art teacher(s) found. Status: no_directory_found
19:35:41 INFO       \u2192 0 new staff records saved.
19:35:43 INFO     [311/9192] LEWISVILLE SCHOOL OF SCIENCE AND TECHNOLOGY LOWER (http://www.responsiveed.com)
19:36:04 INFO       \u2192 0 art teacher(s) found. Status: no_directory_found
19:36:04 INFO       \u2192 0 new staff records saved.
19:36:06 INFO     [312/9192] FOUNDERS CLASSICAL ACADEMY- CARROLLTON (http://www.responsiveed.com)
19:36:27 INFO       \u2192 0 art teacher(s) found. Status: no_directory_found
19:36:27 INFO       \u2192 0 new staff records saved.
19:36:30 INFO     [313/9192] QUEST COLLEGIATE ACADEMY - SHENANDOAH (http://www.responsiveed.com)
19:36:50 INFO       \u2192 0 art teacher(s) found. Status: no_directory_found
19:36:50 INFO       \u2192 0 new staff records saved.
19:36:53 INFO     [314/9192] IGNITE COMMUNITY SCHOOL - GARLAND (http://www.responsiveed.com)
19:37:14 INFO       \u2192 0 art teacher(s) found. Status: no_directory_found
19:37:14 INFO       \u2192 0 new staff records saved.
19:37:16 INFO     [315/9192] LEWISVILLE SCHOOL OF SCIENCE AND TECHNOLOGY (http://www.responsiveed.com)
19:37:36 INFO       \u2192 0 art teacher(s) found. Status: no_directory_found
19:37:36 INFO       \u2192 0 new staff records saved.
19:37:39 INFO     [316/9192] FOUNDERS CLASSICAL ACADEMY - LEWISVILLE (http://www.responsiveed.com)
19:37:59 INFO       \u2192 0 art teacher(s) found. Status: no_directory_found
19:37:59 INFO       \u2192 0 new staff records saved.
19:38:02 INFO     [317/9192] IGNITE COMMUNITY SCHOOL - BEAUMONT (http://www.responsiveed.com)
19:38:23 INFO       \u2192 0 art teacher(s) found. Status: no_directory_found
19:38:23 INFO       \u2192 0 new staff records saved.
19:38:25 INFO     [318/9192] FOUNDERS CLASSICAL ACADEMY-TYLER (http://www.responsiveed.com)
19:38:46 INFO       \u2192 0 art teacher(s) found. Status: no_directory_found
19:38:46 INFO       \u2192 0 new staff records saved.
19:38:48 INFO     [319/9192] ISCHOOL HIGH AT UNIVERSITY PARK (http://www.responsiveed.com)
19:39:08 INFO       \u2192 0 art teacher(s) found. Status: no_directory_found
19:39:08 INFO       \u2192 0 new staff records saved.
19:39:11 INFO     [320/9192] IGNITE COMMUNITY SCHOOL - HUMBLE (http://www.responsiveed.com)
19:39:32 INFO       \u2192 0 art teacher(s) found. Status: no_directory_found
19:39:32 INFO       \u2192 0 new staff records saved.
19:39:35 INFO     [321/9192] ISCHOOL HIGH AT THE WOODLANDS (http://www.responsiveed.com)
19:39:56 INFO       \u2192 0 art teacher(s) found. Status: no_directory_found
19:39:56 INFO       \u2192 0 new staff records saved.
19:39:58 INFO     [322/9192] IGNITE COMMUNITY SCHOOL - PASADENA (http://www.responsiveed.com)
19:40:19 INFO       \u2192 0 art teacher(s) found. Status: no_directory_found
19:40:19 INFO       \u2192 0 new staff records saved.
19:40:21 INFO     [323/9192] FOUNDERS CLASSICAL ACADEMY OF LEANDER (http://www.responsiveed.com)
19:40:42 INFO       \u2192 0 art teacher(s) found. Status: no_directory_found
19:40:42 INFO       \u2192 0 new staff records saved.
19:40:45 INFO     [324/9192] DENTON CLASSICAL ACADEMY (http://www.responsiveed.com)
19:41:05 INFO       \u2192 0 art teacher(s) found. Status: no_directory_found
19:41:05 INFO       \u2192 0 new staff records saved.
19:41:08 INFO     [325/9192] FOUNDERS CLASSICAL ACADEMY OF FLOWER MOUND (http://www.responsiveed.com)
19:41:27 INFO       \u2192 0 art teacher(s) found. Status: no_directory_found
19:41:27 INFO       \u2192 0 new staff records saved.
19:41:30 INFO     [326/9192] FOUNDERS CLASSICAL ACADEMY CORINTH (http://www.responsiveed.com)
19:41:50 INFO       \u2192 0 art teacher(s) found. Status: no_directory_found
19:41:50 INFO       \u2192 0 new staff records saved.
19:41:53 INFO     [327/9192] IGNITE COMMUNITY SCHOOL - MAINLAND (http://www.responsiveed.com)
19:42:14 INFO       \u2192 0 art teacher(s) found. Status: no_directory_found
19:42:14 INFO       \u2192 0 new staff records saved.
19:42:16 INFO     [328/9192] IGNITE COMMUNITY SCHOOL - MESQUITE (http://www.responsiveed.com)
19:42:38 INFO       \u2192 0 art teacher(s) found. Status: no_directory_found
19:42:38 INFO       \u2192 0 new staff records saved.
19:42:41 INFO     [329/9192] FOUNDERS CLASSICAL ACADEMY OF SCHERTZ (http://www.responsiveed.com)
19:43:01 INFO       \u2192 0 art teacher(s) found. Status: no_directory_found
19:43:01 INFO       \u2192 0 new staff records saved.
19:43:04 INFO     [330/9192] IGNITE COMMUNITY SCHOOL - FALLBROOK (http://www.responsiveed.com)
19:43:24 INFO       \u2192 0 art teacher(s) found. Status: no_directory_found
19:43:24 INFO       \u2192 0 new staff records saved.
19:43:26 INFO     [331/9192] FOUNDERS CLASSICAL ACADEMY - FRISCO (http://www.responsiveed.com)
19:43:47 INFO       \u2192 0 art teacher(s) found. Status: no_directory_found
19:43:47 INFO       \u2192 0 new staff records saved.
19:43:49 INFO     [332/9192] CLASSICAL ACADEMY - PERMIAN BASIN (http://www.responsiveed.com)
19:44:10 INFO       \u2192 0 art teacher(s) found. Status: no_directory_found
19:44:10 INFO       \u2192 0 new staff records saved.
19:44:12 INFO     [333/9192] EL PASO CLASSICAL ACADEMY (http://www.responsiveed.com)
19:44:33 INFO       \u2192 0 art teacher(s) found. Status: no_directory_found
19:44:33 INFO       \u2192 0 new staff records saved.
19:44:36 INFO     [334/9192] WESTCHASE NEIGHBORHOOD SCHOOL (http://www.responsiveed.com)
19:44:56 INFO       \u2192 0 art teacher(s) found. Status: no_directory_found
19:44:56 INFO       \u2192 0 new staff records saved.
19:44:58 INFO     [335/9192] EASTEX-JENSEN NEIGHBORHOOD SCHOOL (http://www.responsiveed.com)
19:45:18 INFO       \u2192 0 art teacher(s) found. Status: no_directory_found
19:45:18 INFO       \u2192 0 new staff records saved.
19:45:21 INFO     [336/9192] FOUNDERS CLASSICAL ACADEMY - CONROE (http://www.responsiveed.com)
19:45:41 INFO       \u2192 0 art teacher(s) found. Status: no_directory_found
19:45:42 INFO       \u2192 0 new staff records saved.
19:45:44 INFO     [337/9192] IGNITE COMMUNITY SCHOOL-FORT WORTH (http://www.responsiveed.com)
19:46:03 INFO       \u2192 0 art teacher(s) found. Status: no_directory_found
19:46:04 INFO       \u2192 0 new staff records saved.
19:46:06 INFO     [338/9192] FOUNDERS CLASSICAL ACADEMY-BASTROP (http://www.responsiveed.com)
19:46:30 INFO       \u2192 0 art teacher(s) found. Status: no_directory_found
19:46:30 INFO       \u2192 0 new staff records saved.
19:46:33 INFO     [339/9192] ISCHOOL HIGH - ATASCOCITA (http://www.responsiveed.com)
19:46:53 INFO       \u2192 0 art teacher(s) found. Status: no_directory_found
19:46:53 INFO       \u2192 0 new staff records saved.
19:46:56 INFO     [340/9192] FOUNDERS CLASSICAL ACADEMY OF PROSPER (http://www.responsiveed.com)
19:47:16 INFO       \u2192 0 art teacher(s) found. Status: no_directory_found
19:47:17 INFO       \u2192 0 new staff records saved.
19:47:19 INFO     [341/9192] QUEST COLLEGIATE ACADEMY-WHITEWRIGHT (http://www.responsiveed.com)
19:47:39 INFO       \u2192 0 art teacher(s) found. Status: no_directory_found
19:47:39 INFO       \u2192 0 new staff records saved.
19:47:42 INFO     [342/9192] RESPONSIVEED - ONLINE (http://www.responsiveed.com)
19:48:03 INFO       \u2192 0 art teacher(s) found. Status: no_directory_found
19:48:03 INFO       \u2192 0 new staff records saved.
19:48:05 INFO     [343/9192] ISCHOOL-CREEKSIDE (http://www.responsiveed.com)
19:48:25 INFO       \u2192 0 art teacher(s) found. Status: no_directory_found
19:48:25 INFO       \u2192 0 new staff records saved.
19:48:28 INFO     [344/9192] FOUNDERS CLASSICAL ACADEMY - FORT WORTH (None)
19:48:28 INFO       \u2192 0 art teacher(s) found. Status: no_url
19:48:28 INFO       \u2192 0 new staff records saved.
19:48:30 INFO     [345/9192] PLAINVIEW CLASSICAL ACADEMY (http://www.responsiveed.com)
19:48:51 INFO       \u2192 0 art teacher(s) found. Status: no_directory_found
19:48:51 INFO       \u2192 0 new staff records saved.
19:48:54 INFO     [346/9192] RANCH ACADEMY (http://www.raschools.com)
19:48:56 INFO       Found directory at http://www.raschools.com/staff
19:48:57 INFO       \u2192 1 art teacher(s) found. Status: ok
19:48:57 INFO       \u2192 1 new staff records saved.
19:49:00 INFO     [347/9192] TRIUMPH PUBLIC HIGH SCHOOLS-LAREDO NORTH (http://www.triumphpublicschools.org)
19:49:19 INFO       \u2192 0 art teacher(s) found. Status: no_directory_found
19:49:19 INFO       \u2192 0 new staff records saved.
19:49:22 INFO     [348/9192] TRIUMPH PUBLIC HIGH SCHOOLS-LAREDO SOUTH (http://www.triumphpublicschools.org)
19:49:41 INFO       \u2192 0 art teacher(s) found. Status: no_directory_found
19:49:41 INFO       \u2192 0 new staff records saved.
19:49:44 INFO     [349/9192] TRIUMPH PUBLIC HIGH SCHOOLS-SAN ANTONIO (None)
19:49:44 INFO       \u2192 0 art teacher(s) found. Status: no_url
19:49:44 INFO       \u2192 0 new staff records saved.
19:49:46 INFO     [350/9192] ST MARY'S ACADEMY CHARTER SCHOOL (http://smacs.net/)
19:49:58 INFO       \u2192 0 art teacher(s) found. Status: no_directory_found
19:49:58 INFO       \u2192 0 new staff records saved.
19:50:01 INFO     [351/9192] JUBILEE SAN ANTONIO (http://www.jubileeacademies.org/jubilee-san-antonio)
19:50:16 INFO       \u2192 0 art teacher(s) found. Status: no_directory_found
19:50:16 INFO       \u2192 0 new staff records saved.
19:50:19 INFO     [352/9192] JUBILEE HIGHLAND HILLS (http://www.jubileeacademies.org/jubilee-highland-hills)
19:50:34 INFO       \u2192 0 art teacher(s) found. Status: no_directory_found
19:50:34 INFO       \u2192 0 new staff records saved.
19:50:36 INFO     [353/9192] JUBILEE - LAKE VIEW UNIVERSITY PREP (http://www.jubileeacademies.org/jubilee-lake-view)
19:50:51 INFO       \u2192 0 art teacher(s) found. Status: no_directory_found
19:50:51 INFO       \u2192 0 new staff records saved.
19:50:54 INFO     [354/9192] JUBILEE HARLINGEN (http://www.jubileeacademies.org/jubilee-harlingen)
19:51:09 INFO       \u2192 0 art teacher(s) found. Status: no_directory_found
19:51:09 INFO       \u2192 0 new staff records saved.
19:51:12 INFO     [355/9192] JUBILEE KINGSVILLE (http://www.jubileeacademies.org/jubilee-kingsville)
19:51:27 INFO       \u2192 0 art teacher(s) found. Status: no_directory_found
19:51:27 INFO       \u2192 0 new staff records saved.
19:51:29 INFO     [356/9192] JUBILEE LIVING WAY (http://www.jubileeacademies.org/jubilee-livingway)
19:51:44 INFO       \u2192 0 art teacher(s) found. Status: no_directory_found
19:51:44 INFO       \u2192 0 new staff records saved.
19:51:47 INFO     [357/9192] JUBILEE BROWNSVILLE (http://www.jubileeacademies.org/jubilee-brownsville)
19:52:02 INFO       \u2192 0 art teacher(s) found. Status: no_directory_found
19:52:02 INFO       \u2192 0 new staff records saved.
19:52:05 INFO     [358/9192] JUBILEE LEADERSHIP ACADEMY (http://www.jubileeacademies.org/jubilee-leadership-academy)
19:52:20 INFO       \u2192 0 art teacher(s) found. Status: no_directory_found
19:52:20 INFO       \u2192 0 new staff records saved.
19:52:22 INFO     [359/9192] JUBILEE SCHOOL OF INNOVATION AND ARTS (http://www.jubileeacademies.org/jubilee-westwood)
19:52:38 INFO       \u2192 0 art teacher(s) found. Status: no_directory_found
19:52:38 INFO       \u2192 0 new staff records saved.
19:52:40 INFO     [360/9192] JUBILEE WESTWOOD (http://www.jubileeacademies.org/jubilee-westwood)
19:52:54 INFO       \u2192 0 art teacher(s) found. Status: no_directory_found
19:52:54 INFO       \u2192 0 new staff records saved.
19:52:56 INFO     [361/9192] GATEWAY CHARTER ACADEMY (http://www.gatewaycharter.org)
19:53:12 INFO       \u2192 0 art teacher(s) found. Status: no_directory_found
19:53:12 INFO       \u2192 0 new staff records saved.
19:53:17 INFO     [362/9192] GATEWAY CHARTER ACADEMY - MIDDLE - H S (http://www.gatewaycharter.org)
19:53:32 INFO       \u2192 0 art teacher(s) found. Status: no_directory_found
19:53:32 INFO       \u2192 0 new staff records saved.
19:53:37 INFO     [363/9192] EDUCATION CENTER INTERNATIONAL ACADEMY 1 (http://www.eciacharter.com)
19:54:09 INFO       \u2192 0 art teacher(s) found. Status: no_directory_found
19:54:09 INFO       \u2192 0 new staff records saved.
19:54:11 INFO     [364/9192] EDUCATION CENTER INTERNATIONAL ACADEMY 2 (http://www.eciacharter.com)
19:54:23 INFO       \u2192 0 art teacher(s) found. Status: no_directory_found
19:54:23 INFO       \u2192 0 new staff records saved.
19:54:26 INFO     [365/9192] NORTH TEXAS COLLEGIATE ACADEMY-NORTH CAMPUS (http://www.ntxca.org)
19:54:28 INFO       Found directory at http://www.ntxca.org/staff
19:54:29 INFO       \u2192 0 art teacher(s) found. Status: no_art_teachers_found
19:54:29 INFO       \u2192 0 new staff records saved.
19:54:32 INFO     [366/9192] NORTH TEXAS COLLEGIATE ACADEMY-SOUTH CAMPUS (http://www.ntxca.org)
19:54:33 INFO       Found directory at http://www.ntxca.org/staff
19:54:35 INFO       \u2192 0 art teacher(s) found. Status: no_art_teachers_found
19:54:35 INFO       \u2192 0 new staff records saved.
19:54:38 INFO     [367/9192] NORTH TEXAS COLLEGIATE ACADEMY-EAST CAMPUS (http://www.ntxca.org)
19:54:39 INFO       Found directory at http://www.ntxca.org/staff
19:54:41 INFO       \u2192 0 art teacher(s) found. Status: no_art_teachers_found
19:54:41 INFO       \u2192 0 new staff records saved.
19:54:43 INFO     [368/9192] BEATRICE MAYES INSTITUTE CHARTER SCHOOL (None)
19:54:43 INFO       \u2192 0 art teacher(s) found. Status: no_url
19:54:43 INFO       \u2192 0 new staff records saved.
19:54:46 INFO     [369/9192] ACCELERATED INT CHARTER SCHOOL (http://www.aiacharterschools.org)
19:55:08 INFO       \u2192 0 art teacher(s) found. Status: no_directory_found
19:55:08 INFO       \u2192 0 new staff records saved.
19:55:10 INFO     [370/9192] ACCELERATED INTERDISCIPLINARY ACAD (http://www.aiacharterschools.org)
19:55:32 INFO       \u2192 0 art teacher(s) found. Status: no_directory_found
19:55:32 INFO       \u2192 0 new staff records saved.
19:55:35 INFO     [371/9192] AIA LANCASTER EL (http://www.aiacharterschools.org)
19:55:56 INFO       \u2192 0 art teacher(s) found. Status: no_directory_found
19:55:56 INFO       \u2192 0 new staff records saved.
19:55:59 INFO     [372/9192] TEXAS PREPARATORY SCHOOL - AUSTIN CAMPUS (http://www.texasprep.us)
19:55:59 INFO       \u2192 0 art teacher(s) found. Status: robots_blocked
19:55:59 INFO       \u2192 0 new staff records saved.
19:56:01 INFO     [373/9192] VANGUARD REMBRANDT (http://vanguardacademy.edu)
19:56:01 INFO       \u2192 0 art teacher(s) found. Status: robots_blocked
19:56:01 INFO       \u2192 0 new staff records saved.
19:56:04 INFO     [374/9192] VANGUARD PICASSO (None)
19:56:04 INFO       \u2192 0 art teacher(s) found. Status: no_url
19:56:04 INFO       \u2192 0 new staff records saved.
19:56:06 INFO     [375/9192] VANGUARD MOZART (http://vanguardacademy.edu)
19:56:06 INFO       \u2192 0 art teacher(s) found. Status: robots_blocked
19:56:06 INFO       \u2192 0 new staff records saved.
19:56:09 INFO     [376/9192] VANGUARD BEETHOVEN (http://vanguardacademy.edu)
19:56:09 INFO       \u2192 0 art teacher(s) found. Status: robots_blocked
19:56:09 INFO       \u2192 0 new staff records saved.
19:56:11 INFO     [377/9192] VANGUARD VAN GOGH (http://vanguardacademy.edu)
19:56:11 INFO       \u2192 0 art teacher(s) found. Status: robots_blocked
19:56:11 INFO       \u2192 0 new staff records saved.
19:56:14 INFO     [378/9192] VANGUARD MONET (http://vanguardacademy.edu)
19:56:14 INFO       \u2192 0 art teacher(s) found. Status: robots_blocked
19:56:14 INFO       \u2192 0 new staff records saved.
19:56:16 INFO     [379/9192] NOVA ACADEMY PRICHARD (http://www.NovaAcademy.org)
19:56:31 INFO       \u2192 0 art teacher(s) found. Status: no_directory_found
19:56:31 INFO       \u2192 0 new staff records saved.
19:56:36 INFO     [380/9192] WINFREE ACADEMY CHARTER SCHOOL (RICHARDSON) (None)
19:56:36 INFO       \u2192 0 art teacher(s) found. Status: no_url
19:56:36 INFO       \u2192 0 new staff records saved.
19:56:38 INFO     [381/9192] WINFREE ACADEMY CHARTER SCHOOL (IRVING) (None)
19:56:38 INFO       \u2192 0 art teacher(s) found. Status: no_url
19:56:38 INFO       \u2192 0 new staff records saved.
19:56:41 INFO     [382/9192] WINFREE ACADEMY CHARTER SCHOOL (LEWISVILLE) (None)
19:56:41 INFO       \u2192 0 art teacher(s) found. Status: no_url
19:56:41 INFO       \u2192 0 new staff records saved.
19:56:43 INFO     [383/9192] WINFREE ACADEMY CHARTER SCHOOL - GRAND PRAIRIE (None)
19:56:43 INFO       \u2192 0 art teacher(s) found. Status: no_url
19:56:43 INFO       \u2192 0 new staff records saved.
19:56:46 INFO     [384/9192] WINFREE ACADEMY NORTH RICHLAND HILLS (None)
19:56:46 INFO       \u2192 0 art teacher(s) found. Status: no_url
19:56:46 INFO       \u2192 0 new staff records saved.
19:56:48 INFO     [385/9192] WINFREE ACADEMY CHARTER SCHOOL DALLAS (None)
19:56:48 INFO       \u2192 0 art teacher(s) found. Status: no_url
19:56:48 INFO       \u2192 0 new staff records saved.
19:56:51 INFO     [386/9192] A+ ACADEMY EL (http://www.apluscharterschools.org)
19:57:06 INFO       \u2192 0 art teacher(s) found. Status: no_directory_found
19:57:06 INFO       \u2192 0 new staff records saved.
19:57:11 INFO     [387/9192] A+ SECONDARY SCHOOL (http://www.apluscharterschools.org)
19:57:26 INFO       \u2192 0 art teacher(s) found. Status: no_directory_found
19:57:26 INFO       \u2192 0 new staff records saved.
19:57:31 INFO     [388/9192] INSPIRED VISION ACADEMY SECONDARY (None)
19:57:31 INFO       \u2192 0 art teacher(s) found. Status: no_url
19:57:31 INFO       \u2192 0 new staff records saved.
19:57:33 INFO     [389/9192] INSPIRED VISION ACADEMY EL (None)
19:57:33 INFO       \u2192 0 art teacher(s) found. Status: no_url
19:57:33 INFO       \u2192 0 new staff records saved.
19:57:36 INFO     [390/9192] EL PASO ACADEMY (http://www.elpacademy.com)
19:57:38 INFO       Found directory at http://www.elpacademy.com/staff
19:57:40 INFO       \u2192 0 art teacher(s) found. Status: no_art_teachers_found
19:57:40 INFO       \u2192 0 new staff records saved.
19:57:43 INFO     [391/9192] EL PASO ACADEMY WEST (http://www.elpacademy.com)
19:57:44 INFO       Found directory at http://www.elpacademy.com/staff
19:57:46 INFO       \u2192 0 art teacher(s) found. Status: no_art_teachers_found
19:57:46 INFO       \u2192 0 new staff records saved.
19:57:49 INFO     [392/9192] PREMIER HIGH SCHOOL-SAN ANTONIO WINDCREST (http://www.responsiveed.com/premier)
19:58:10 INFO       \u2192 0 art teacher(s) found. Status: no_directory_found
19:58:10 INFO       \u2192 0 new staff records saved.
19:58:12 INFO     [393/9192] PREMIER H S OF BROWNSVILLE (http://www.responsiveed.com/premier)
19:58:34 INFO       \u2192 0 art teacher(s) found. Status: no_directory_found
19:58:34 INFO       \u2192 0 new staff records saved.
19:58:37 INFO     [394/9192] PREMIER H S OF WESLACO (http://www.responsiveed.com/premier)
19:58:59 INFO       \u2192 0 art teacher(s) found. Status: no_directory_found
19:58:59 INFO       \u2192 0 new staff records saved.
19:59:01 INFO     [395/9192] PREMIER H S OF LUBBOCK (http://www.responsiveed.com/premier)
19:59:23 INFO       \u2192 0 art teacher(s) found. Status: no_directory_found
19:59:23 INFO       \u2192 0 new staff records saved.
19:59:25 INFO     [396/9192] PREMIER H S OF WACO (http://www.responsiveed.com/premier)
19:59:46 INFO       \u2192 0 art teacher(s) found. Status: no_directory_found
19:59:46 INFO       \u2192 0 new staff records saved.
19:59:48 INFO     [397/9192] PREMIER H S OF MIDLAND (http://www.responsiveed.com/premier)
20:00:10 INFO       \u2192 0 art teacher(s) found. Status: no_directory_found
20:00:10 INFO       \u2192 0 new staff records saved.
20:00:12 INFO     [398/9192] PREMIER H S OF TYLER (http://www.responsiveed.com/premier)
20:00:36 INFO       \u2192 0 art teacher(s) found. Status: no_directory_found
20:00:36 INFO       \u2192 0 new staff records saved.
20:00:38 INFO     [399/9192] PREMIER H S OF FORT WORTH (http://www.responsiveed.com/premier)
20:01:00 INFO       \u2192 0 art teacher(s) found. Status: no_directory_found
20:01:00 INFO       \u2192 0 new staff records saved.
20:01:02 INFO     [400/9192] PREMIER H S OF ABILENE (http://www.responsiveed.com/premier)
20:01:23 INFO       \u2192 0 art teacher(s) found. Status: no_directory_found
20:01:23 INFO       \u2192 0 new staff records saved.
20:01:26 INFO     [401/9192] PREMIER H S OF DEL RIO (http://www.responsiveed.com/premier)
20:01:50 INFO       \u2192 0 art teacher(s) found. Status: no_directory_found
20:01:50 INFO       \u2192 0 new staff records saved.
20:01:53 INFO     [402/9192] PREMIER H S OF LAREDO (http://www.responsiveed.com)
20:02:13 INFO       \u2192 0 art teacher(s) found. Status: no_directory_found
20:02:13 INFO       \u2192 0 new staff records saved.
20:02:16 INFO     [403/9192] PREMIER H S OF COMANCHE/EARLY (http://www.responsiveed.com/premier)
20:02:37 INFO       \u2192 0 art teacher(s) found. Status: no_directory_found
20:02:37 INFO       \u2192 0 new staff records saved.
20:02:39 INFO     [404/9192] PREMIER HIGH SCHOOL-AUSTIN SOUTH CAMPUS (http://www.responsiveed.com/premier)
20:03:00 INFO       \u2192 0 art teacher(s) found. Status: no_directory_found
20:03:00 INFO       \u2192 0 new staff records saved.
20:03:03 INFO     [405/9192] PREMIER H S OF MISSION (http://www.responsiveed.com/premier)
20:03:23 INFO       \u2192 0 art teacher(s) found. Status: no_directory_found
20:03:23 INFO       \u2192 0 new staff records saved.
20:03:26 INFO     [406/9192] PREMIER H S OF PALMVIEW (http://www.responsiveed.com/premier)
20:03:47 INFO       \u2192 0 art teacher(s) found. Status: no_directory_found
20:03:47 INFO       \u2192 0 new staff records saved.
20:03:49 INFO     [407/9192] PREMIER HIGH SCHOOL-AUSTIN WELLS BRANCH (http://www.responsiveed.com/premier)
20:04:10 INFO       \u2192 0 art teacher(s) found. Status: no_directory_found
20:04:10 INFO       \u2192 0 new staff records saved.
20:04:13 INFO     [408/9192] PREMIER HIGH SCHOOL-EL PASO MESA (http://www.responsiveed.com/premier)
20:04:34 INFO       \u2192 0 art teacher(s) found. Status: no_directory_found
20:04:34 INFO       \u2192 0 new staff records saved.
20:04:36 INFO     [409/9192] PREMIER H S OF SAN JUAN (http://www.responsiveed.com/premier)
20:04:57 INFO       \u2192 0 art teacher(s) found. Status: no_directory_found
20:04:57 INFO       \u2192 0 new staff records saved.
20:04:59 INFO     [410/9192] PREMIER H S OF NEW BRAUNFELS (http://www.responsiveed.com/premier)
20:05:20 INFO       \u2192 0 art teacher(s) found. Status: no_directory_found
20:05:20 INFO       \u2192 0 new staff records saved.
20:05:23 INFO     [411/9192] PREMIER H S OF ARLINGTON (http://www.responsiveed.com/premier)
20:05:43 INFO       \u2192 0 art teacher(s) found. Status: no_directory_found
20:05:43 INFO       \u2192 0 new staff records saved.
20:05:46 INFO     [412/9192] PREMIER H S OF HUNTSVILLE (http://www.responsiveed.com/premier)
20:06:08 INFO       \u2192 0 art teacher(s) found. Status: no_directory_found
20:06:08 INFO       \u2192 0 new staff records saved.
20:06:10 INFO     [413/9192] PREMIER H S OF GRANBURY (http://www.responsiveed.com/premier)
20:06:33 INFO       \u2192 0 art teacher(s) found. Status: no_directory_found
20:06:33 INFO       \u2192 0 new staff records saved.
20:06:35 INFO     [414/9192] PREMIER H S OF DAYTON (http://www.responsiveed.com/premier)
20:06:57 INFO       \u2192 0 art teacher(s) found. Status: no_directory_found
20:06:57 INFO       \u2192 0 new staff records saved.
20:06:59 INFO     [415/9192] PREMIER H S OF AMARILLO (http://responsiveed.com/premier)
20:07:22 INFO       \u2192 0 art teacher(s) found. Status: no_directory_found
20:07:22 INFO       \u2192 0 new staff records saved.
20:07:24 INFO     [416/9192] PREMIER H S OF PFLUGERVILLE (http://www.responsiveed.com/premier)
20:07:45 INFO       \u2192 0 art teacher(s) found. Status: no_directory_found
20:07:45 INFO       \u2192 0 new staff records saved.
20:07:48 INFO     [417/9192] PREMIER HIGH SCHOOLS - EDINBURG CAREER & TECHNICAL (http://www.responsiveed.com/premier)
20:08:09 INFO       \u2192 0 art teacher(s) found. Status: no_directory_found
20:08:09 INFO       \u2192 0 new staff records saved.
20:08:11 INFO     [418/9192] PREMIER HIGH SCHOOL-EL PASO EASTPOINTE (http://www.responsiveed.com/premier)
20:08:34 INFO       \u2192 0 art teacher(s) found. Status: no_directory_found
20:08:34 INFO       \u2192 0 new staff records saved.
20:08:37 INFO     [419/9192] PREMIER H S ONLINE (http://www.responsiveed.com/premier)
20:08:58 INFO       \u2192 0 art teacher(s) found. Status: no_directory_found
20:08:58 INFO       \u2192 0 new staff records saved.
20:09:00 INFO     [420/9192] PREMIER H S-HOUSTON (CHAMPIONS) (http://www.responsiveed.com/premier)
20:09:22 INFO       \u2192 0 art teacher(s) found. Status: no_directory_found
20:09:22 INFO       \u2192 0 new staff records saved.
20:09:24 INFO     [421/9192] PREMIER H S OF TEXARKANA (http://www.responsiveed.com/premier)
20:09:46 INFO       \u2192 0 art teacher(s) found. Status: no_directory_found
20:09:46 INFO       \u2192 0 new staff records saved.
20:09:48 INFO     [422/9192] PREMIER HIGH SCHOOL-SAN ANTONIO INGRAM (http://www.responsiveed.com/premier)
20:10:09 INFO       \u2192 0 art teacher(s) found. Status: no_directory_found
20:10:09 INFO       \u2192 0 new staff records saved.
20:10:12 INFO     [423/9192] PREMIER H S - SAN ANGELO (http://www.responsiveed.com/premier)
20:10:33 INFO       \u2192 0 art teacher(s) found. Status: no_directory_found
20:10:33 INFO       \u2192 0 new staff records saved.
20:10:35 INFO     [424/9192] FOUNDATION SCHOOL OF AUTISM - SAN ANTONIO (http://www.responsiveed.com/premier)
20:10:56 INFO       \u2192 0 art teacher(s) found. Status: no_directory_found
20:10:56 INFO       \u2192 0 new staff records saved.
20:10:59 INFO     [425/9192] PREMIER H S ODESSA (http://www.responsiveed.com/premier)
20:11:20 INFO       \u2192 0 art teacher(s) found. Status: no_directory_found
20:11:20 INFO       \u2192 0 new staff records saved.
20:11:22 INFO     [426/9192] PREMIER H S HOUSTON GALLERY NORTH (http://www.responsiveed.com/premier)
20:11:43 INFO       \u2192 0 art teacher(s) found. Status: no_directory_found
20:11:43 INFO       \u2192 0 new staff records saved.
20:11:45 INFO     [427/9192] PREMIER HIGH SCHOOL-CANYON (http://www.responsiveed.com/premier)
20:12:06 INFO       \u2192 0 art teacher(s) found. Status: no_directory_found
20:12:06 INFO       \u2192 0 new staff records saved.
20:12:08 INFO     [428/9192] PREMIER H S-FOUNDATION SCHOOL OF AUTISM-PLANO (http://www.responsiveed.com/premier)
20:12:29 INFO       \u2192 0 art teacher(s) found. Status: no_directory_found
20:12:29 INFO       \u2192 0 new staff records saved.
20:12:31 INFO     [429/9192] PREMIER H S - HOUSTON - HOBBY (http://www.responsiveed.com/premier)
20:12:53 INFO       \u2192 0 art teacher(s) found. Status: no_directory_found
20:12:53 INFO       \u2192 0 new staff records saved.
20:12:55 INFO     [430/9192] PREMIER H S - CORPUS CHRISTI (http://www.responsiveed.com/premier)
20:13:17 INFO       \u2192 0 art teacher(s) found. Status: no_directory_found
20:13:17 INFO       \u2192 0 new staff records saved.
20:13:19 INFO     [431/9192] PREMIER H S - LUBBOCK (BRIERCROFT) (http://www.responsiveed.com/premier)
20:13:41 INFO       \u2192 0 art teacher(s) found. Status: no_directory_found
20:13:41 INFO       \u2192 0 new staff records saved.
20:13:43 INFO     [432/9192] PREMIER H S - WICHITA FALLS (http://www.responsiveed.com/premier)
20:14:04 INFO       \u2192 0 art teacher(s) found. Status: no_directory_found
20:14:04 INFO       \u2192 0 new staff records saved.
20:14:06 INFO     [433/9192] PREMIER H S - LONGVIEW (http://www.responsiveed.com/premier)
20:14:28 INFO       \u2192 0 art teacher(s) found. Status: no_directory_found
20:14:28 INFO       \u2192 0 new staff records saved.
20:14:30 INFO     [434/9192] PREMIER H S - HOUSTON (SHARPSTOWN) (http://www.responsiveed.com/premier)
20:14:52 INFO       \u2192 0 art teacher(s) found. Status: no_directory_found
20:14:52 INFO       \u2192 0 new staff records saved.
20:14:55 INFO     [435/9192] PREMIER H S - FORT WORTH (SOUTHSIDE) (http://www.responsiveed.com/premier)
20:15:17 INFO       \u2192 0 art teacher(s) found. Status: no_directory_found
20:15:17 INFO       \u2192 0 new staff records saved.
20:15:19 INFO     [436/9192] PREMIER H S - FORT WORTH (JACKSBORO) (http://www.responsiveed.com/premier)
20:15:40 INFO       \u2192 0 art teacher(s) found. Status: no_directory_found
20:15:40 INFO       \u2192 0 new staff records saved.
20:15:43 INFO     [437/9192] PREMIER H S - DESOTO (http://www.responsiveed.com/premier)
20:16:04 INFO       \u2192 0 art teacher(s) found. Status: no_directory_found
20:16:04 INFO       \u2192 0 new staff records saved.
20:16:06 INFO     [438/9192] PREMIER H S MESQUITE (http://www.responsiveed.com/premier)
20:16:27 INFO       \u2192 0 art teacher(s) found. Status: no_directory_found
20:16:27 INFO       \u2192 0 new staff records saved.
20:16:29 INFO     [439/9192] PREMIER H S - HOUSTON (GREENSPOINT) (http://www.responsiveed.com/premier)
20:16:51 INFO       \u2192 0 art teacher(s) found. Status: no_directory_found
20:16:51 INFO       \u2192 0 new staff records saved.
20:16:53 INFO     [440/9192] YES PREP - SOUTHEAST (http://southeast.yesprep.org)
20:17:15 INFO       Found directory at http://southeast.yesprep.org/about-us/staff
20:17:17 INFO       \u2192 0 art teacher(s) found. Status: no_art_teachers_found
20:17:17 INFO       \u2192 0 new staff records saved.
20:17:22 INFO     [441/9192] YES PREP - NORTH CENTRAL (http://northcentral.yesprep.org)
20:17:43 INFO       Found directory at http://northcentral.yesprep.org/about-us/staff
20:17:44 INFO       \u2192 0 art teacher(s) found. Status: no_art_teachers_found
20:17:44 INFO       \u2192 0 new staff records saved.
20:17:49 INFO     [442/9192] YES PREP - SOUTHWEST (http://southwest.yesprep.org)
20:18:12 INFO       Found directory at http://southwest.yesprep.org/about-us/staff
20:18:14 INFO       \u2192 0 art teacher(s) found. Status: no_art_teachers_found
20:18:14 INFO       \u2192 0 new staff records saved.
20:18:19 INFO     [443/9192] YES PREP - EAST END (http://eastend.yesprep.org)
20:18:42 INFO       Found directory at http://eastend.yesprep.org/about-us/staff
20:18:44 INFO       \u2192 0 art teacher(s) found. Status: no_art_teachers_found
20:18:44 INFO       \u2192 0 new staff records saved.
20:18:49 INFO     [444/9192] YES PREP - GULFTON (http://gulfton.yesprep.org)
20:19:10 INFO       Found directory at http://gulfton.yesprep.org/about-us/staff
20:19:12 INFO       \u2192 0 art teacher(s) found. Status: no_art_teachers_found
20:19:12 INFO       \u2192 0 new staff records saved.
20:19:17 INFO     [445/9192] YES PREP - BRAYS OAKS (http://braysoaks.yesprep.org)
20:19:38 INFO       Found directory at http://braysoaks.yesprep.org/about-us/staff
20:19:40 INFO       \u2192 0 art teacher(s) found. Status: no_art_teachers_found
20:19:40 INFO       \u2192 0 new staff records saved.
20:19:45 INFO     [446/9192] YES PREP - WEST (http://west.yesprep.org)
20:20:08 INFO       Found directory at http://west.yesprep.org/about-us/staff
20:20:10 INFO       \u2192 0 art teacher(s) found. Status: no_art_teachers_found
20:20:10 INFO       \u2192 0 new staff records saved.
20:20:15 INFO     [447/9192] YES PREP - NORTHSIDE (http://northside.yesprep.org)
20:20:39 INFO       Found directory at http://northside.yesprep.org/about-us/staff
20:20:41 INFO       \u2192 0 art teacher(s) found. Status: no_art_teachers_found
20:20:41 INFO       \u2192 0 new staff records saved.
20:20:46 INFO     [448/9192] YES PREP - 5TH WARD (http://fifthward.yesprep.org)
20:21:10 INFO       Found directory at http://fifthward.yesprep.org/about-us/staff
20:21:12 INFO       \u2192 0 art teacher(s) found. Status: no_art_teachers_found
20:21:12 INFO       \u2192 0 new staff records saved.
20:21:17 INFO     [449/9192] YES PREP - WHITE OAK (http://whiteoak.yesprep.org)
20:21:39 INFO       Found directory at http://whiteoak.yesprep.org/about-us/staff
20:21:41 INFO       \u2192 0 art teacher(s) found. Status: no_art_teachers_found
20:21:41 INFO       \u2192 0 new staff records saved.
20:21:46 INFO     [450/9192] YES PREP NORTH FOREST (http://northforest.yesprep.org)
20:22:10 INFO       Found directory at http://northforest.yesprep.org/about-us/staff
20:22:12 INFO       \u2192 0 art teacher(s) found. Status: no_art_teachers_found
20:22:12 INFO       \u2192 0 new staff records saved.
20:22:17 INFO     [451/9192] YES PREP - SOUTHSIDE (http://southside.yesprep.org)
20:22:42 INFO       Found directory at http://southside.yesprep.org/about-us/staff
20:22:44 INFO       \u2192 0 art teacher(s) found. Status: no_art_teachers_found
20:22:44 INFO       \u2192 0 new staff records saved.
20:22:49 INFO     [452/9192] YES PREP - NORTHLINE (http://northline.yesprep.org)
20:23:15 INFO       Found directory at http://northline.yesprep.org/about-us/staff
20:23:17 INFO       \u2192 0 art teacher(s) found. Status: no_art_teachers_found
20:23:17 INFO       \u2192 0 new staff records saved.
20:23:22 INFO     [453/9192] YES PREP - NORTHWEST (http://northwest.yesprep.org)
20:23:44 INFO       Found directory at http://northwest.yesprep.org/about-us/staff
20:23:46 INFO       \u2192 0 art teacher(s) found. Status: no_art_teachers_found
20:23:46 INFO       \u2192 0 new staff records saved.
20:23:51 INFO     [454/9192] YES PREP - HOBBY (http://hobby.yesprep.org)
20:24:14 INFO       Found directory at http://hobby.yesprep.org/about-us/staff
20:24:16 INFO       \u2192 0 art teacher(s) found. Status: no_art_teachers_found
20:24:16 INFO       \u2192 0 new staff records saved.
20:24:21 INFO     [455/9192] NORTH CENTRAL EL (http://northcentrales.yesprep.org)
20:24:43 INFO       Found directory at http://northcentrales.yesprep.org/about-us/staff
20:24:45 INFO       \u2192 0 art teacher(s) found. Status: no_art_teachers_found
20:24:45 INFO       \u2192 0 new staff records saved.
20:24:50 INFO     [456/9192] SOUTHEAST EL (http://southeastes.yesprep.org)
20:25:13 INFO       Found directory at http://southeastes.yesprep.org/about-us/staff
20:25:14 INFO       \u2192 0 art teacher(s) found. Status: no_art_teachers_found
20:25:14 INFO       \u2192 0 new staff records saved.
20:25:19 INFO     [457/9192] NORTH FOREST EL (http://yesprep.org)
20:25:31 INFO       Found directory at http://yesprep.org/contact
20:25:33 INFO       \u2192 0 art teacher(s) found. Status: no_art_teachers_found
20:25:33 INFO       \u2192 0 new staff records saved.
20:25:38 INFO     [458/9192] SOUTHSIDE EL (http://southsidees.yesprep.org)
20:25:59 INFO       Found directory at http://southsidees.yesprep.org/about-us/staff
20:26:01 INFO       \u2192 0 art teacher(s) found. Status: no_art_teachers_found
20:26:01 INFO       \u2192 0 new staff records saved.
20:26:06 INFO     [459/9192] YES PREP EAST END EL (http://eastendes.yesprep.org)
20:26:28 INFO       Found directory at http://eastendes.yesprep.org/about-us/staff
20:26:30 INFO       \u2192 0 art teacher(s) found. Status: no_art_teachers_found
20:26:30 INFO       \u2192 0 new staff records saved.
20:26:35 INFO     [460/9192] YES PREP AIRLINE EL (http://airlinees.yesprep.org)
20:27:01 INFO       Found directory at http://airlinees.yesprep.org/about-us/staff
20:27:03 INFO       \u2192 0 art teacher(s) found. Status: no_art_teachers_found
20:27:03 INFO       \u2192 0 new staff records saved.
20:27:08 INFO     [461/9192] YES PREP SOUTHWEST OAKS EL (None)
20:27:08 INFO       \u2192 0 art teacher(s) found. Status: no_url
20:27:08 INFO       \u2192 0 new staff records saved.
20:27:10 INFO     [462/9192] YES PREP NORTH RANKIN EL (None)
20:27:10 INFO       \u2192 0 art teacher(s) found. Status: no_url
20:27:10 INFO       \u2192 0 new staff records saved.
20:27:13 INFO     [463/9192] YES PREP HOBBY EL (None)
20:27:13 INFO       \u2192 0 art teacher(s) found. Status: no_url
20:27:13 INFO       \u2192 0 new staff records saved.
20:27:15 INFO     [464/9192] HARMONY SCIENCE ACADEMY-HOUSTON (http://hsahouston.harmonytx.org)
20:27:19 INFO       Found directory at http://hsahouston.harmonytx.org/staff
20:27:21 INFO       \u2192 0 art teacher(s) found. Status: no_art_teachers_found
20:27:21 INFO       \u2192 0 new staff records saved.
20:27:26 INFO     [465/9192] HARMONY SCHOOL OF INNOVATION - HOUSTON (http://hsihouston.harmonytx.org/)
20:27:31 INFO       Found directory at http://hsihouston.harmonytx.org/staff
20:27:33 INFO       \u2192 0 art teacher(s) found. Status: no_art_teachers_found
20:27:33 INFO       \u2192 0 new staff records saved.
20:27:38 INFO     [466/9192] HARMONY SCHOOL OF INGENUITY-HOUSTON (http://hsingenuity.harmonytx.org/)
20:27:42 INFO       Found directory at http://hsingenuity.harmonytx.org/staff
20:27:44 INFO       \u2192 0 art teacher(s) found. Status: no_art_teachers_found
20:27:44 INFO       \u2192 0 new staff records saved.
20:27:49 INFO     [467/9192] HARMONY SCHOOL OF FINE ARTS AND TECHNOLOGY-HOUSTON (http://hsart.harmonytx.org/)
20:27:53 INFO       Found directory at http://hsart.harmonytx.org/staff
20:27:54 INFO       \u2192 0 art teacher(s) found. Status: no_art_teachers_found
20:27:54 INFO       \u2192 0 new staff records saved.
20:27:59 INFO     [468/9192] HARMONY SCHOOL OF EXPLORATION- HOUSTON (http://hehouston.harmonytx.org/)
20:28:04 INFO       Found directory at http://hehouston.harmonytx.org/staff
20:28:06 INFO       \u2192 0 art teacher(s) found. Status: no_art_teachers_found
20:28:06 INFO       \u2192 0 new staff records saved.
20:28:11 INFO     [469/9192] HARMONY VIRTUAL ACADEMY (None)
20:28:11 INFO       \u2192 0 art teacher(s) found. Status: no_url
20:28:11 INFO       \u2192 0 new staff records saved.
20:28:13 INFO     [470/9192] IDEA COLLEGE PREP (http://www.ideapublicschools.org)
20:28:40 INFO       \u2192 0 art teacher(s) found. Status: no_directory_found
20:28:40 INFO       \u2192 0 new staff records saved.
20:28:43 INFO     [471/9192] IDEA FRONTIER ACADEMY (http://ideapublicschools.org/our-schools/idea-frontier/)
20:28:46 INFO       Found directory at http://ideapublicschools.org/our-schools/idea-frontier/staff
20:28:48 INFO       \u2192 0 art teacher(s) found. Status: no_art_teachers_found
20:28:48 INFO       \u2192 0 new staff records saved.
20:28:50 INFO     [472/9192] IDEA QUEST ACADEMY (http://ideapublicschools.org/our-schools/idea-quest/)
20:28:54 INFO       Found directory at http://ideapublicschools.org/our-schools/idea-quest/staff
20:28:56 INFO       \u2192 0 art teacher(s) found. Status: no_art_teachers_found
20:28:56 INFO       \u2192 0 new staff records saved.
20:28:58 INFO     [473/9192] IDEA ACADEMY (http://ideapublicschools.org/our-schools/idea-donna/)
20:29:01 INFO       Found directory at http://ideapublicschools.org/our-schools/idea-donna/staff
20:29:03 INFO       \u2192 0 art teacher(s) found. Status: no_art_teachers_found
20:29:03 INFO       \u2192 0 new staff records saved.
20:29:06 INFO     [474/9192] IDEA QUEST COLLEGE PREPARATORY (http://ideapublicschools.org/our-schools/idea-quest/)
20:29:10 INFO       Found directory at http://ideapublicschools.org/our-schools/idea-quest/staff
20:29:12 INFO       \u2192 0 art teacher(s) found. Status: no_art_teachers_found
20:29:12 INFO       \u2192 0 new staff records saved.
20:29:15 INFO     [475/9192] IDEA FRONTIER COLLEGE PREPARATORY (http://ideapublicschools.org/our-schools/idea-frontier/)
20:29:17 INFO       Found directory at http://ideapublicschools.org/our-schools/idea-frontier/staff
20:29:19 INFO       \u2192 0 art teacher(s) found. Status: no_art_teachers_found
20:29:19 INFO       \u2192 0 new staff records saved.
20:29:22 INFO     [476/9192] IDEA ACADEMY SAN JUAN (http://ideapublicschools.org/our-schools/idea-san-juan/)
20:29:25 INFO       Found directory at http://ideapublicschools.org/our-schools/idea-san-juan/staff
20:29:26 INFO       \u2192 0 art teacher(s) found. Status: no_art_teachers_found
20:29:26 INFO       \u2192 0 new staff records saved.
20:29:29 INFO     [477/9192] IDEA ACADEMY SAN BENITO (http://ideapublicschools.org/our-schools/idea-san-benito/)
20:29:32 INFO       Found directory at http://ideapublicschools.org/our-schools/idea-san-benito/staff
20:29:33 INFO       \u2192 0 art teacher(s) found. Status: no_art_teachers_found
20:29:33 INFO       \u2192 0 new staff records saved.
20:29:36 INFO     [478/9192] IDEA COLLEGE PREPARATORY SAN JUAN (http://ideapublicschools.org/our-schools/idea-san-juan/)
20:29:38 INFO       Found directory at http://ideapublicschools.org/our-schools/idea-san-juan/staff
20:29:39 INFO       \u2192 0 art teacher(s) found. Status: no_art_teachers_found
20:29:39 INFO       \u2192 0 new staff records saved.
20:29:42 INFO     [479/9192] IDEA COLLEGE PREPARATORY MISSION (http://ideapublicschools.org/our-schools/idea-mission/)
20:29:45 INFO       Found directory at http://ideapublicschools.org/our-schools/idea-mission/staff
20:29:47 INFO       \u2192 0 art teacher(s) found. Status: no_art_teachers_found
20:29:47 INFO       \u2192 0 new staff records saved.
20:29:50 INFO     [480/9192] IDEA COLLEGE PREPARATORY SAN BENITO (http://ideapublicschools.org/our-schools/idea-san-benito/)
20:29:53 INFO       Found directory at http://ideapublicschools.org/our-schools/idea-san-benito/staff
20:29:55 INFO       \u2192 0 art teacher(s) found. Status: no_art_teachers_found
20:29:55 INFO       \u2192 0 new staff records saved.
20:29:57 INFO     [481/9192] IDEA ACADEMY MISSION (http://ideapublicschools.org/our-schools/idea-mission/)
20:30:00 INFO       Found directory at http://ideapublicschools.org/our-schools/idea-mission/staff
20:30:01 INFO       \u2192 0 art teacher(s) found. Status: no_art_teachers_found
20:30:01 INFO       \u2192 0 new staff records saved.
20:30:04 INFO     [482/9192] IDEA ACADEMY PHARR (http://ideapublicschools.org/our-schools/idea-pharr/)
20:30:07 INFO       Found directory at http://ideapublicschools.org/our-schools/idea-pharr/staff
20:30:08 INFO       \u2192 0 art teacher(s) found. Status: no_art_teachers_found
20:30:08 INFO       \u2192 0 new staff records saved.
20:30:11 INFO     [483/9192] IDEA COLLEGE PREPARATORY ALAMO (http://ideapublicschools.org/our-schools/idea-alamo/)
20:30:14 INFO       Found directory at http://ideapublicschools.org/our-schools/idea-alamo/staff
20:30:16 INFO       \u2192 0 art teacher(s) found. Status: no_art_teachers_found
20:30:16 INFO       \u2192 0 new staff records saved.
20:30:18 INFO     [484/9192] IDEA COLLEGE PREPARATORY PHARR (http://ideapublicschools.org/our-schools/idea-pharr/)
20:30:21 INFO       Found directory at http://ideapublicschools.org/our-schools/idea-pharr/staff
20:30:23 INFO       \u2192 0 art teacher(s) found. Status: no_art_teachers_found
20:30:23 INFO       \u2192 0 new staff records saved.
20:30:25 INFO     [485/9192] IDEA ACADEMY ALAMO (http://ideapublicschools.org/our-schools/idea-alamo/)
20:30:31 INFO       Found directory at http://ideapublicschools.org/our-schools/idea-alamo/staff
20:30:32 INFO       \u2192 0 art teacher(s) found. Status: no_art_teachers_found
20:30:32 INFO       \u2192 0 new staff records saved.
20:30:35 INFO     [486/9192] IDEA COLLEGE PREP WESLACO (http://ideapublicschools.org/our-schools/idea-weslaco/)
20:30:37 INFO       Found directory at http://ideapublicschools.org/our-schools/idea-weslaco/staff
20:30:39 INFO       \u2192 0 art teacher(s) found. Status: no_art_teachers_found
20:30:39 INFO       \u2192 0 new staff records saved.
20:30:42 INFO     [487/9192] IDEA EDINBURG COLLEGE PREPARATORY (http://ideapublicschools.org/our-schools/idea-edinburg/)
20:30:45 INFO       Found directory at http://ideapublicschools.org/our-schools/idea-edinburg/staff
20:30:47 INFO       \u2192 0 art teacher(s) found. Status: no_art_teachers_found
20:30:47 INFO       \u2192 0 new staff records saved.
20:30:49 INFO     [488/9192] IDEA EDINBURG ACADEMY (http://ideapublicschools.org/our-schools/idea-edinburg/)
20:30:53 INFO       Found directory at http://ideapublicschools.org/our-schools/idea-edinburg/staff
20:30:55 INFO       \u2192 0 art teacher(s) found. Status: no_art_teachers_found
20:30:55 INFO       \u2192 0 new staff records saved.
20:30:57 INFO     [489/9192] IDEA ACADEMY WESLACO (http://ideapublicschools.org/our-schools/idea-weslaco/)
20:31:00 INFO       Found directory at http://ideapublicschools.org/our-schools/idea-weslaco/staff
20:31:02 INFO       \u2192 0 art teacher(s) found. Status: no_art_teachers_found
20:31:02 INFO       \u2192 0 new staff records saved.
20:31:05 INFO     [490/9192] IDEA MCALLEN COLLEGE PREPARATORY (http://ideapublicschools.org/our-schools/idea-mcallen/)
20:31:08 INFO       Found directory at http://ideapublicschools.org/our-schools/idea-mcallen/staff
20:31:10 INFO       \u2192 0 art teacher(s) found. Status: no_art_teachers_found
20:31:10 INFO       \u2192 0 new staff records saved.
20:31:12 INFO     [491/9192] IDEA BROWNSVILLE COLLEGE PREPARATORY (http://ideapublicschools.org/our-schools/idea-brownsville/)
20:31:15 INFO       Found directory at http://ideapublicschools.org/our-schools/idea-brownsville/staff
20:31:17 INFO       \u2192 0 art teacher(s) found. Status: no_art_teachers_found
20:31:17 INFO       \u2192 0 new staff records saved.
20:31:19 INFO     [492/9192] IDEA BROWNSVILLE ACADEMY (http://ideapublicschools.org/our-schools/idea-brownsville/)
20:31:23 INFO       Found directory at http://ideapublicschools.org/our-schools/idea-brownsville/staff
20:31:25 INFO       \u2192 0 art teacher(s) found. Status: no_art_teachers_found
20:31:25 INFO       \u2192 0 new staff records saved.
20:31:27 INFO     [493/9192] IDEA MCALLEN ACADEMY (http://ideapublicschools.org/our-schools/idea-mcallen/)
20:31:30 INFO       Found directory at http://ideapublicschools.org/our-schools/idea-mcallen/staff
20:31:32 INFO       \u2192 0 art teacher(s) found. Status: no_art_teachers_found
20:31:32 INFO       \u2192 0 new staff records saved.
20:31:34 INFO     [494/9192] IDEA CARVER COLLEGE PREPARATORY (http://ideapublicschools.org/our-schools/idea-carver/)
20:31:38 INFO       Found directory at http://ideapublicschools.org/our-schools/idea-carver/staff
20:31:39 INFO       \u2192 0 art teacher(s) found. Status: no_art_teachers_found
20:31:39 INFO       \u2192 0 new staff records saved.
20:31:42 INFO     [495/9192] IDEA CARVER ACADEMY (http://ideapublicschools.org/our-schools/idea-carver/)
20:31:45 INFO       Found directory at http://ideapublicschools.org/our-schools/idea-carver/staff
20:31:47 INFO       \u2192 0 art teacher(s) found. Status: no_art_teachers_found
20:31:47 INFO       \u2192 0 new staff records saved.
20:31:49 INFO     [496/9192] IDEA MONTOPOLIS ACADEMY (http://ideapublicschools.org/our-schools/idea-montopolis/)
20:31:52 INFO       Found directory at http://ideapublicschools.org/our-schools/idea-montopolis/staff
20:31:54 INFO       \u2192 0 art teacher(s) found. Status: no_art_teachers_found
20:31:54 INFO       \u2192 0 new staff records saved.
20:31:56 INFO     [497/9192] IDEA MONTOPOLIS COLLEGE PREPARATORY (http://ideapublicschools.org/our-schools/idea-montopolis/)
20:32:00 INFO       Found directory at http://ideapublicschools.org/our-schools/idea-montopolis/staff
20:32:01 INFO       \u2192 0 art teacher(s) found. Status: no_art_teachers_found
20:32:01 INFO       \u2192 0 new staff records saved.
20:32:04 INFO     [498/9192] IDEA SOUTH FLORES COLLEGE PREPARATORY (http://ideapublicschools.org/our-schools/idea-south-flores/)
20:32:07 INFO       Found directory at http://ideapublicschools.org/our-schools/idea-south-flores/staff
20:32:09 INFO       \u2192 0 art teacher(s) found. Status: no_art_teachers_found
20:32:09 INFO       \u2192 0 new staff records saved.
20:32:11 INFO     [499/9192] IDEA SOUTH FLORES ACADEMY (http://ideapublicschools.org/our-schools/idea-south-flores/)
20:32:13 INFO       Found directory at http://ideapublicschools.org/our-schools/idea-south-flores/staff
20:32:15 INFO       \u2192 0 art teacher(s) found. Status: no_art_teachers_found
20:32:15 INFO       \u2192 0 new staff records saved.
20:32:17 INFO     [500/9192] IDEA WALZEM ACADEMY (http://ideapublicschools.org/our-schools/idea-walzem/)
20:32:20 INFO       Found directory at http://ideapublicschools.org/our-schools/idea-walzem/staff
20:32:22 INFO       \u2192 0 art teacher(s) found. Status: no_art_teachers_found
20:32:22 INFO       \u2192 0 new staff records saved.
20:32:25 INFO     [501/9192] IDEA WESLACO PIKE COLLEGE PREPARATORY (http://ideapublicschools.org/our-schools/idea-weslaco-pike/)
20:32:27 INFO       Found directory at http://ideapublicschools.org/our-schools/idea-weslaco-pike/staff
20:32:29 INFO       \u2192 0 art teacher(s) found. Status: no_art_teachers_found
20:32:29 INFO       \u2192 0 new staff records saved.
20:32:31 INFO     [502/9192] IDEA WESLACO PIKE ACADEMY (http://ideapublicschools.org/our-schools/idea-weslaco-pike/)
20:32:34 INFO       Found directory at http://ideapublicschools.org/our-schools/idea-weslaco-pike/staff
20:32:36 INFO       \u2192 0 art teacher(s) found. Status: no_art_teachers_found
20:32:36 INFO       \u2192 0 new staff records saved.
20:32:39 INFO     [503/9192] IDEA WALZEM COLLEGE PREPARATORY (http://ideapublicschools.org/our-schools/idea-walzem/)
20:32:41 INFO       Found directory at http://ideapublicschools.org/our-schools/idea-walzem/staff
20:32:43 INFO       \u2192 0 art teacher(s) found. Status: no_art_teachers_found
20:32:43 INFO       \u2192 0 new staff records saved.
20:32:46 INFO     [504/9192] IDEA MONTERREY PARK COLLEGE PREPARATORY (http://ideapublicschools.org/our-schools/idea-monterrey-park/)
20:32:49 INFO       Found directory at http://ideapublicschools.org/our-schools/idea-monterrey-park/staff
20:32:51 INFO       \u2192 0 art teacher(s) found. Status: no_art_teachers_found
20:32:51 INFO       \u2192 0 new staff records saved.
20:32:53 INFO     [505/9192] IDEA MONTERREY PARK ACADEMY (http://ideapublicschools.org/our-schools/idea-monterrey-park/)
20:32:57 INFO       Found directory at http://ideapublicschools.org/our-schools/idea-monterrey-park/staff
20:32:58 INFO       \u2192 0 art teacher(s) found. Status: no_art_teachers_found
20:32:58 INFO       \u2192 0 new staff records saved.
20:33:01 INFO     [506/9192] IDEA RUNDBERG ACADEMY (http://ideapublicschools.org/our-schools/idea-rundberg/)
20:33:03 INFO       Found directory at http://ideapublicschools.org/our-schools/idea-rundberg/staff
20:33:05 INFO       \u2192 0 art teacher(s) found. Status: no_art_teachers_found
20:33:05 INFO       \u2192 0 new staff records saved.
20:33:07 INFO     [507/9192] IDEA RUNDBERG COLLEGE PREPARATORY (http://ideapublicschools.org/our-schools/idea-rundberg/)
20:33:10 INFO       Found directory at http://ideapublicschools.org/our-schools/idea-rundberg/staff
20:33:12 INFO       \u2192 0 art teacher(s) found. Status: no_art_teachers_found
20:33:12 INFO       \u2192 0 new staff records saved.
20:33:14 INFO     [508/9192] IDEA RIVERVIEW ACADEMY (http://ideapublicschools.org/our-schools/idea-riverview/)
20:33:17 INFO       Found directory at http://ideapublicschools.org/our-schools/idea-riverview/staff
20:33:19 INFO       \u2192 0 art teacher(s) found. Status: no_art_teachers_found
20:33:19 INFO       \u2192 0 new staff records saved.
20:33:22 INFO     [509/9192] IDEA NORTH MISSION ACADEMY (http://www.ideapublicschools.org/our-schools/idea-north-mission)
20:33:25 INFO       Found directory at http://www.ideapublicschools.org/our-schools/idea-north-mission/staff
20:33:26 INFO       \u2192 0 art teacher(s) found. Status: no_art_teachers_found
20:33:26 INFO       \u2192 0 new staff records saved.
20:33:29 INFO     [510/9192] IDEA EASTSIDE COLLEGE PREPARATORY (http://ideapublicschools.org/our-schools/idea-eastside/)
20:33:30 INFO       Found directory at http://ideapublicschools.org/our-schools/idea-eastside/staff
20:33:32 INFO       \u2192 0 art teacher(s) found. Status: no_art_teachers_found
20:33:32 INFO       \u2192 0 new staff records saved.
20:33:35 INFO     [511/9192] IDEA NORTH MISSION COLLEGE PREPARATORY (http://www.ideapublicschools.org/our-schools/idea-north-mission)
20:33:39 INFO       Found directory at http://www.ideapublicschools.org/our-schools/idea-north-mission/staff
20:33:40 INFO       \u2192 0 art teacher(s) found. Status: no_art_teachers_found
20:33:40 INFO       \u2192 0 new staff records saved.
20:33:43 INFO     [512/9192] IDEA EASTSIDE ACADEMY (http://ideapublicschools.org/our-schools/idea-eastside/)
20:33:46 INFO       Found directory at http://ideapublicschools.org/our-schools/idea-eastside/staff
20:33:48 INFO       \u2192 0 art teacher(s) found. Status: no_art_teachers_found
20:33:48 INFO       \u2192 0 new staff records saved.
20:33:50 INFO     [513/9192] IDEA RIVERVIEW COLLEGE PREPARATORY (http://ideapublicschools.org/our-schools/idea-riverview/)
20:33:52 INFO       Found directory at http://ideapublicschools.org/our-schools/idea-riverview/staff
20:33:54 INFO       \u2192 0 art teacher(s) found. Status: no_art_teachers_found
20:33:54 INFO       \u2192 0 new staff records saved.
20:33:57 INFO     [514/9192] IDEA MAYS COLLEGE PREPARATORY (http://ideapublicschools.org/our-schools/idea-mays/)
20:33:59 INFO       Found directory at http://ideapublicschools.org/our-schools/idea-mays/staff
20:34:01 INFO       \u2192 0 art teacher(s) found. Status: no_art_teachers_found
20:34:01 INFO       \u2192 0 new staff records saved.
20:34:04 INFO     [515/9192] IDEA JUDSON COLLEGE PREPARATORY (http://ideapublicschools.org/our-schools/idea-judson/)
20:34:07 INFO       Found directory at http://ideapublicschools.org/our-schools/idea-judson/staff
20:34:09 INFO       \u2192 0 art teacher(s) found. Status: no_art_teachers_found
20:34:09 INFO       \u2192 0 new staff records saved.
20:34:11 INFO     [516/9192] IDEA BLUFF SPRINGS ACADEMY (http://ideapublicschools.org/our-schools/idea-bluff-springs/)
20:34:14 INFO       Found directory at http://ideapublicschools.org/our-schools/idea-bluff-springs/staff
20:34:15 INFO       \u2192 0 art teacher(s) found. Status: no_art_teachers_found
20:34:15 INFO       \u2192 0 new staff records saved.
20:34:18 INFO     [517/9192] IDEA TOROS COLLEGE PREPARATORY (http://ideapublicschools.org/our-schools/idea-toros/)
20:34:21 INFO       Found directory at http://ideapublicschools.org/our-schools/idea-toros/staff
20:34:23 INFO       \u2192 0 art teacher(s) found. Status: no_art_teachers_found
20:34:23 INFO       \u2192 0 new staff records saved.
20:34:25 INFO     [518/9192] IDEA JUDSON ACADEMY (http://ideapublicschools.org/our-schools/idea-judson/)
20:34:29 INFO       Found directory at http://ideapublicschools.org/our-schools/idea-judson/staff
20:34:31 INFO       \u2192 0 art teacher(s) found. Status: no_art_teachers_found
20:34:31 INFO       \u2192 0 new staff records saved.
20:34:33 INFO     [519/9192] IDEA MAYS ACADEMY (http://ideapublicschools.org/our-schools/idea-mays/)
20:34:36 INFO       Found directory at http://ideapublicschools.org/our-schools/idea-mays/staff
20:34:38 INFO       \u2192 0 art teacher(s) found. Status: no_art_teachers_found
20:34:38 INFO       \u2192 0 new staff records saved.
20:34:40 INFO     [520/9192] IDEA BLUFF SPRINGS COLLEGE PREPARATORY (http://ideapublicschools.org/our-schools/idea-bluff-springs/)
20:34:43 INFO       Found directory at http://ideapublicschools.org/our-schools/idea-bluff-springs/staff
20:34:45 INFO       \u2192 0 art teacher(s) found. Status: no_art_teachers_found
20:34:45 INFO       \u2192 0 new staff records saved.
20:34:48 INFO     [521/9192] IDEA BRACKENRIDGE ACADEMY (http://ideapublicschools.org/our-schools/idea-brackenridge/)
20:34:50 INFO       Found directory at http://ideapublicschools.org/our-schools/idea-brackenridge/staff
20:34:52 INFO       \u2192 0 art teacher(s) found. Status: no_art_teachers_found
20:34:52 INFO       \u2192 0 new staff records saved.
20:34:55 INFO     [522/9192] IDEA RIO GRANDE CITY COLLEGE PREPARATORY (http://ideapublicschools.org/our-schools/idea-riverview/)
20:34:58 INFO       Found directory at http://ideapublicschools.org/our-schools/idea-riverview/staff
20:35:00 INFO       \u2192 0 art teacher(s) found. Status: no_art_teachers_found
20:35:00 INFO       \u2192 0 new staff records saved.
20:35:02 INFO     [523/9192] IDEA TRES LAGOS ACADEMY (http://ideapublicschools.org/our-schools/idea-tres-lagos)
20:35:06 INFO       Found directory at http://ideapublicschools.org/our-schools/idea-tres-lagos/staff
20:35:08 INFO       \u2192 0 art teacher(s) found. Status: no_art_teachers_found
20:35:08 INFO       \u2192 0 new staff records saved.
20:35:10 INFO     [524/9192] IDEA RIO GRANDE CITY ACADEMY (http://ideapublicschools.org/our-schools/idea-rio-grande-city/)
20:35:13 INFO       Found directory at http://ideapublicschools.org/our-schools/idea-rio-grande-city/staff
20:35:14 INFO       \u2192 0 art teacher(s) found. Status: no_art_teachers_found
20:35:14 INFO       \u2192 0 new staff records saved.
20:35:17 INFO     [525/9192] IDEA EWING HALSELL COLLEGE PREPARATORY (http://ideapublicschools.org/our-schools/idea-ewing-halsell/)
20:35:20 INFO       Found directory at http://ideapublicschools.org/our-schools/idea-ewing-halsell/staff
20:35:21 INFO       \u2192 0 art teacher(s) found. Status: no_art_teachers_found
20:35:21 INFO       \u2192 0 new staff records saved.
20:35:24 INFO     [526/9192] IDEA BRACKENRIDGE COLLEGE PREPARATORY (http://ideapublicschools.org/our-schools/idea-brackenridge/)
20:35:27 INFO       Found directory at http://ideapublicschools.org/our-schools/idea-brackenridge/staff
20:35:29 INFO       \u2192 0 art teacher(s) found. Status: no_art_teachers_found
20:35:29 INFO       \u2192 0 new staff records saved.
20:35:32 INFO     [527/9192] IDEA EWING HALSELL ACADEMY (http://ideapublicschools.org/our-schools/idea-ewing-halsell/)
20:35:34 INFO       Found directory at http://ideapublicschools.org/our-schools/idea-ewing-halsell/staff
20:35:36 INFO       \u2192 0 art teacher(s) found. Status: no_art_teachers_found
20:35:36 INFO       \u2192 0 new staff records saved.
20:35:38 INFO     [528/9192] IDEA NAJIM ACADEMY (http://ideapublicschools.org/our-schools/idea-harvey-e-najim/)
20:35:40 INFO       Found directory at http://ideapublicschools.org/our-schools/idea-harvey-e-najim/staff
20:35:42 INFO       \u2192 0 art teacher(s) found. Status: no_art_teachers_found
20:35:42 INFO       \u2192 0 new staff records saved.
20:35:44 INFO     [529/9192] IDEA NAJIM COLLEGE PREPARATORY (http://ideapublicschools.org/our-schools/idea-harvey-e-najim/)
20:35:47 INFO       Found directory at http://ideapublicschools.org/our-schools/idea-harvey-e-najim/staff
20:35:49 INFO       \u2192 0 art teacher(s) found. Status: no_art_teachers_found
20:35:49 INFO       \u2192 0 new staff records saved.
20:35:51 INFO     [530/9192] IDEA TRES LAGOS COLLEGE PREPARATORY (http://ideapublicschools.org/our-schools/idea-tres-lagos)
20:35:53 INFO       Found directory at http://ideapublicschools.org/our-schools/idea-tres-lagos/staff
20:35:55 INFO       \u2192 0 art teacher(s) found. Status: no_art_teachers_found
20:35:55 INFO       \u2192 0 new staff records saved.
20:35:57 INFO     [531/9192] IDEA ELSA COLLEGE PREPARATORY (http://ideapublicschools.org/our-schools/idea-elsa/)
20:36:00 INFO       Found directory at http://ideapublicschools.org/our-schools/idea-elsa/staff
20:36:01 INFO       \u2192 0 art teacher(s) found. Status: no_art_teachers_found
20:36:01 INFO       \u2192 0 new staff records saved.
20:36:04 INFO     [532/9192] IDEA KYLE ACADEMY (http://ideapublicschools.org/our-schools/idea-kyle/)
20:36:06 INFO       Found directory at http://ideapublicschools.org/our-schools/idea-kyle/staff
20:36:08 INFO       \u2192 0 art teacher(s) found. Status: no_art_teachers_found
20:36:08 INFO       \u2192 0 new staff records saved.
20:36:11 INFO     [533/9192] IDEA EDGEMERE COLLEGE PREPARATORY (http://ideapublicschools.org/our-schools/idea-edgemere/)
20:36:14 INFO       Found directory at http://ideapublicschools.org/our-schools/idea-edgemere/staff
20:36:16 INFO       \u2192 0 art teacher(s) found. Status: no_art_teachers_found
20:36:16 INFO       \u2192 0 new staff records saved.
20:36:19 INFO     [534/9192] IDEA OWASSA ACADEMY (http://ideapublicschools.org/our-schools/idea-owassa/)
20:36:21 INFO       Found directory at http://ideapublicschools.org/our-schools/idea-owassa/staff
20:36:23 INFO       \u2192 0 art teacher(s) found. Status: no_art_teachers_found
20:36:23 INFO       \u2192 0 new staff records saved.
20:36:25 INFO     [535/9192] IDEA RIO VISTA ACADEMY (http://ideapublicschools.org/our-schools/idea-rio-vista/)
20:36:29 INFO       Found directory at http://ideapublicschools.org/our-schools/idea-rio-vista/staff
20:36:30 INFO       \u2192 0 art teacher(s) found. Status: no_art_teachers_found
20:36:30 INFO       \u2192 0 new staff records saved.
20:36:33 INFO     [536/9192] IDEA ELSA ACADEMY (http://ideapublicschools.org/our-schools/idea-elsa/)
20:36:35 INFO       Found directory at http://ideapublicschools.org/our-schools/idea-elsa/staff
20:36:37 INFO       \u2192 0 art teacher(s) found. Status: no_art_teachers_found
20:36:37 INFO       \u2192 0 new staff records saved.
20:36:40 INFO     [537/9192] IDEA PFLUGERVILLE ACADEMY (http://ideapublicschools.org/our-schools/idea-pflugerville/)
20:36:43 INFO       Found directory at http://ideapublicschools.org/our-schools/idea-pflugerville/staff
20:36:45 INFO       \u2192 0 art teacher(s) found. Status: no_art_teachers_found
20:36:45 INFO       \u2192 0 new staff records saved.
20:36:47 INFO     [538/9192] IDEA OWASSA COLLEGE PREPARATORY (http://ideapublicschools.org/our-schools/idea-owassa/)
20:36:51 INFO       Found directory at http://ideapublicschools.org/our-schools/idea-owassa/staff
20:36:53 INFO       \u2192 0 art teacher(s) found. Status: no_art_teachers_found
20:36:53 INFO       \u2192 0 new staff records saved.
20:36:55 INFO     [539/9192] IDEA PFLUGERVILLE COLLEGE PREPARATORY (http://ideapublicschools.org/our-schools/idea-pflugerville/)
20:36:59 INFO       Found directory at http://ideapublicschools.org/our-schools/idea-pflugerville/staff
20:37:00 INFO       \u2192 0 art teacher(s) found. Status: no_art_teachers_found
20:37:00 INFO       \u2192 0 new staff records saved.
20:37:03 INFO     [540/9192] IDEA INGRAM HILLS COLLEGE PREPARATORY (http://ideapublicschools.org/our-schools/idea-ingram-hills/)
20:37:06 INFO       Found directory at http://ideapublicschools.org/our-schools/idea-ingram-hills/staff
20:37:08 INFO       \u2192 0 art teacher(s) found. Status: no_art_teachers_found
20:37:08 INFO       \u2192 0 new staff records saved.
20:37:11 INFO     [541/9192] IDEA KYLE COLLEGE PREPARATORY (http://ideapublicschools.org/our-schools/idea-kyle/)
20:37:13 INFO       Found directory at http://ideapublicschools.org/our-schools/idea-kyle/staff
20:37:15 INFO       \u2192 0 art teacher(s) found. Status: no_art_teachers_found
20:37:15 INFO       \u2192 0 new staff records saved.
20:37:18 INFO     [542/9192] IDEA INGRAM HILLS ACADEMY (http://ideapublicschools.org/our-schools/idea-ingram-hills/)
20:37:21 INFO       Found directory at http://ideapublicschools.org/our-schools/idea-ingram-hills/staff
20:37:23 INFO       \u2192 0 art teacher(s) found. Status: no_art_teachers_found
20:37:23 INFO       \u2192 0 new staff records saved.
20:37:25 INFO     [543/9192] IDEA EDGEMERE ACADEMY (http://ideapublicschools.org/our-schools/idea-edgemere/)
20:37:28 INFO       Found directory at http://ideapublicschools.org/our-schools/idea-edgemere/staff
20:37:30 INFO       \u2192 0 art teacher(s) found. Status: no_art_teachers_found
20:37:30 INFO       \u2192 0 new staff records saved.
20:37:32 INFO     [544/9192] IDEA RIO VISTA COLLEGE PREPARATORY (http://ideapublicschools.org/our-schools/idea-rio-vista/)
20:37:36 INFO       Found directory at http://ideapublicschools.org/our-schools/idea-rio-vista/staff
20:37:37 INFO       \u2192 0 art teacher(s) found. Status: no_art_teachers_found
20:37:37 INFO       \u2192 0 new staff records saved.
20:37:40 INFO     [545/9192] IDEA HARDY ACADEMY (http://ideapublicschools.org/our-schools/idea-hardy/)
20:37:43 INFO       Found directory at http://ideapublicschools.org/our-schools/idea-hardy/staff
20:37:45 INFO       \u2192 0 art teacher(s) found. Status: no_art_teachers_found
20:37:45 INFO       \u2192 0 new staff records saved.
20:37:47 INFO     [546/9192] IDEA RISE COLLEGE PREPARATORY (http://ideapublicschools.org/our-schools/idea-rise/)
20:37:50 INFO       Found directory at http://ideapublicschools.org/our-schools/idea-rise/staff
20:37:51 INFO       \u2192 0 art teacher(s) found. Status: no_art_teachers_found
20:37:51 INFO       \u2192 0 new staff records saved.
20:37:54 INFO     [547/9192] IDEA HEALTH PROFESSIONS ACADEMY (http://ideapublicschools.org/our-schools/idea-health-professions/)
20:37:57 INFO       Found directory at http://ideapublicschools.org/our-schools/idea-health-professions/staff
20:37:59 INFO       \u2192 0 art teacher(s) found. Status: no_art_teachers_found
20:37:59 INFO       \u2192 0 new staff records saved.
20:38:01 INFO     [548/9192] IDEA PARMER PARK COLLEGE PREPARATORY (http://ideapublicschools.org/our-schools/idea-parmer-park/)
20:38:05 INFO       Found directory at http://ideapublicschools.org/our-schools/idea-parmer-park/staff
20:38:07 INFO       \u2192 0 art teacher(s) found. Status: no_art_teachers_found
20:38:07 INFO       \u2192 0 new staff records saved.
20:38:09 INFO     [549/9192] IDEA ROBINDALE COLLEGE PREPARATORY (http://ideapublicschools.org/our-schools/idea-robindale/)
20:38:13 INFO       Found directory at http://ideapublicschools.org/our-schools/idea-robindale/staff
20:38:14 INFO       \u2192 0 art teacher(s) found. Status: no_art_teachers_found
20:38:14 INFO       \u2192 0 new staff records saved.
20:38:17 INFO     [550/9192] IDEA BURKE COLLEGE PREPARATORY (http://ideapublicschools.org/our-schools/idea-burke/)
20:38:19 INFO       Found directory at http://ideapublicschools.org/our-schools/idea-burke/staff
20:38:21 INFO       \u2192 0 art teacher(s) found. Status: no_art_teachers_found
20:38:21 INFO       \u2192 0 new staff records saved.
20:38:24 INFO     [551/9192] IDEA SPEARS ACADEMY (http://ideapublicschools.org/our-schools/idea-spears)
20:38:27 INFO       Found directory at http://ideapublicschools.org/our-schools/idea-spears/staff
20:38:28 INFO       \u2192 0 art teacher(s) found. Status: no_art_teachers_found
20:38:28 INFO       \u2192 0 new staff records saved.
20:38:31 INFO     [552/9192] IDEA HARDY COLLEGE PREPARATORY (http://ideapublicschools.org/our-schools/idea-hardy/)
20:38:33 INFO       Found directory at http://ideapublicschools.org/our-schools/idea-hardy/staff
20:38:35 INFO       \u2192 0 art teacher(s) found. Status: no_art_teachers_found
20:38:35 INFO       \u2192 0 new staff records saved.
20:38:38 INFO     [553/9192] IDEA HEALTH PROFESSIONS COLLEGE PREPARATORY (http://ideapublicschools.org/our-schools/idea-health-professions/)
20:38:39 INFO       Found directory at http://ideapublicschools.org/our-schools/idea-health-professions/staff
20:38:41 INFO       \u2192 0 art teacher(s) found. Status: no_art_teachers_found
20:38:41 INFO       \u2192 0 new staff records saved.
20:38:44 INFO     [554/9192] IDEA SPEARS COLLEGE PREPARATORY (http://ideapublicschools.org/our-schools/idea-spears)
20:38:46 INFO       Found directory at http://ideapublicschools.org/our-schools/idea-spears/staff
20:38:48 INFO       \u2192 0 art teacher(s) found. Status: no_art_teachers_found
20:38:48 INFO       \u2192 0 new staff records saved.
20:38:50 INFO     [555/9192] IDEA LOS ENCINOS COLLEGE PREPARATORY (http://ideapublicschools.org/our-schools/idea-los-encinos/)
20:38:53 INFO       Found directory at http://ideapublicschools.org/our-schools/idea-los-encinos/staff
20:38:55 INFO       \u2192 0 art teacher(s) found. Status: no_art_teachers_found
20:38:55 INFO       \u2192 0 new staff records saved.
20:38:57 INFO     [556/9192] IDEA ACHIEVE COLLEGE PREPARATORY (http://ideapublicschools.org/our-schools/idea-achieve/)
20:39:00 INFO       Found directory at http://ideapublicschools.org/our-schools/idea-achieve/staff
20:39:02 INFO       \u2192 0 art teacher(s) found. Status: no_art_teachers_found
20:39:02 INFO       \u2192 0 new staff records saved.
20:39:05 INFO     [557/9192] IDEA BURKE ACADEMY (None)
20:39:05 INFO       \u2192 0 art teacher(s) found. Status: no_url
20:39:05 INFO       \u2192 0 new staff records saved.
20:39:07 INFO     [558/9192] IDEA PARMER PARK ACADEMY (http://ideapublicschools.org/our-schools/idea-parmer-park/)
20:39:09 INFO       Found directory at http://ideapublicschools.org/our-schools/idea-parmer-park/staff
20:39:11 INFO       \u2192 0 art teacher(s) found. Status: no_art_teachers_found
20:39:11 INFO       \u2192 0 new staff records saved.
20:39:14 INFO     [559/9192] IDEA MESA HILLS ACADEMY (http://ideapublicschools.org/our-schools/idea-mesa-hills/)
20:39:15 INFO       Found directory at http://ideapublicschools.org/our-schools/idea-mesa-hills/staff
20:39:17 INFO       \u2192 0 art teacher(s) found. Status: no_art_teachers_found
20:39:17 INFO       \u2192 0 new staff records saved.
20:39:20 INFO     [560/9192] IDEA ROBINDALE ACADEMY (http://ideapublicschools.org/our-schools/idea-robindale/)
20:39:23 INFO       Found directory at http://ideapublicschools.org/our-schools/idea-robindale/staff
20:39:24 INFO       \u2192 0 art teacher(s) found. Status: no_art_teachers_found
20:39:24 INFO       \u2192 0 new staff records saved.
20:39:27 INFO     [561/9192] IDEA RISE ACADEMY (http://ideapublicschools.org/our-schools/idea-rise/)
20:39:29 INFO       Found directory at http://ideapublicschools.org/our-schools/idea-rise/staff
20:39:31 INFO       \u2192 0 art teacher(s) found. Status: no_art_teachers_found
20:39:31 INFO       \u2192 0 new staff records saved.
20:39:33 INFO     [562/9192] IDEA LOS ENCINOS ACADEMY (http://ideapublicschools.org/our-schools/idea-los-encinos/)
20:39:36 INFO       Found directory at http://ideapublicschools.org/our-schools/idea-los-encinos/staff
20:39:38 INFO       \u2192 0 art teacher(s) found. Status: no_art_teachers_found
20:39:38 INFO       \u2192 0 new staff records saved.
20:39:41 INFO     [563/9192] IDEA MESA HILLS COLLEGE PREPARATORY (http://ideapublicschools.org/our-schools/idea-mesa-hills/)
20:39:43 INFO       Found directory at http://ideapublicschools.org/our-schools/idea-mesa-hills/staff
20:39:46 INFO       \u2192 0 art teacher(s) found. Status: no_art_teachers_found
20:39:46 INFO       \u2192 0 new staff records saved.
20:39:48 INFO     [564/9192] IDEA ACHIEVE ACADEMY (http://ideapublicschools.org/our-schools/idea-achieve/)
20:39:56 INFO       Found directory at http://ideapublicschools.org/our-schools/idea-achieve/staff
20:39:57 INFO       \u2192 0 art teacher(s) found. Status: no_art_teachers_found
20:39:57 INFO       \u2192 0 new staff records saved.
20:40:00 INFO     [565/9192] IDEA HIDDEN MEADOW ACADEMY (http://ideapublicschools.org/our-schools/idea-hidden-meadow/)
20:40:09 INFO       Found directory at http://ideapublicschools.org/our-schools/idea-hidden-meadow/staff
20:40:11 INFO       \u2192 0 art teacher(s) found. Status: no_art_teachers_found
20:40:11 INFO       \u2192 0 new staff records saved.
20:40:13 INFO     [566/9192] IDEA HIDDEN MEADOW COLLEGE PREPARATORY (None)
20:40:13 INFO       \u2192 0 art teacher(s) found. Status: no_url
20:40:13 INFO       \u2192 0 new staff records saved.
20:40:16 INFO     [567/9192] IDEA CONVERSE COLLEGE PREPARATORY (http://ideapublicschools.org/our-schools/idea-converse/)
20:40:23 INFO       Found directory at http://ideapublicschools.org/our-schools/idea-converse/staff
20:40:24 INFO       \u2192 0 art teacher(s) found. Status: no_art_teachers_found
20:40:24 INFO       \u2192 0 new staff records saved.
20:40:27 INFO     [568/9192] IDEA PALMVIEW COLLEGE PREPARATORY (None)
20:40:27 INFO       \u2192 0 art teacher(s) found. Status: no_url
20:40:27 INFO       \u2192 0 new staff records saved.
20:40:29 INFO     [569/9192] IDEA ROUND ROCK TECH COLLEGE PREPARATORY (http://ideapublicschools.org/our-schools/idea-round-rock-tech/)
20:40:37 INFO       Found directory at http://ideapublicschools.org/our-schools/idea-round-rock-tech/staff
20:40:39 INFO       \u2192 0 art teacher(s) found. Status: no_art_teachers_found
20:40:39 INFO       \u2192 0 new staff records saved.
20:40:42 INFO     [570/9192] IDEA SPORTS PARK COLLEGE PREPARATORY (http://ideapublicschools.org/our-schools/idea-sports-park/)
20:40:52 INFO       Found directory at http://ideapublicschools.org/our-schools/idea-sports-park/staff
20:40:53 INFO       \u2192 0 art teacher(s) found. Status: no_art_teachers_found
20:40:53 INFO       \u2192 0 new staff records saved.
20:40:56 INFO     [571/9192] IDEA PALMVIEW ACADEMY (http://ideapublicschools.org/our-schools/idea-palmview/)
20:41:02 INFO       Found directory at http://ideapublicschools.org/our-schools/idea-palmview/staff
20:41:04 INFO       \u2192 0 art teacher(s) found. Status: no_art_teachers_found
20:41:04 INFO       \u2192 0 new staff records saved.
20:41:07 INFO     [572/9192] IDEA SPORTS PARK ACADEMY (http://ideapublicschools.org/our-schools/idea-sports-park/)
20:41:14 INFO       Found directory at http://ideapublicschools.org/our-schools/idea-sports-park/staff
20:41:16 INFO       \u2192 0 art teacher(s) found. Status: no_art_teachers_found
20:41:16 INFO       \u2192 0 new staff records saved.
20:41:18 INFO     [573/9192] IDEA EDGECLIFF ACADEMY (http://ideapublicschools.org/our-schools/idea-edgecliff/)
20:41:24 INFO       Found directory at http://ideapublicschools.org/our-schools/idea-edgecliff/staff
20:41:26 INFO       \u2192 0 art teacher(s) found. Status: no_art_teachers_found
20:41:26 INFO       \u2192 0 new staff records saved.
20:41:28 INFO     [574/9192] IDEA HARLINGEN ACADEMY (http://ideapublicschools.org/our-schools/idea-harlingen/)
20:41:35 INFO       Found directory at http://ideapublicschools.org/our-schools/idea-harlingen/staff
20:41:36 INFO       \u2192 0 art teacher(s) found. Status: no_art_teachers_found
20:41:36 INFO       \u2192 0 new staff records saved.
20:41:39 INFO     [575/9192] IDEA HORIZON VISTA ACADEMY (http://ideapublicschools.org/our-schools/idea-horizon-vista/)
20:41:44 INFO       Found directory at http://ideapublicschools.org/our-schools/idea-horizon-vista/staff
20:41:46 INFO       \u2192 0 art teacher(s) found. Status: no_art_teachers_found
20:41:46 INFO       \u2192 0 new staff records saved.
20:41:48 INFO     [576/9192] IDEA ROUND ROCK TECH ACADEMY (http://ideapublicschools.org/our-schools/idea-round-rock-tech/)
20:41:51 INFO       Found directory at http://ideapublicschools.org/our-schools/idea-round-rock-tech/staff
20:41:53 INFO       \u2192 0 art teacher(s) found. Status: no_art_teachers_found
20:41:53 INFO       \u2192 0 new staff records saved.
20:41:55 INFO     [577/9192] IDEA HARLINGEN COLLEGE PREPARATORY (http://ideapublicschools.org/our-schools/idea-harlingen/)
20:42:00 INFO       Found directory at http://ideapublicschools.org/our-schools/idea-harlingen/staff
20:42:02 INFO       \u2192 0 art teacher(s) found. Status: no_art_teachers_found
20:42:02 INFO       \u2192 0 new staff records saved.
20:42:04 INFO     [578/9192] IDEA EDGECLIFF COLLEGE PREPARATORY (http://ideapublicschools.org/our-schools/idea-edgecliff/)
20:42:11 INFO       Found directory at http://ideapublicschools.org/our-schools/idea-edgecliff/staff
20:42:13 INFO       \u2192 0 art teacher(s) found. Status: no_art_teachers_found
20:42:13 INFO       \u2192 0 new staff records saved.
20:42:15 INFO     [579/9192] IDEA CONVERSE ACADEMY (http://ideapublicschools.org/our-schools/idea-converse/)
20:42:20 INFO       Found directory at http://ideapublicschools.org/our-schools/idea-converse/staff
20:42:22 INFO       \u2192 0 art teacher(s) found. Status: no_art_teachers_found
20:42:22 INFO       \u2192 0 new staff records saved.
20:42:24 INFO     [580/9192] IDEA HORIZON VISTA COLLEGE PREPARATORY (http://ideapublicschools.org/our-schools/idea-horizon-vista/)
20:42:27 INFO       Found directory at http://ideapublicschools.org/our-schools/idea-horizon-vista/staff
20:42:28 INFO       \u2192 0 art teacher(s) found. Status: no_art_teachers_found
20:42:28 INFO       \u2192 0 new staff records saved.
20:42:31 INFO     [581/9192] IDEA LA JOYA COLLEGE PREPARATORY (http://ideapublicschools.org/our-schools/idea-la-joya/)
20:42:33 INFO       Found directory at http://ideapublicschools.org/our-schools/idea-la-joya/staff
20:42:35 INFO       \u2192 0 art teacher(s) found. Status: no_art_teachers_found
20:42:35 INFO       \u2192 0 new staff records saved.
20:42:37 INFO     [582/9192] IDEA AMBROSE AND FREDA ROBINSON COLLEGE PREPARATOR (http://ideapublicschools.org/our-schools/idea-amber-creek/)
20:42:40 INFO       Found directory at http://ideapublicschools.org/our-schools/idea-amber-creek/staff
20:42:42 INFO       \u2192 0 art teacher(s) found. Status: no_art_teachers_found
20:42:42 INFO       \u2192 0 new staff records saved.
20:42:45 INFO     [583/9192] IDEA MESQUITE HILLS COLLEGE PREPARATORY (http://ideapublicschools.org/our-schools/idea-mesquite-hills/)
20:42:47 INFO       Found directory at http://ideapublicschools.org/our-schools/idea-mesquite-hills/staff
20:42:49 INFO       \u2192 0 art teacher(s) found. Status: no_art_teachers_found
20:42:49 INFO       \u2192 0 new staff records saved.
20:42:51 INFO     [584/9192] IDEA SOUTHEAST COLLEGE PREPARATORY (http://ideapublicschools.org/our-schools/idea-southeast/)
20:42:53 INFO       Found directory at http://ideapublicschools.org/our-schools/idea-southeast/staff
20:42:55 INFO       \u2192 0 art teacher(s) found. Status: no_art_teachers_found
20:42:55 INFO       \u2192 0 new staff records saved.
20:42:58 INFO     [585/9192] IDEA LAKE HOUSTON COLLEGE PREPARATORY (http://ideapublicschools.org/our-schools/idea-lake-houston/)
20:42:59 INFO       Found directory at http://ideapublicschools.org/our-schools/idea-lake-houston/staff
20:43:01 INFO       \u2192 0 art teacher(s) found. Status: no_art_teachers_found
20:43:01 INFO       \u2192 0 new staff records saved.
20:43:04 INFO     [586/9192] IDEA YUKON COLLEGE PREPARATORY (http://ideapublicschools.org)
20:43:28 INFO       \u2192 0 art teacher(s) found. Status: no_directory_found
20:43:28 INFO       \u2192 0 new staff records saved.
20:43:30 INFO     [587/9192] IDEA LA JOYA ACADEMY (http://ideapublicschools.org/our-schools/idea-la-joya/)
20:43:32 INFO       Found directory at http://ideapublicschools.org/our-schools/idea-la-joya/staff
20:43:33 INFO       \u2192 0 art teacher(s) found. Status: no_art_teachers_found
20:43:33 INFO       \u2192 0 new staff records saved.
20:43:36 INFO     [588/9192] IDEA AMBROSE AND FREDA ROBINSON ACADEMY (http://ideapublicschools.org/our-schools/idea-amber-creek/)
20:43:38 INFO       Found directory at http://ideapublicschools.org/our-schools/idea-amber-creek/staff
20:43:40 INFO       \u2192 0 art teacher(s) found. Status: no_art_teachers_found
20:43:40 INFO       \u2192 0 new staff records saved.
20:43:42 INFO     [589/9192] IDEA MESQUITE HILLS ACADEMY (http://ideapublicschools.org/our-schools/idea-mesquite-hills/)
20:43:44 INFO       Found directory at http://ideapublicschools.org/our-schools/idea-mesquite-hills/staff
20:43:46 INFO       \u2192 0 art teacher(s) found. Status: no_art_teachers_found
20:43:46 INFO       \u2192 0 new staff records saved.
20:43:49 INFO     [590/9192] IDEA SOUTHEAST ACADEMY (http://ideapublicschools.org/our-schools/idea-southeast/)
20:43:51 INFO       Found directory at http://ideapublicschools.org/our-schools/idea-southeast/staff
20:43:52 INFO       \u2192 0 art teacher(s) found. Status: no_art_teachers_found
20:43:52 INFO       \u2192 0 new staff records saved.
20:43:55 INFO     [591/9192] IDEA LAKE HOUSTON ACADEMY (http://ideapublicschools.org/our-schools/idea-lake-houston/)
20:43:57 INFO       Found directory at http://ideapublicschools.org/our-schools/idea-lake-houston/staff
20:43:58 INFO       \u2192 0 art teacher(s) found. Status: no_art_teachers_found
20:43:58 INFO       \u2192 0 new staff records saved.
20:44:01 INFO     [592/9192] IDEA YUKON ACADEMY (http://ideapublicschools.org)
20:44:24 INFO       \u2192 0 art teacher(s) found. Status: no_directory_found
20:44:24 INFO       \u2192 0 new staff records saved.
20:44:26 INFO     [593/9192] IDEA A W BROWN COLLEGE PREPARATORY (None)
20:44:26 INFO       \u2192 0 art teacher(s) found. Status: no_url
20:44:26 INFO       \u2192 0 new staff records saved.
20:44:29 INFO     [594/9192] IDEA A W BROWN ACADEMY (None)
20:44:29 INFO       \u2192 0 art teacher(s) found. Status: no_url
20:44:29 INFO       \u2192 0 new staff records saved.
20:44:31 INFO     [595/9192] PANOLA CS (http://www.panolaschools.net)
20:44:47 INFO       \u2192 0 art teacher(s) found. Status: no_directory_found
20:44:47 INFO       \u2192 0 new staff records saved.
20:44:52 INFO     [596/9192] TEXAS EARLY COLLEGE H S (http://www.panolaschools.net)
20:45:08 INFO       \u2192 0 art teacher(s) found. Status: no_directory_found
20:45:08 INFO       \u2192 0 new staff records saved.
20:45:13 INFO     [597/9192] PANOLA EARLY COLLEGE H S (http://www.panolaschools.net)
20:45:31 INFO       \u2192 0 art teacher(s) found. Status: no_directory_found
20:45:31 INFO       \u2192 0 new staff records saved.
20:45:36 INFO     [598/9192] BRAZOS RIVER CHARTER SCHOOL (None)
20:45:36 INFO       \u2192 0 art teacher(s) found. Status: no_url
20:45:36 INFO       \u2192 0 new staff records saved.
20:45:39 INFO     [599/9192] EHRHART SCHOOL (None)
20:45:39 INFO       \u2192 0 art teacher(s) found. Status: no_url
20:45:39 INFO       \u2192 0 new staff records saved.
20:45:41 INFO     [600/9192] BIG SPRINGS CHARTER SCHOOL (http://www.bscsk12.com)
20:45:41 INFO       \u2192 0 art teacher(s) found. Status: robots_blocked
20:45:41 INFO       \u2192 0 new staff records saved.
20:45:44 INFO     [601/9192] HILL COUNTRY YOUTH RANCH (http://www.bscsk12.com)
20:45:44 INFO       \u2192 0 art teacher(s) found. Status: robots_blocked
20:45:44 INFO       \u2192 0 new staff records saved.
20:45:46 INFO     [602/9192] FORT WORTH ACADEMY OF FINE ARTS (http://www.artsacademics.org)
20:45:54 INFO       Found directory at http://www.artsacademics.org/contact
20:45:56 INFO       \u2192 0 art teacher(s) found. Status: no_art_teachers_found
20:45:56 INFO       \u2192 0 new staff records saved.
20:45:58 INFO     [603/9192] FORT WORTH ACADEMY OF FINE ARTS EL (http://www.artsacademics.org)
20:46:06 INFO       Found directory at http://www.artsacademics.org/contact
20:46:08 INFO       \u2192 0 art teacher(s) found. Status: no_art_teachers_found
20:46:08 INFO       \u2192 0 new staff records saved.
20:46:10 INFO     [604/9192] CEDARS INTERNATIONAL ACADEMY (http://cedars-academy.org/)
20:46:11 INFO       \u2192 0 art teacher(s) found. Status: robots_blocked
20:46:11 INFO       \u2192 0 new staff records saved.
20:46:13 INFO     [605/9192] CEDARS ACADEMY NEXT GENERATION H S AT HIGHLAND (http://cedars-academy.org)
20:46:13 INFO       \u2192 0 art teacher(s) found. Status: robots_blocked
20:46:13 INFO       \u2192 0 new staff records saved.
20:46:16 INFO     [606/9192] GATEWAY TECH H S (http://www.gatewayhs.org)
20:46:42 INFO       \u2192 0 art teacher(s) found. Status: no_directory_found
20:46:42 INFO       \u2192 0 new staff records saved.
20:46:47 INFO     [607/9192] GATEWAY COLLEGE PREPARATORY SCHOOL (http://www.gatewaycps.org)
20:47:16 INFO       \u2192 0 art teacher(s) found. Status: no_directory_found
20:47:16 INFO       \u2192 0 new staff records saved.
20:47:21 INFO     [608/9192] NOLAN CREEK SCHOOL (http://www.nolancreekschool.org/)
20:47:47 INFO       \u2192 0 art teacher(s) found. Status: no_directory_found
20:47:47 INFO       \u2192 0 new staff records saved.
20:47:52 INFO     [609/9192] KINGSLAND SCHOOL (http://www.kingslandschooltx.org)
20:48:19 INFO       \u2192 0 art teacher(s) found. Status: no_directory_found
20:48:19 INFO       \u2192 0 new staff records saved.
20:48:24 INFO     [610/9192] EVOLUTION ACADEMY CHARTER SCHOOL (http://www.evolutionacademy.org)
20:48:24 INFO       \u2192 0 art teacher(s) found. Status: robots_blocked
20:48:24 INFO       \u2192 0 new staff records saved.
20:48:27 INFO     [611/9192] EVOLUTION ACADEMY HOUSTON (None)
20:48:27 INFO       \u2192 0 art teacher(s) found. Status: no_url
20:48:27 INFO       \u2192 0 new staff records saved.
20:48:29 INFO     [612/9192] EVOLUTION ACADEMY BEAUMONT (None)
20:48:29 INFO       \u2192 0 art teacher(s) found. Status: no_url
20:48:29 INFO       \u2192 0 new staff records saved.
20:48:32 INFO     [613/9192] GOLDEN RULE CHARTER SCHOOL (None)
20:48:32 INFO       \u2192 0 art teacher(s) found. Status: no_url
20:48:32 INFO       \u2192 0 new staff records saved.
20:48:34 INFO     [614/9192] GOLDEN RULE (None)
20:48:34 INFO       \u2192 0 art teacher(s) found. Status: no_url
20:48:34 INFO       \u2192 0 new staff records saved.
20:48:37 INFO     [615/9192] GOLDEN RULE DESOTO (None)
20:48:37 INFO       \u2192 0 art teacher(s) found. Status: no_url
20:48:37 INFO       \u2192 0 new staff records saved.
20:48:39 INFO     [616/9192] GOLDEN RULE SOUTHWEST (http://www.goldenruledallas.org)
20:48:57 INFO       \u2192 0 art teacher(s) found. Status: no_directory_found
20:48:57 INFO       \u2192 0 new staff records saved.
20:48:59 INFO     [617/9192] GOLDEN RULE GRAND PRAIRIE (None)
20:48:59 INFO       \u2192 0 art teacher(s) found. Status: no_url
20:48:59 INFO       \u2192 0 new staff records saved.
20:49:02 INFO     [618/9192] GOLDEN RULE SCHOOLS INC - WILMER (http://GOLDENCHARTER.ORG)
20:49:02 INFO       \u2192 0 art teacher(s) found. Status: robots_blocked
20:49:02 INFO       \u2192 0 new staff records saved.
20:49:04 INFO     [619/9192] RIPLEY HOUSE CHARTER SCHOOL (None)
20:49:04 INFO       \u2192 0 art teacher(s) found. Status: no_url
20:49:04 INFO       \u2192 0 new staff records saved.
20:49:07 INFO     [620/9192] NCI CHARTER SCHOOL WITHOUT WALLS (None)
20:49:07 INFO       \u2192 0 art teacher(s) found. Status: no_url
20:49:07 INFO       \u2192 0 new staff records saved.
20:49:09 INFO     [621/9192] BAKER-RIPLEY CHARTER SCHOOL (None)
20:49:09 INFO       \u2192 0 art teacher(s) found. Status: no_url
20:49:09 INFO       \u2192 0 new staff records saved.
20:49:12 INFO     [622/9192] RIPLEY HOUSE MIDDLE CAMPUS (None)
20:49:12 INFO       \u2192 0 art teacher(s) found. Status: no_url
20:49:12 INFO       \u2192 0 new staff records saved.
20:49:14 INFO     [623/9192] NEW NEIGHBOR CAMPUS (None)
20:49:14 INFO       \u2192 0 art teacher(s) found. Status: no_url
20:49:14 INFO       \u2192 0 new staff records saved.
20:49:17 INFO     [624/9192] HARMONY SCIENCE ACADEMY - AUSTIN (http://hsaaustin.harmonytx.org/)
20:49:20 INFO       Found directory at http://hsaaustin.harmonytx.org/staff
20:49:22 INFO       \u2192 0 art teacher(s) found. Status: no_art_teachers_found
20:49:22 INFO       \u2192 0 new staff records saved.
20:49:27 INFO     [625/9192] HARMONY SCIENCE ACADEMY-PFLUGERVILLE (http://hsapflugerville.harmonytx.org/)
20:49:31 INFO       Found directory at http://hsapflugerville.harmonytx.org/staff
20:49:33 INFO       \u2192 0 art teacher(s) found. Status: no_art_teachers_found
20:49:33 INFO       \u2192 0 new staff records saved.
20:49:38 INFO     [626/9192] HARMONY SCHOOL OF EXCELLENCE - AUSTIN (http://hseaustin.harmonytx.org/)
20:49:42 INFO       Found directory at http://hseaustin.harmonytx.org/staff
20:49:44 INFO       \u2192 0 art teacher(s) found. Status: no_art_teachers_found
20:49:44 INFO       \u2192 0 new staff records saved.
20:49:49 INFO     [627/9192] HARMONY SCHOOL OF SCIENCE - AUSTIN (http://hssaustin.harmonytx.org/)
20:49:52 INFO       Found directory at http://hssaustin.harmonytx.org/staff
20:49:54 INFO       \u2192 0 art teacher(s) found. Status: no_art_teachers_found
20:49:54 INFO       \u2192 0 new staff records saved.
20:49:59 INFO     [628/9192] HARMONY SCHOOL OF ENDEAVOR AUSTIN (http://hspaustin.harmonytx.org/)
20:50:03 INFO       Found directory at http://hspaustin.harmonytx.org/staff
20:50:05 INFO       \u2192 0 art teacher(s) found. Status: no_art_teachers_found
20:50:05 INFO       \u2192 0 new staff records saved.
20:50:10 INFO     [629/9192] HARMONY SCHOOL OF INNOVATION - AUSTIN (http://hsiaustin.harmonytx.org/)
20:50:14 INFO       Found directory at http://hsiaustin.harmonytx.org/staff
20:50:16 INFO       \u2192 0 art teacher(s) found. Status: no_art_teachers_found
20:50:16 INFO       \u2192 0 new staff records saved.
20:50:21 INFO     [630/9192] HARMONY SCIENCE ACADEMY - CEDAR PARK (http://hsacp.harmonytx.org/)
20:50:24 INFO       Found directory at http://hsacp.harmonytx.org/staff
20:50:26 INFO       \u2192 0 art teacher(s) found. Status: no_art_teachers_found
20:50:26 INFO       \u2192 0 new staff records saved.
20:50:31 INFO     [631/9192] LIGHTHOUSE EL (http://lighthousesa.org)
20:50:32 INFO       \u2192 0 art teacher(s) found. Status: robots_blocked
20:50:32 INFO       \u2192 0 new staff records saved.
20:50:34 INFO     [632/9192] LIGHTHOUSE MIDDLE (http://lighthousesa.org)
20:50:34 INFO       \u2192 0 art teacher(s) found. Status: robots_blocked
20:50:34 INFO       \u2192 0 new staff records saved.
20:50:37 INFO     [633/9192] LIGHTHOUSE HIGH (http://lighthousesa.org)
20:50:37 INFO       \u2192 0 art teacher(s) found. Status: robots_blocked
20:50:37 INFO       \u2192 0 new staff records saved.
20:50:39 INFO     [634/9192] ST ANTHONY ACADEMY (http://www.stanthonydallas.org)
20:50:55 INFO       \u2192 0 art teacher(s) found. Status: no_directory_found
20:50:55 INFO       \u2192 0 new staff records saved.
20:51:00 INFO     [635/9192] ST ANTHONY SCHOOL (http://www.stanthonydallas.org)
20:51:14 INFO       \u2192 0 art teacher(s) found. Status: no_directory_found
20:51:14 INFO       \u2192 0 new staff records saved.
20:51:19 INFO     [636/9192] UNIVERSITY OF TEXAS EL CHARTER SCHOOL (http://utelementary.org)
20:53:49 INFO       \u2192 0 art teacher(s) found. Status: no_directory_found
20:53:49 INFO       \u2192 0 new staff records saved.
20:53:51 INFO     [637/9192] TEXAS SCHOOL FOR THE BLIND AND VISUALLY IMPAIRED (http://www.tsbvi.edu)
20:53:56 INFO       Found directory at http://www.tsbvi.edu/staff
20:53:57 INFO       \u2192 0 art teacher(s) found. Status: no_art_teachers_found
20:53:57 INFO       \u2192 0 new staff records saved.
20:54:00 INFO     [638/9192] TEXAS SCHOOL FOR THE DEAF (http://www.tsd.texas.gov)
20:54:15 INFO       \u2192 0 art teacher(s) found. Status: no_directory_found
20:54:15 INFO       \u2192 0 new staff records saved.
20:54:18 INFO     [639/9192] WESTLAKE ACADEMY (None)
20:54:18 INFO       \u2192 0 art teacher(s) found. Status: no_url
20:54:18 INFO       \u2192 0 new staff records saved.
20:54:20 INFO     [640/9192] EAST FORT WORTH MONTESSORI ACADEMY (http://www.efwma.org)
20:54:44 INFO       \u2192 0 art teacher(s) found. Status: no_directory_found
20:54:44 INFO       \u2192 0 new staff records saved.
20:54:49 INFO     [641/9192] SST SA COLLEGE PREP H S (http://www.sstschools.org/)
20:54:56 INFO       Found directory at http://www.sstschools.org/contact
20:54:58 INFO       \u2192 0 art teacher(s) found. Status: no_art_teachers_found
20:54:58 INFO       \u2192 0 new staff records saved.
20:55:01 INFO     [642/9192] SST ALAMO (http://www.sstschools.org/)
20:55:07 INFO       Found directory at http://www.sstschools.org/contact
20:55:09 INFO       \u2192 0 art teacher(s) found. Status: no_art_teachers_found
20:55:09 INFO       \u2192 0 new staff records saved.
20:55:11 INFO     [643/9192] SST THE WOODLANDS (http://www.sstschools.org/)
20:55:18 INFO       Found directory at http://www.sstschools.org/contact
20:55:20 INFO       \u2192 0 art teacher(s) found. Status: no_art_teachers_found
20:55:20 INFO       \u2192 0 new staff records saved.
20:55:22 INFO     [644/9192] SST WILLOWCREEK (http://www.sstschools.org/)
20:55:29 INFO       Found directory at http://www.sstschools.org/contact
20:55:30 INFO       \u2192 0 art teacher(s) found. Status: no_art_teachers_found
20:55:30 INFO       \u2192 0 new staff records saved.
20:55:33 INFO     [645/9192] SST SPRING (http://www.sstschools.org/)
20:55:39 INFO       Found directory at http://www.sstschools.org/contact
20:55:41 INFO       \u2192 0 art teacher(s) found. Status: no_art_teachers_found
20:55:41 INFO       \u2192 0 new staff records saved.
20:55:44 INFO     [646/9192] SST CHAMPIONS (http://www.sstschools.org/)
20:55:50 INFO       Found directory at http://www.sstschools.org/contact
20:55:52 INFO       \u2192 0 art teacher(s) found. Status: no_art_teachers_found
20:55:52 INFO       \u2192 0 new staff records saved.
20:55:54 INFO     [647/9192] SST SCHERTZ (http://www.sstschools.org/)
20:56:01 INFO       Found directory at http://www.sstschools.org/contact
20:56:02 INFO       \u2192 0 art teacher(s) found. Status: no_art_teachers_found
20:56:02 INFO       \u2192 0 new staff records saved.
20:56:05 INFO     [648/9192] TRINITY CHARTER SCHOOLS - CANYON LAKE CAMPUS (None)
20:56:05 INFO       \u2192 0 art teacher(s) found. Status: no_url
20:56:05 INFO       \u2192 0 new staff records saved.
20:56:07 INFO     [649/9192] TRINITY CHARTER SCHOOLS - LOCKHART CAMPUS (http://trinitycharterschools.org)
20:56:16 INFO       Found directory at http://trinitycharterschools.org/about/staff
20:56:18 INFO       \u2192 0 art teacher(s) found. Status: no_art_teachers_found
20:56:18 INFO       \u2192 0 new staff records saved.
20:56:20 INFO     [650/9192] TRINITY CHARTER SCHOOLS - BIG SANDY CAMPUS (http://trinitycharterschools.org)
20:56:26 INFO       Found directory at http://trinitycharterschools.org/about/staff
20:56:28 INFO       \u2192 0 art teacher(s) found. Status: no_art_teachers_found
20:56:28 INFO       \u2192 0 new staff records saved.
20:56:31 INFO     [651/9192] TRINITY CHARTER SCHOOLS - VIRTUAL RECLAIM ACADEMY (http://trinitycharterschools.org)
20:56:37 INFO       Found directory at http://trinitycharterschools.org/about/staff
20:56:39 INFO       \u2192 0 art teacher(s) found. Status: no_art_teachers_found
20:56:39 INFO       \u2192 0 new staff records saved.
20:56:41 INFO     [652/9192] TRINITY CHARTER SCHOOLS - TOMBALL CAMPUS (http://trinitycharterschools.org)
20:56:48 INFO       Found directory at http://trinitycharterschools.org/about/staff
20:56:49 INFO       \u2192 0 art teacher(s) found. Status: no_art_teachers_found
20:56:49 INFO       \u2192 0 new staff records saved.
20:56:52 INFO     [653/9192] TRINITY CHARTER SCHOOL - BRENHAM CAMPUS (http://trinitycharterschools.org)
20:56:58 INFO       Found directory at http://trinitycharterschools.org/about/staff
20:57:00 INFO       \u2192 0 art teacher(s) found. Status: no_art_teachers_found
20:57:00 INFO       \u2192 0 new staff records saved.
20:57:03 INFO     [654/9192] TRINITY CHARTER SCHOOLS - TYLER CAMPUS (http://trinitycharterschools.org)
20:57:09 INFO       Found directory at http://trinitycharterschools.org/about/staff
20:57:11 INFO       \u2192 0 art teacher(s) found. Status: no_art_teachers_found
20:57:11 INFO       \u2192 0 new staff records saved.
20:57:13 INFO     [655/9192] TRINITY CHARTER SCHOOLS - WAXAHACHIE CAMPUS (http://trinitycharterschools.org)
20:57:20 INFO       Found directory at http://trinitycharterschools.org/about/staff
20:57:22 INFO       \u2192 0 art teacher(s) found. Status: no_art_teachers_found
20:57:22 INFO       \u2192 0 new staff records saved.
20:57:25 INFO     [656/9192] TRINITY CHARTER SCHOOLS - MARSHALL CAMPUS (http://trinitycharterschools.org)
20:57:32 INFO       Found directory at http://trinitycharterschools.org/about/staff
20:57:34 INFO       \u2192 0 art teacher(s) found. Status: no_art_teachers_found
20:57:34 INFO       \u2192 0 new staff records saved.
20:57:36 INFO     [657/9192] TRINITY CHARTER SCHOOLS - FORT WORTH CAMPUS (http://trinitycharterschools.org)
20:57:42 INFO       Found directory at http://trinitycharterschools.org/about/staff
20:57:44 INFO       \u2192 0 art teacher(s) found. Status: no_art_teachers_found
20:57:44 INFO       \u2192 0 new staff records saved.
20:57:47 INFO     [658/9192] TRINITY CHARTER SCHOOLS - WILLIS CAMPUS (http://trinitycharterschools.org)
20:57:53 INFO       Found directory at http://trinitycharterschools.org/about/staff
20:57:55 INFO       \u2192 0 art teacher(s) found. Status: no_art_teachers_found
20:57:55 INFO       \u2192 0 new staff records saved.
20:57:57 INFO     [659/9192] TRINITY CHARTER SCHOOLS - ANGLETON CAMPUS (http://trinitycharterschools.org)
20:58:03 INFO       Found directory at http://trinitycharterschools.org/about/staff
20:58:05 INFO       \u2192 0 art teacher(s) found. Status: no_art_teachers_found
20:58:05 INFO       \u2192 0 new staff records saved.
20:58:08 INFO     [660/9192] TRINITY CHARTER SCHOOLS - RICHMOND CAMPUS (None)
20:58:08 INFO       \u2192 0 art teacher(s) found. Status: no_url
20:58:08 INFO       \u2192 0 new staff records saved.
20:58:10 INFO     [661/9192] TRINITY CHARTER SCHOOLS - BEAUMONT CAMPUS (None)
20:58:10 INFO       \u2192 0 art teacher(s) found. Status: no_url
20:58:10 INFO       \u2192 0 new staff records saved.
20:58:13 INFO     [662/9192] TRINITY CHARTER SCHOOL - PLANTERSVILLE CAMPUS (None)
20:58:13 INFO       \u2192 0 art teacher(s) found. Status: no_url
20:58:13 INFO       \u2192 0 new staff records saved.
20:58:15 INFO     [663/9192] MEYERPARK EL (http://meyerparkcharter.org)
20:58:26 INFO       Found directory at http://meyerparkcharter.org/contact
20:58:28 INFO       \u2192 0 art teacher(s) found. Status: no_art_teachers_found
20:58:28 INFO       \u2192 0 new staff records saved.
20:58:31 INFO     [664/9192] DRAW ACADEMY (None)
20:58:31 INFO       \u2192 0 art teacher(s) found. Status: no_url
20:58:31 INFO       \u2192 0 new staff records saved.
20:58:33 INFO     [665/9192] KIPP ACADEMY MIDDLE (http://www.kipptexas.org)
20:58:37 INFO       Found directory at http://www.kipptexas.org/faculty
20:58:43 INFO       \u2192 0 art teacher(s) found. Status: no_art_teachers_found
20:58:43 INFO       \u2192 0 new staff records saved.
20:58:46 INFO     [666/9192] KIPP ASPIRE ACADEMY (http://www.kipptexas.org)
20:58:49 INFO       Found directory at http://www.kipptexas.org/faculty
20:58:55 INFO       \u2192 0 art teacher(s) found. Status: no_art_teachers_found
20:58:55 INFO       \u2192 0 new staff records saved.
20:58:58 INFO     [667/9192] KIPP TRUTH ACADEMY (http://www.kipptexas.org)
20:59:01 INFO       Found directory at http://www.kipptexas.org/faculty
20:59:08 INFO       \u2192 0 art teacher(s) found. Status: no_art_teachers_found
20:59:08 INFO       \u2192 0 new staff records saved.
20:59:10 INFO     [668/9192] KIPP AUSTIN COLLEGE PREP (http://www.kipptexas.org)
20:59:14 INFO       Found directory at http://www.kipptexas.org/faculty
20:59:19 INFO       \u2192 0 art teacher(s) found. Status: no_art_teachers_found
20:59:19 INFO       \u2192 0 new staff records saved.
20:59:22 INFO     [669/9192] KIPP 3D ACADEMY (http://www.kipptexas.org)
20:59:26 INFO       Found directory at http://www.kipptexas.org/faculty
20:59:32 INFO       \u2192 0 art teacher(s) found. Status: no_art_teachers_found
20:59:32 INFO       \u2192 0 new staff records saved.
20:59:35 INFO     [670/9192] KIPP PEACE EL (http://www.kipptexas.org)
20:59:38 INFO       Found directory at http://www.kipptexas.org/faculty
20:59:43 INFO       \u2192 0 art teacher(s) found. Status: no_art_teachers_found
20:59:43 INFO       \u2192 0 new staff records saved.
20:59:46 INFO     [671/9192] KIPP ZENITH ACADEMY (http://www.kipptexas.org)
20:59:49 INFO       Found directory at http://www.kipptexas.org/faculty
20:59:51 INFO       \u2192 0 art teacher(s) found. Status: no_art_teachers_found
20:59:51 INFO       \u2192 0 new staff records saved.
20:59:54 INFO     [672/9192] KIPP SHARP PREP (http://www.kipptexas.org)
20:59:57 INFO       Found directory at http://www.kipptexas.org/faculty
21:00:01 INFO       \u2192 0 art teacher(s) found. Status: no_art_teachers_found
21:00:01 INFO       \u2192 0 new staff records saved.
21:00:03 INFO     [673/9192] KIPP DREAM PREP (http://www.kipptexas.org)
21:00:07 INFO       Found directory at http://www.kipptexas.org/faculty
21:00:13 INFO       \u2192 0 art teacher(s) found. Status: no_art_teachers_found
21:00:13 INFO       \u2192 0 new staff records saved.
21:00:16 INFO     [674/9192] KIPP SHINE PREP (http://www.kipptexas.org)
21:00:19 INFO       Found directory at http://www.kipptexas.org/faculty
21:00:25 INFO       \u2192 0 art teacher(s) found. Status: no_art_teachers_found
21:00:25 INFO       \u2192 0 new staff records saved.
21:00:28 INFO     [675/9192] KIPP SPIRIT COLLEGE PREP (http://www.kipptexas.org)
21:00:31 INFO       Found directory at http://www.kipptexas.org/faculty
21:00:36 INFO       \u2192 0 art teacher(s) found. Status: no_art_teachers_found
21:00:36 INFO       \u2192 0 new staff records saved.
21:00:38 INFO     [676/9192] KIPP LIBERATION COLLEGE PREPARATORY (http://www.kipptexas.org)
21:00:42 INFO       Found directory at http://www.kipptexas.org/faculty
21:00:47 INFO       \u2192 0 art teacher(s) found. Status: no_art_teachers_found
21:00:47 INFO       \u2192 0 new staff records saved.
21:00:49 INFO     [677/9192] KIPP AUSTIN COLLEGIATE (http://www.kipptexas.org)
21:00:52 INFO       Found directory at http://www.kipptexas.org/faculty
21:00:58 INFO       \u2192 0 art teacher(s) found. Status: no_art_teachers_found
21:00:58 INFO       \u2192 0 new staff records saved.
21:01:00 INFO     [678/9192] KIPP EXPLORE ACADEMY (http://www.kipptexas.org)
21:01:04 INFO       Found directory at http://www.kipptexas.org/faculty
21:01:10 INFO       \u2192 0 art teacher(s) found. Status: no_art_teachers_found
21:01:10 INFO       \u2192 0 new staff records saved.
21:01:13 INFO     [679/9192] KIPP HOUSTON H S (http://www.kipptexas.org)
21:01:16 INFO       Found directory at http://www.kipptexas.org/faculty
21:01:21 INFO       \u2192 0 art teacher(s) found. Status: no_art_teachers_found
21:01:21 INFO       \u2192 0 new staff records saved.
21:01:23 INFO     [680/9192] KIPP SHARPSTOWN COLLEGE PREP (http://www.kipptexas.org)
21:01:27 INFO       Found directory at http://www.kipptexas.org/faculty
21:01:33 INFO       \u2192 0 art teacher(s) found. Status: no_art_teachers_found
21:01:33 INFO       \u2192 0 new staff records saved.
21:01:35 INFO     [681/9192] KIPP POLARIS ACADEMY FOR BOYS (http://www.kipptexas.org)
21:01:39 INFO       Found directory at http://www.kipptexas.org/faculty
21:01:46 INFO       \u2192 0 art teacher(s) found. Status: no_art_teachers_found
21:01:46 INFO       \u2192 0 new staff records saved.
21:01:48 INFO     [682/9192] KIPP AUSTIN ACADEMY OF ARTS & LETTERS (http://www.kippaustin.org)
21:01:52 INFO       Found directory at http://www.kippaustin.org/faculty
21:01:58 INFO       \u2192 0 art teacher(s) found. Status: no_art_teachers_found
21:01:58 INFO       \u2192 0 new staff records saved.
21:02:01 INFO     [683/9192] KIPP UNIVERSITY PREP H S (http://www.kipptexas.org)
21:02:05 INFO       Found directory at http://www.kipptexas.org/faculty
21:02:10 INFO       \u2192 0 art teacher(s) found. Status: no_art_teachers_found
21:02:10 INFO       \u2192 0 new staff records saved.
21:02:13 INFO     [684/9192] KIPP INTREPID PREPARATORY (http://www.kipptexas.org)
21:02:25 INFO       Found directory at http://www.kipptexas.org/faculty
21:02:31 INFO       \u2192 0 art teacher(s) found. Status: no_art_teachers_found
21:02:31 INFO       \u2192 0 new staff records saved.
21:02:33 INFO     [685/9192] KIPP VOYAGE ACADEMY FOR GIRLS (http://www.kipptexas.org)
21:02:36 INFO       Found directory at http://www.kipptexas.org/faculty
21:02:43 INFO       \u2192 0 art teacher(s) found. Status: no_art_teachers_found
21:02:43 INFO       \u2192 0 new staff records saved.
21:02:46 INFO     [686/9192] KIPP SUNNYSIDE H S (http://www.kipptexas.org)
21:02:49 INFO       Found directory at http://www.kipptexas.org/faculty
21:02:56 INFO       \u2192 0 art teacher(s) found. Status: no_art_teachers_found
21:02:56 INFO       \u2192 0 new staff records saved.
21:02:59 INFO     [687/9192] KIPP LEGACY PREPARATORY (http://www.kipptexas.org)
21:03:02 INFO       Found directory at http://www.kipptexas.org/faculty
21:03:08 INFO       \u2192 0 art teacher(s) found. Status: no_art_teachers_found
21:03:08 INFO       \u2192 0 new staff records saved.
21:03:11 INFO     [688/9192] KIPP AUSTIN COMUNIDAD (http://www.kipptexas.org)
21:03:15 INFO       Found directory at http://www.kipptexas.org/faculty
21:03:20 INFO       \u2192 0 art teacher(s) found. Status: no_art_teachers_found
21:03:20 INFO       \u2192 0 new staff records saved.
21:03:23 INFO     [689/9192] KIPP ALEGRIA PRI (http://www.kipptexas.org)
21:03:26 INFO       Found directory at http://www.kipptexas.org/faculty
21:03:32 INFO       \u2192 0 art teacher(s) found. Status: no_art_teachers_found
21:03:32 INFO       \u2192 0 new staff records saved.
21:03:35 INFO     [690/9192] KIPP CAMINO ACADEMY (http://www.kipptexas.org)
21:03:38 INFO       Found directory at http://www.kipptexas.org/faculty
21:03:44 INFO       \u2192 0 art teacher(s) found. Status: no_art_teachers_found
21:03:44 INFO       \u2192 0 new staff records saved.
21:03:47 INFO     [691/9192] KIPP GENERATIONS COLLEGIATE (http://www.kipptexas.org)
21:03:50 INFO       Found directory at http://www.kipptexas.org/faculty
21:03:55 INFO       \u2192 0 art teacher(s) found. Status: no_art_teachers_found
21:03:55 INFO       \u2192 0 new staff records saved.
21:03:58 INFO     [692/9192] KIPP CONNECT HOUSTON PRI (http://www.kipptexas.org)
21:04:01 INFO       Found directory at http://www.kipptexas.org/faculty
21:04:03 INFO       \u2192 0 art teacher(s) found. Status: no_art_teachers_found
21:04:03 INFO       \u2192 0 new staff records saved.
21:04:05 INFO     [693/9192] KIPP CONNECT PREPARATORY (http://www.kipptexas.org)
21:04:08 INFO       Found directory at http://www.kipptexas.org/faculty
21:04:15 INFO       \u2192 0 art teacher(s) found. Status: no_art_teachers_found
21:04:15 INFO       \u2192 0 new staff records saved.
21:04:17 INFO     [694/9192] KIPP UN MUNDO PRI (http://www.kipptexas.org)
21:04:20 INFO       Found directory at http://www.kipptexas.org/faculty
21:04:25 INFO       \u2192 0 art teacher(s) found. Status: no_art_teachers_found
21:04:25 INFO       \u2192 0 new staff records saved.
21:04:27 INFO     [695/9192] KIPP AUSTIN BEACON PREP (http://www.kipptexas.org)
21:04:31 INFO       Found directory at http://www.kipptexas.org/faculty
21:04:37 INFO       \u2192 0 art teacher(s) found. Status: no_art_teachers_found
21:04:37 INFO       \u2192 0 new staff records saved.
21:04:40 INFO     [696/9192] KIPP AUSTIN OBRAS (http://www.kipptexas.org)
21:04:43 INFO       Found directory at http://www.kipptexas.org/faculty
21:04:48 INFO       \u2192 0 art teacher(s) found. Status: no_art_teachers_found
21:04:48 INFO       \u2192 0 new staff records saved.
21:04:50 INFO     [697/9192] KIPP NORTHEAST COLLEGE PREPARATORY (http://www.kipptexas.org)
21:04:55 INFO       Found directory at http://www.kipptexas.org/faculty
21:05:01 INFO       \u2192 0 art teacher(s) found. Status: no_art_teachers_found
21:05:01 INFO       \u2192 0 new staff records saved.
21:05:04 INFO     [698/9192] KIPP ESPERANZA PRI (http://www.kipptexas.org)
21:05:07 INFO       Found directory at http://www.kipptexas.org/faculty
21:05:13 INFO       \u2192 0 art teacher(s) found. Status: no_art_teachers_found
21:05:13 INFO       \u2192 0 new staff records saved.
21:05:15 INFO     [699/9192] KIPP SOMOS PRI (http://www.kipptexas.org)
21:05:19 INFO       Found directory at http://www.kipptexas.org/faculty
21:05:24 INFO       \u2192 0 art teacher(s) found. Status: no_art_teachers_found
21:05:24 INFO       \u2192 0 new staff records saved.
21:05:27 INFO     [700/9192] KIPP ACADEMY WEST (http://www.kipptexas.org)
21:05:30 INFO       Found directory at http://www.kipptexas.org/faculty
21:05:35 INFO       \u2192 0 art teacher(s) found. Status: no_art_teachers_found
21:05:35 INFO       \u2192 0 new staff records saved.
21:05:37 INFO     [701/9192] KIPP CLIMB ACADEMY (None)
21:05:37 INFO       \u2192 0 art teacher(s) found. Status: no_url
21:05:37 INFO       \u2192 0 new staff records saved.
21:05:40 INFO     [702/9192] KIPP UNITY PRI (None)
21:05:40 INFO       \u2192 0 art teacher(s) found. Status: no_url
21:05:40 INFO       \u2192 0 new staff records saved.
21:05:42 INFO     [703/9192] KIPP PRIME COLLEGE PREPARATORY (http://www.kipptexas.org)
21:05:46 INFO       Found directory at http://www.kipptexas.org/faculty
21:05:52 INFO       \u2192 0 art teacher(s) found. Status: no_art_teachers_found
21:05:52 INFO       \u2192 0 new staff records saved.
21:05:54 INFO     [704/9192] KIPP TRUTH EL (http://www.kipptexas.org)
21:05:58 INFO       Found directory at http://www.kipptexas.org/faculty
21:06:04 INFO       \u2192 0 art teacher(s) found. Status: no_art_teachers_found
21:06:04 INFO       \u2192 0 new staff records saved.
21:06:07 INFO     [705/9192] KIPP AUSTIN BRAVE (http://www.kipptexas.org)
21:06:10 INFO       Found directory at http://www.kipptexas.org/faculty
21:06:15 INFO       \u2192 0 art teacher(s) found. Status: no_art_teachers_found
21:06:15 INFO       \u2192 0 new staff records saved.
21:06:17 INFO     [706/9192] KIPP PLEASANT GROVE PRI (http://www.kipptexas.org)
21:06:21 INFO       Found directory at http://www.kipptexas.org/faculty
21:06:25 INFO       \u2192 0 art teacher(s) found. Status: no_art_teachers_found
21:06:25 INFO       \u2192 0 new staff records saved.
21:06:28 INFO     [707/9192] KIPP NEXUS PRI (http://www.kipptexas.org)
21:06:32 INFO       Found directory at http://www.kipptexas.org/faculty
21:06:39 INFO       \u2192 0 art teacher(s) found. Status: no_art_teachers_found
21:06:39 INFO       \u2192 0 new staff records saved.
21:06:41 INFO     [708/9192] KIPP NEXUS MIDDLE (http://www.kipptexas.org)
21:06:45 INFO       Found directory at http://www.kipptexas.org/faculty
21:06:51 INFO       \u2192 0 art teacher(s) found. Status: no_art_teachers_found
21:06:51 INFO       \u2192 0 new staff records saved.
21:06:54 INFO     [709/9192] KIPP PLEASANT GROVE LEADERSHIP ACADEMY (http://www.kipptexas.org)
21:06:57 INFO       Found directory at http://www.kipptexas.org/faculty
21:07:02 INFO       \u2192 0 art teacher(s) found. Status: no_art_teachers_found
21:07:02 INFO       \u2192 0 new staff records saved.
21:07:05 INFO     [710/9192] KIPP OAK CLIFF ACADEMY (http://www.kipptexas.org)
21:07:08 INFO       Found directory at http://www.kipptexas.org/faculty
21:07:13 INFO       \u2192 0 art teacher(s) found. Status: no_art_teachers_found
21:07:13 INFO       \u2192 0 new staff records saved.
21:07:15 INFO     [711/9192] KIPP JOURNEY PRI (http://kipphouston.org)
21:07:19 INFO       Found directory at http://kipphouston.org/faculty
21:07:25 INFO       \u2192 0 art teacher(s) found. Status: no_art_teachers_found
21:07:25 INFO       \u2192 0 new staff records saved.
21:07:27 INFO     [712/9192] KIPP SOMOS COLLEGIATE (http://kipptexas.org)
21:07:48 INFO       \u2192 0 art teacher(s) found. Status: no_directory_found
21:07:48 INFO       \u2192 0 new staff records saved.
21:07:50 INFO     [713/9192] KIPP JOURNEY COLLEGIATE SCHOOL (http://kipphouston.org)
21:07:54 INFO       Found directory at http://kipphouston.org/faculty
21:08:00 INFO       \u2192 0 art teacher(s) found. Status: no_art_teachers_found
21:08:00 INFO       \u2192 0 new staff records saved.
21:08:02 INFO     [714/9192] KIPP EAST END H S (None)
21:08:02 INFO       \u2192 0 art teacher(s) found. Status: no_url
21:08:02 INFO       \u2192 0 new staff records saved.
21:08:05 INFO     [715/9192] KIPP PASEO PREPARATORY SCHOOL (http://KIPPTEXAS.ORG)
21:08:08 INFO       Found directory at http://KIPPTEXAS.ORG/faculty
21:08:15 INFO       \u2192 0 art teacher(s) found. Status: no_art_teachers_found
21:08:15 INFO       \u2192 0 new staff records saved.
21:08:17 INFO     [716/9192] KIPP PASEO PRI (http://KIPPTEXAS.ORG)
21:08:20 INFO       Found directory at http://KIPPTEXAS.ORG/faculty
21:08:26 INFO       \u2192 0 art teacher(s) found. Status: no_art_teachers_found
21:08:26 INFO       \u2192 0 new staff records saved.
21:08:28 INFO     [717/9192] KIPP MOSAIC ACADEMY SCHOOL (http://KIPPTEXAS.ORG)
21:08:31 INFO       Found directory at http://KIPPTEXAS.ORG/faculty
21:08:37 INFO       \u2192 0 art teacher(s) found. Status: no_art_teachers_found
21:08:37 INFO       \u2192 0 new staff records saved.
21:08:40 INFO     [718/9192] KIPP MOSAIC PRI (None)
21:08:40 INFO       \u2192 0 art teacher(s) found. Status: no_url
21:08:40 INFO       \u2192 0 new staff records saved.
21:08:42 INFO     [719/9192] AUSTIN DISCOVERY SCH (http://www.austindiscoveryschool.org)
21:08:54 INFO       \u2192 0 art teacher(s) found. Status: no_directory_found
21:08:54 INFO       \u2192 0 new staff records saved.
21:08:57 INFO     [720/9192] HARMONY SCIENCE ACAD (SAN ANTONIO) (http://hsasa.harmonytx.org)
21:09:01 INFO       Found directory at http://hsasa.harmonytx.org/staff
21:09:03 INFO       \u2192 0 art teacher(s) found. Status: no_art_teachers_found
21:09:03 INFO       \u2192 0 new staff records saved.
21:09:08 INFO     [721/9192] HARMONY SCIENCE ACADEMY - LAREDO (http://hsalaredo.harmonytx.org)
21:09:13 INFO       Found directory at http://hsalaredo.harmonytx.org/staff
21:09:14 INFO       \u2192 0 art teacher(s) found. Status: no_art_teachers_found
21:09:14 INFO       \u2192 0 new staff records saved.
21:09:19 INFO     [722/9192] HARMONY SCIENCE ACADEMY - BROWNSVILLE (http://hsabrownsville.harmonytx.org)
21:09:24 INFO       Found directory at http://hsabrownsville.harmonytx.org/staff
21:09:26 INFO       \u2192 0 art teacher(s) found. Status: no_art_teachers_found
21:09:26 INFO       \u2192 0 new staff records saved.
21:09:31 INFO     [723/9192] HARMONY SCHOOL OF INNOVATION - SAN ANTONIO (http://hsasa.harmonytx.org)
21:09:32 INFO       Found directory at http://hsasa.harmonytx.org/staff
21:09:34 INFO       \u2192 0 art teacher(s) found. Status: no_art_teachers_found
21:09:34 INFO       \u2192 0 new staff records saved.
21:09:39 INFO     [724/9192] HARMONY SCHOOL OF INNOVATION - LAREDO (http://hsilaredo.harmonytx.org)
21:09:43 INFO       Found directory at http://hsilaredo.harmonytx.org/staff
21:09:44 INFO       \u2192 0 art teacher(s) found. Status: no_art_teachers_found
21:09:44 INFO       \u2192 0 new staff records saved.
21:09:49 INFO     [725/9192] HARMONY SCHOOL OF EXCELLENCE - SAN ANTONIO (http://hsesanantonio.harmonytx.org)
21:10:07 INFO       Found directory at http://hsesanantonio.harmonytx.org/directory
21:10:09 INFO       \u2192 0 art teacher(s) found. Status: no_art_teachers_found
21:10:09 INFO       \u2192 0 new staff records saved.
21:10:14 INFO     [726/9192] HARMONY SCHOOL OF INNOVATION - BROWNSVILLE (http://hsibrownsville.harmonytx.org)
21:10:18 INFO       Found directory at http://hsibrownsville.harmonytx.org/staff
21:10:20 INFO       \u2192 0 art teacher(s) found. Status: no_art_teachers_found
21:10:20 INFO       \u2192 0 new staff records saved.
21:10:25 INFO     [727/9192] HARMONY SCHOOL OF EXCELLENCE - LAREDO (http://hselaredo.harmonytx.org)
21:10:28 INFO       Found directory at http://hselaredo.harmonytx.org/staff
21:10:30 INFO       \u2192 0 art teacher(s) found. Status: no_art_teachers_found
21:10:30 INFO       \u2192 0 new staff records saved.
21:10:35 INFO     [728/9192] HARMONY SCHOOL OF SCIENCE- SAN ANTONIO (http://hsssa.harmonytx.org)
21:10:38 INFO       Found directory at http://hsssa.harmonytx.org/staff
21:10:39 INFO       \u2192 0 art teacher(s) found. Status: no_art_teachers_found
21:10:39 INFO       \u2192 0 new staff records saved.
21:10:44 INFO     [729/9192] SOMERSET ACADEMY BROOKS (http://brooksacademy.org)
21:10:44 INFO       \u2192 0 art teacher(s) found. Status: robots_blocked
21:10:44 INFO       \u2192 0 new staff records saved.
21:10:47 INFO     [730/9192] SOMERSET ACADEMY COLLEGIATE (http://brooksacademy.org)
21:10:47 INFO       \u2192 0 art teacher(s) found. Status: robots_blocked
21:10:47 INFO       \u2192 0 new staff records saved.
21:10:49 INFO     [731/9192] SOMERSET ACADEMY LONE STAR (http://brooksacademy.org)
21:10:49 INFO       \u2192 0 art teacher(s) found. Status: robots_blocked
21:10:49 INFO       \u2192 0 new staff records saved.
21:10:52 INFO     [732/9192] SOMERSET ACADEMY OAKS (http://somersetoakstx.org)
21:10:54 INFO       Found directory at http://somersetoakstx.org/staff
21:11:14 INFO       \u2192 0 art teacher(s) found. Status: timeout
21:11:14 INFO       \u2192 0 new staff records saved.
21:11:17 INFO     [733/9192] LA ACADEMIA DE ESTRELLAS (None)
21:11:17 INFO       \u2192 0 art teacher(s) found. Status: no_url
21:11:17 INFO       \u2192 0 new staff records saved.
21:11:19 INFO     [734/9192] LA ACADEMIA DE ESTRELLAS MIDDLE (None)
21:11:19 INFO       \u2192 0 art teacher(s) found. Status: no_url
21:11:19 INFO       \u2192 0 new staff records saved.
21:11:22 INFO     [735/9192] RICHLAND COLLEGIATE H S OF MATH SCIENCE ENGINEERIN (http://RichlandCollege.edu/RCHS/)
21:11:22 INFO       \u2192 0 art teacher(s) found. Status: robots_blocked
21:11:22 INFO       \u2192 0 new staff records saved.
21:11:24 INFO     [736/9192] HARMONY SCIENCE ACAD (EL PASO) (http://hsaelpaso.harmonytx.org)
21:11:28 INFO       Found directory at http://hsaelpaso.harmonytx.org/staff
21:11:30 INFO       \u2192 0 art teacher(s) found. Status: no_art_teachers_found
21:11:30 INFO       \u2192 0 new staff records saved.
21:11:35 INFO     [737/9192] HARMONY SCIENCE ACADEMY - LUBBOCK (http://hsalubbock.harmonytx.org)
21:11:38 INFO       Found directory at http://hsalubbock.harmonytx.org/staff
21:11:40 INFO       \u2192 0 art teacher(s) found. Status: no_art_teachers_found
21:11:40 INFO       \u2192 0 new staff records saved.
21:11:45 INFO     [738/9192] HARMONY SCHOOL OF INNOVATION - EL PASO (http://hsielpaso.harmonytx.org)
21:11:49 INFO       Found directory at http://hsielpaso.harmonytx.org/staff
21:11:50 INFO       \u2192 0 art teacher(s) found. Status: no_art_teachers_found
21:11:50 INFO       \u2192 0 new staff records saved.
21:11:55 INFO     [739/9192] HARMONY SCIENCE ACADEMY - ODESSA (http://hsaodessa.harmonytx.org)
21:11:59 INFO       Found directory at http://hsaodessa.harmonytx.org/staff
21:12:01 INFO       \u2192 0 art teacher(s) found. Status: no_art_teachers_found
21:12:01 INFO       \u2192 0 new staff records saved.
21:12:06 INFO     [740/9192] HARMONY SCHOOL OF EXCELLENCE - EL PASO (http://heelpaso.harmonytx.org)
21:12:06 INFO       \u2192 0 art teacher(s) found. Status: robots_blocked
21:12:06 INFO       \u2192 0 new staff records saved.
21:12:08 INFO     [741/9192] HARMONY SCHOOL OF SCIENCE - EL PASO (http://hsselpaso.harmonytx.org)
21:12:12 INFO       Found directory at http://hsselpaso.harmonytx.org/staff
21:12:14 INFO       \u2192 0 art teacher(s) found. Status: no_art_teachers_found
21:12:14 INFO       \u2192 0 new staff records saved.
21:12:19 INFO     [742/9192] HARMONY SCIENCE ACADEMY - MIDLAND (http://hsamidland.harmonytx.org)
21:12:23 INFO       Found directory at http://hsamidland.harmonytx.org/staff
21:12:24 INFO       \u2192 0 art teacher(s) found. Status: no_art_teachers_found
21:12:24 INFO       \u2192 0 new staff records saved.
21:12:29 INFO     [743/9192] HARMONY SCHOOL OF EXCELLENCE-HOUSTON (http://hsehouston.harmonytx.org/)
21:12:32 INFO       Found directory at http://hsehouston.harmonytx.org/staff
21:12:34 INFO       \u2192 0 art teacher(s) found. Status: no_art_teachers_found
21:12:34 INFO       \u2192 0 new staff records saved.
21:12:39 INFO     [744/9192] HARMONY SCHOOL OF ENDEAVOR-HOUSTON (http://hsendeavor.harmonytx.org/)
21:12:43 INFO       Found directory at http://hsendeavor.harmonytx.org/staff
21:12:44 INFO       \u2192 0 art teacher(s) found. Status: no_art_teachers_found
21:12:44 INFO       \u2192 0 new staff records saved.
21:12:49 INFO     [745/9192] HARMONY SCHOOL OF DISCOVERY - HOUSTON (http://hsdharmonytx.org/)
21:12:49 INFO       \u2192 0 art teacher(s) found. Status: robots_blocked
21:12:49 INFO       \u2192 0 new staff records saved.
21:12:52 INFO     [746/9192] HARMONY SCHOOL OF TECHNOLOGY-HOUSTON (http://hsthouston.harmonytx.org/)
21:12:56 INFO       Found directory at http://hsthouston.harmonytx.org/staff
21:12:57 INFO       \u2192 0 art teacher(s) found. Status: no_art_teachers_found
21:12:57 INFO       \u2192 0 new staff records saved.
21:13:02 INFO     [747/9192] HARMONY SCHOOL OF ADVANCEMENT-HOUSTON (http://hsadvancement.harmonytx.org/)
21:13:06 INFO       Found directory at http://hsadvancement.harmonytx.org/staff
21:13:08 INFO       \u2192 0 art teacher(s) found. Status: no_art_teachers_found
21:13:08 INFO       \u2192 0 new staff records saved.
21:13:13 INFO     [748/9192] HARMONY SCIENCE ACADEMY - BRYAN (http://hsabryan.harmonytx.org/)
21:13:17 INFO       Found directory at http://hsabryan.harmonytx.org/staff
21:13:19 INFO       \u2192 0 art teacher(s) found. Status: no_art_teachers_found
21:13:19 INFO       \u2192 0 new staff records saved.
21:13:24 INFO     [749/9192] HARMONY SCHOOL OF ACHIEVEMENT - HOUSTON (http://hsachievement.harmonytx.org/)
21:13:27 INFO       Found directory at http://hsachievement.harmonytx.org/staff
21:13:29 INFO       \u2192 0 art teacher(s) found. Status: no_art_teachers_found
21:13:29 INFO       \u2192 0 new staff records saved.
21:13:34 INFO     [750/9192] HARMONY SCHOOL OF ENRICHMENT - HOUSTON (http://hsenrichment.harmonytx.org/)
21:13:37 INFO       Found directory at http://hsenrichment.harmonytx.org/staff
21:13:39 INFO       \u2192 0 art teacher(s) found. Status: no_art_teachers_found
21:13:39 INFO       \u2192 0 new staff records saved.
21:13:44 INFO     [751/9192] HARMONY SCIENCE ACADEMY - CYPRESS (http://hsacypress.harmonytx.org/)
21:13:47 INFO       Found directory at http://hsacypress.harmonytx.org/staff
21:13:48 INFO       \u2192 0 art teacher(s) found. Status: no_art_teachers_found
21:13:48 INFO       \u2192 0 new staff records saved.
21:13:53 INFO     [752/9192] HARMONY SCHOOL OF EXCELLENCE - KATY (http://hsekaty.harmonytx.org)
21:13:57 INFO       Found directory at http://hsekaty.harmonytx.org/staff
21:13:58 INFO       \u2192 0 art teacher(s) found. Status: no_art_teachers_found
21:13:58 INFO       \u2192 0 new staff records saved.
21:14:03 INFO     [753/9192] STEP CHARTER EL (None)
21:14:03 INFO       \u2192 0 art teacher(s) found. Status: no_url
21:14:03 INFO       \u2192 0 new staff records saved.
21:14:06 INFO     [754/9192] STEP CHARTER II (http://stepcharter.org)
21:14:06 INFO       \u2192 0 art teacher(s) found. Status: robots_blocked
21:14:06 INFO       \u2192 0 new staff records saved.
21:14:09 INFO     [755/9192] STEP CHARTER III (None)
21:14:09 INFO       \u2192 0 art teacher(s) found. Status: no_url
21:14:09 INFO       \u2192 0 new staff records saved.
21:14:11 INFO     [756/9192] CROSSTIMBERS ACADEMY (None)
21:14:11 INFO       \u2192 0 art teacher(s) found. Status: no_url
21:14:11 INFO       \u2192 0 new staff records saved.
21:14:14 INFO     [757/9192] CORPUS CHRISTI MONTESSORI SCHOOL (http://www.cc-montessori.com)
21:14:15 INFO       Found directory at http://www.cc-montessori.com/staff
21:14:17 INFO       \u2192 1 art teacher(s) found. Status: ok
21:14:17 INFO       \u2192 1 new staff records saved.
21:14:19 INFO     [758/9192] THE RHODES SCHOOL - HUMBLE (http://RHODESSCHOOL.ORG)
21:14:30 INFO       Found directory at http://RHODESSCHOOL.ORG/staff
21:14:35 INFO       \u2192 0 art teacher(s) found. Status: no_art_teachers_found
21:14:35 INFO       \u2192 0 new staff records saved.
21:14:37 INFO     [759/9192] THE RHODES SCHOOL - NORTHSHORE CAMPUS (http://rhodesschool.org)
21:14:50 INFO       Found directory at http://rhodesschool.org/staff
21:14:56 INFO       \u2192 0 art teacher(s) found. Status: no_art_teachers_found
21:14:56 INFO       \u2192 0 new staff records saved.
21:14:58 INFO     [760/9192] AMBASSADORS PREPARATORY ACADEMY (http://www.apagalv.org)
21:15:06 INFO       Found directory at http://www.apagalv.org/contact
21:15:08 INFO       \u2192 1 art teacher(s) found. Status: ok
21:15:08 INFO       \u2192 1 new staff records saved.
21:15:10 INFO     [761/9192] LA FE PREPARATORY SCHOOL (None)
21:15:10 INFO       \u2192 0 art teacher(s) found. Status: no_url
21:15:10 INFO       \u2192 0 new staff records saved.
21:15:13 INFO     [762/9192] TEXAS SCHOOL OF THE ARTS (http://www.artsacademics.org)
21:15:19 INFO       Found directory at http://www.artsacademics.org/contact
21:15:21 INFO       \u2192 0 art teacher(s) found. Status: no_art_teachers_found
21:15:21 INFO       \u2192 0 new staff records saved.
21:15:24 INFO     [763/9192] EAST GRAND PREPARATORY ACADEMY (http://www.cityscapeschools.org)
21:15:37 INFO       Found directory at http://www.cityscapeschools.org/contact
21:15:41 INFO       \u2192 0 art teacher(s) found. Status: no_art_teachers_found
21:15:41 INFO       \u2192 0 new staff records saved.
21:15:43 INFO     [764/9192] BUCKNER PREPARATORY (http://cityscapeschools.org)
21:15:59 INFO       Found directory at http://cityscapeschools.org/contact
21:16:04 INFO       \u2192 0 art teacher(s) found. Status: no_art_teachers_found
21:16:04 INFO       \u2192 0 new staff records saved.
21:16:06 INFO     [765/9192] SEASHORE LEARNING CENTER (None)
21:16:06 INFO       \u2192 0 art teacher(s) found. Status: no_url
21:16:06 INFO       \u2192 0 new staff records saved.
21:16:09 INFO     [766/9192] SEASHORE MIDDLE ACAD (None)
21:16:09 INFO       \u2192 0 art teacher(s) found. Status: no_url
21:16:09 INFO       \u2192 0 new staff records saved.
21:16:11 INFO     [767/9192] HARMONY SCIENCE ACADEMY- FORT WORTH (http://hsafortworth.harmonytx.org/)
21:16:15 INFO       Found directory at http://hsafortworth.harmonytx.org/staff
21:16:17 INFO       \u2192 0 art teacher(s) found. Status: no_art_teachers_found
21:16:17 INFO       \u2192 0 new staff records saved.
21:16:22 INFO     [768/9192] HARMONY SCIENCE ACAD (WACO) (http://hsawaco.harmonytx.org/)
21:16:26 INFO       Found directory at http://hsawaco.harmonytx.org/staff
21:16:27 INFO       \u2192 0 art teacher(s) found. Status: no_art_teachers_found
21:16:27 INFO       \u2192 0 new staff records saved.
21:16:32 INFO     [769/9192] HARMONY SCIENCE ACADEMY - GRAND PRAIRIE (http://hsagp.harmonytx.org/)
21:16:36 INFO       Found directory at http://hsagp.harmonytx.org/staff
21:16:38 INFO       \u2192 0 art teacher(s) found. Status: no_art_teachers_found
21:16:38 INFO       \u2192 0 new staff records saved.
21:16:43 INFO     [770/9192] HARMONY SCIENCE ACADEMY - EULESS (http://hsaeuless.harmonytx.org/)
21:16:47 INFO       Found directory at http://hsaeuless.harmonytx.org/staff
21:16:49 INFO       \u2192 0 art teacher(s) found. Status: no_art_teachers_found
21:16:49 INFO       \u2192 0 new staff records saved.
21:16:54 INFO     [771/9192] HARMONY SCIENCE ACADEMY - GARLAND (http://hsagarland.harmonytx.org/)
21:16:58 INFO       Found directory at http://hsagarland.harmonytx.org/staff
21:16:59 INFO       \u2192 0 art teacher(s) found. Status: no_art_teachers_found
21:16:59 INFO       \u2192 0 new staff records saved.
21:17:04 INFO     [772/9192] HARMONY SCIENCE ACADEMY - DALLAS (http://hsadallas.harmonytx.org/)
21:17:08 INFO       Found directory at http://hsadallas.harmonytx.org/staff
21:17:10 INFO       \u2192 0 art teacher(s) found. Status: no_art_teachers_found
21:17:10 INFO       \u2192 0 new staff records saved.
21:17:15 INFO     [773/9192] HARMONY SCHOOL OF INNOVATION - CARROLLTON (http://hsicarrollton.harmonytx.org/)
21:17:19 INFO       Found directory at http://hsicarrollton.harmonytx.org/staff
21:17:20 INFO       \u2192 0 art teacher(s) found. Status: no_art_teachers_found
21:17:20 INFO       \u2192 0 new staff records saved.
21:17:25 INFO     [774/9192] HARMONY SCHOOL OF EXCELLENCE - DALLAS (http://hsnature.harmonytx.org/)
21:17:25 INFO       \u2192 0 art teacher(s) found. Status: robots_blocked
21:17:25 INFO       \u2192 0 new staff records saved.
21:17:28 INFO     [775/9192] HARMONY SCHOOL OF INNOVATION - FORT WORTH (http://hsifortworth.harmonytx.org/)
21:17:31 INFO       Found directory at http://hsifortworth.harmonytx.org/staff
21:17:32 INFO       \u2192 0 art teacher(s) found. Status: no_art_teachers_found
21:17:32 INFO       \u2192 0 new staff records saved.
21:17:37 INFO     [776/9192] HARMONY SCHOOL OF INNOVATION - DALLAS (http://hsbdallas.harmonytx.org/)
21:17:37 INFO       \u2192 0 art teacher(s) found. Status: robots_blocked
21:17:37 INFO       \u2192 0 new staff records saved.
21:17:40 INFO     [777/9192] HARMONY SCHOOL OF INNOVATION- EULESS (http://hsieuless.harmonytx.org/)
21:17:43 INFO       Found directory at http://hsieuless.harmonytx.org/staff
21:17:45 INFO       \u2192 0 art teacher(s) found. Status: no_art_teachers_found
21:17:45 INFO       \u2192 0 new staff records saved.
21:17:50 INFO     [778/9192] HARMONY SCHOOL OF INNOVATION - GARLAND (http://hsigarland.harmonytx.org/)
21:17:54 INFO       Found directory at http://hsigarland.harmonytx.org/staff
21:17:56 INFO       \u2192 0 art teacher(s) found. Status: no_art_teachers_found
21:17:56 INFO       \u2192 0 new staff records saved.
21:18:01 INFO     [779/9192] HARMONY SCIENCE ACADEMY - CARROLLTON (http://hsacarrollton.harmonytx.org/)
21:18:04 INFO       Found directory at http://hsacarrollton.harmonytx.org/staff
21:18:05 INFO       \u2192 0 art teacher(s) found. Status: no_art_teachers_found
21:18:05 INFO       \u2192 0 new staff records saved.
21:18:10 INFO     [780/9192] HARMONY SCIENCE ACADEMY - PLANO (http://hsaplano.harmonytx.org/)
21:18:14 INFO       Found directory at http://hsaplano.harmonytx.org/staff
21:18:15 INFO       \u2192 0 art teacher(s) found. Status: no_art_teachers_found
21:18:15 INFO       \u2192 0 new staff records saved.
21:18:20 INFO     [781/9192] HARMONY SCHOOL OF INNOVATION - WACO (http://hsiwaco.harmonytx.org/)
21:18:24 INFO       Found directory at http://hsiwaco.harmonytx.org/staff
21:18:26 INFO       \u2192 0 art teacher(s) found. Status: no_art_teachers_found
21:18:26 INFO       \u2192 0 new staff records saved.
21:18:31 INFO     [782/9192] HARMONY SCHOOL OF INNOVATION - GRAND PRAIRIE (http://hsigp.harmonytx.org/)
21:18:35 INFO       Found directory at http://hsigp.harmonytx.org/staff
21:18:37 INFO       \u2192 0 art teacher(s) found. Status: no_art_teachers_found
21:18:37 INFO       \u2192 0 new staff records saved.
21:18:42 INFO     [783/9192] VISTA DEL FUTURO CHARTER SCHOOL (http://www.burnhamwood.org)
21:18:42 INFO       \u2192 0 art teacher(s) found. Status: robots_blocked
21:18:42 INFO       \u2192 0 new staff records saved.
21:18:44 INFO     [784/9192] STEPHEN F AUSTIN STATE UNIVERSITY CHARTER SCHOOL (None)
21:18:44 INFO       \u2192 0 art teacher(s) found. Status: no_url
21:18:44 INFO       \u2192 0 new staff records saved.
21:18:47 INFO     [785/9192] SST DISCOVERY (http://www.sstschools.org/)
21:18:53 INFO       Found directory at http://www.sstschools.org/contact
21:18:55 INFO       \u2192 0 art teacher(s) found. Status: no_art_teachers_found
21:18:55 INFO       \u2192 0 new staff records saved.
21:18:57 INFO     [786/9192] SST CORPUS CHRISTI (http://www.sstschools.org/)
21:19:04 INFO       Found directory at http://www.sstschools.org/contact
21:19:06 INFO       \u2192 0 art teacher(s) found. Status: no_art_teachers_found
21:19:06 INFO       \u2192 0 new staff records saved.
21:19:08 INFO     [787/9192] SST ADVANCEMENT (http://www.sstschools.org/)
21:19:15 INFO       Found directory at http://www.sstschools.org/contact
21:19:17 INFO       \u2192 0 art teacher(s) found. Status: no_art_teachers_found
21:19:17 INFO       \u2192 0 new staff records saved.
21:19:19 INFO     [788/9192] SST SUGARLAND (http://www.sstschools.org)
21:19:26 INFO       Found directory at http://www.sstschools.org/contact
21:19:27 INFO       \u2192 0 art teacher(s) found. Status: no_art_teachers_found
21:19:27 INFO       \u2192 0 new staff records saved.
21:19:30 INFO     [789/9192] SST NORTHWEST (http://www.sstschools.org/)
21:19:36 INFO       Found directory at http://www.sstschools.org/contact
21:19:38 INFO       \u2192 0 art teacher(s) found. Status: no_art_teachers_found
21:19:38 INFO       \u2192 0 new staff records saved.
21:19:41 INFO     [790/9192] SST HILL COUNTRY (http://www.sstschools.org/)
21:19:47 INFO       Found directory at http://www.sstschools.org/contact
21:19:49 INFO       \u2192 0 art teacher(s) found. Status: no_art_teachers_found
21:19:49 INFO       \u2192 0 new staff records saved.
21:19:51 INFO     [791/9192] SST HILL COUNTRY COLLEGE PREP H S (http://www.sstschools.org/)
21:19:58 INFO       Found directory at http://www.sstschools.org/contact
21:20:00 INFO       \u2192 0 art teacher(s) found. Status: no_art_teachers_found
21:20:00 INFO       \u2192 0 new staff records saved.
21:20:02 INFO     [792/9192] SST SUGAR LAND COLLEGE PREP H S (http://www.sstschools.org/)
21:20:09 INFO       Found directory at http://www.sstschools.org/contact
21:20:11 INFO       \u2192 0 art teacher(s) found. Status: no_art_teachers_found
21:20:11 INFO       \u2192 0 new staff records saved.
21:20:13 INFO     [793/9192] OAKS ACADEMY (http://www.mlcs.org)
21:20:13 INFO       \u2192 0 art teacher(s) found. Status: robots_blocked
21:20:13 INFO       \u2192 0 new staff records saved.
21:20:16 INFO     [794/9192] STEPPING STONES ACADEMY (None)
21:20:16 INFO       \u2192 0 art teacher(s) found. Status: no_url
21:20:16 INFO       \u2192 0 new staff records saved.
21:20:18 INFO     [795/9192] HARMONY SCIENCE ACADEMY-SUGAR LAND (http://hsasl.harmonytx.org/)
21:20:22 INFO       Found directory at http://hsasl.harmonytx.org/staff
21:20:24 INFO       \u2192 0 art teacher(s) found. Status: no_art_teachers_found
21:20:24 INFO       \u2192 0 new staff records saved.
21:20:29 INFO     [796/9192] HARMONY SCHOOL OF INNOVATION-SUGAR LAND (http://hsisl.harmonytx.org/)
21:20:32 INFO       Found directory at http://hsisl.harmonytx.org/staff
21:20:34 INFO       \u2192 0 art teacher(s) found. Status: no_art_teachers_found
21:20:34 INFO       \u2192 0 new staff records saved.
21:20:39 INFO     [797/9192] HARMONY SCIENCE ACADEMY- BEAUMONT (http://hsabeaumont.harmonytx.org/)
21:20:42 INFO       Found directory at http://hsabeaumont.harmonytx.org/staff
21:20:44 INFO       \u2192 0 art teacher(s) found. Status: no_art_teachers_found
21:20:44 INFO       \u2192 0 new staff records saved.
21:20:49 INFO     [798/9192] HARMONY SCIENCE ACADEMY-KATY (http://hsakaty.harmonytx.org/)
21:20:53 INFO       Found directory at http://hsakaty.harmonytx.org/staff
21:20:55 INFO       \u2192 0 art teacher(s) found. Status: no_art_teachers_found
21:20:55 INFO       \u2192 0 new staff records saved.
21:21:00 INFO     [799/9192] HARMONY SCHOOL OF EXCELLENCE - SUGAR LAND (http://hsesl.harmonytx.org/)
21:21:02 INFO       Found directory at http://hsesl.harmonytx.org/staff
21:21:04 INFO       \u2192 0 art teacher(s) found. Status: no_art_teachers_found
21:21:04 INFO       \u2192 0 new staff records saved.
21:21:09 INFO     [800/9192] HARMONY SCHOOL OF INNOVATION - KATY (http://hsikaty.harmonytx.org/)
21:21:12 INFO       Found directory at http://hsikaty.harmonytx.org/staff
21:21:14 INFO       \u2192 0 art teacher(s) found. Status: no_art_teachers_found
21:21:14 INFO       \u2192 0 new staff records saved.
21:21:19 INFO     [801/9192] TEXAS LEADERSHIP OF SAN ANGELO (http://tlca-sanangelo.com/)
21:21:44 INFO       Found directory at http://tlca-sanangelo.com/about-us/staff
21:21:46 INFO       \u2192 0 art teacher(s) found. Status: no_art_teachers_found
21:21:46 INFO       \u2192 0 new staff records saved.
21:21:51 INFO     [802/9192] TEXAS LEADERSHIP OF MIDLAND (http://texasleadershipmidland.com)
21:21:54 INFO       Found directory at http://texasleadershipmidland.com/staff
21:21:55 INFO       \u2192 0 art teacher(s) found. Status: no_art_teachers_found
21:21:55 INFO       \u2192 0 new staff records saved.
21:22:00 INFO     [803/9192] TRINITY LEADERSHIP (http://WWW.TRINITYLEADERSHIP.NET)
21:22:03 INFO       Found directory at http://WWW.TRINITYLEADERSHIP.NET/staff
21:22:05 INFO       \u2192 0 art teacher(s) found. Status: no_art_teachers_found
21:22:05 INFO       \u2192 0 new staff records saved.
21:22:10 INFO     [804/9192] TEXAS LEADERSHIP OF ABILENE (http://www.texasleadershipabilene.com)
21:22:12 INFO       Found directory at http://www.texasleadershipabilene.com/staff
21:22:14 INFO       \u2192 0 art teacher(s) found. Status: no_art_teachers_found
21:22:14 INFO       \u2192 0 new staff records saved.
21:22:19 INFO     [805/9192] BOB HOPE SCHOOL (http://www.bobhopeschool.org)
21:22:19 INFO       \u2192 0 art teacher(s) found. Status: robots_blocked
21:22:19 INFO       \u2192 0 new staff records saved.
21:22:22 INFO     [806/9192] BOB HOPE SCHOOL - EL CAMPUS (http://www.bobhopeschool.org)
21:22:22 INFO       \u2192 0 art teacher(s) found. Status: robots_blocked
21:22:22 INFO       \u2192 0 new staff records saved.
21:22:24 INFO     [807/9192] BOB HOPE SCHOOL BEAUMONT (http://www.bobhopeschool.org)
21:22:24 INFO       \u2192 0 art teacher(s) found. Status: robots_blocked
21:22:24 INFO       \u2192 0 new staff records saved.
21:22:27 INFO     [808/9192] BOB HOPE H S (None)
21:22:27 INFO       \u2192 0 art teacher(s) found. Status: no_url
21:22:27 INFO       \u2192 0 new staff records saved.
21:22:29 INFO     [809/9192] BOB HOPE EL SCHOOL-BAYTOWN (None)
21:22:29 INFO       \u2192 0 art teacher(s) found. Status: no_url
21:22:29 INFO       \u2192 0 new staff records saved.
21:22:32 INFO     [810/9192] HENRY FORD ACADEMY ALAMEDA SCHOOL FOR ART + DESIGN (http://www.thealamedaschool.org)
21:22:36 INFO       Found directory at http://www.thealamedaschool.org/staff
21:22:38 INFO       \u2192 2 art teacher(s) found. Status: ok
21:22:38 INFO       \u2192 2 new staff records saved.
21:22:41 INFO     [811/9192] THE EAST AUSTIN COLLEGE PREP AT SOUTHWEST KEY (None)
21:22:41 INFO       \u2192 0 art teacher(s) found. Status: no_url
21:22:41 INFO       \u2192 0 new staff records saved.
21:22:43 INFO     [812/9192] THE EAST AUSTIN COLLEGE PREP AT MLK (None)
21:22:43 INFO       \u2192 0 art teacher(s) found. Status: no_url
21:22:43 INFO       \u2192 0 new staff records saved.
21:22:46 INFO     [813/9192] PROMESA COLLEGE PREP BROWNSVILLE (None)
21:22:46 INFO       \u2192 0 art teacher(s) found. Status: no_url
21:22:46 INFO       \u2192 0 new staff records saved.
21:22:48 INFO     [814/9192] PROMESA COLLEGE PREP WEST CORPUS CHRISTI (None)
21:22:48 INFO       \u2192 0 art teacher(s) found. Status: no_url
21:22:48 INFO       \u2192 0 new staff records saved.
21:22:51 INFO     [815/9192] MANARA ACADEMY (http://manaraacademy.org)
21:22:53 INFO       Found directory at http://manaraacademy.org/staff
21:22:55 INFO       \u2192 0 art teacher(s) found. Status: no_art_teachers_found
21:22:55 INFO       \u2192 0 new staff records saved.
21:22:58 INFO     [816/9192] MANARA STEM ACADEMY - ARLINGTON (http://manaraacademy.org)
21:23:00 INFO       Found directory at http://manaraacademy.org/staff
21:23:01 INFO       \u2192 0 art teacher(s) found. Status: no_art_teachers_found
21:23:01 INFO       \u2192 0 new staff records saved.
21:23:04 INFO     [817/9192] MANARA LEADERSHIP ACADEMY (http://manaraacademy.org)
21:23:06 INFO       Found directory at http://manaraacademy.org/staff
21:23:08 INFO       \u2192 0 art teacher(s) found. Status: no_art_teachers_found
21:23:08 INFO       \u2192 0 new staff records saved.
21:23:10 INFO     [818/9192] ARROW ACADEMY - LIBERATION ACADEMY (http://www.arrowacademy.org)
21:23:15 INFO       Found directory at http://www.arrowacademy.org/contact
21:23:17 INFO       \u2192 0 art teacher(s) found. Status: no_art_teachers_found
21:23:17 INFO       \u2192 0 new staff records saved.
21:23:20 INFO     [819/9192] ARROW ACADEMY - SAVE OUR STREETS CENTER (http://www.arrowacademy.org)
21:23:24 INFO       Found directory at http://www.arrowacademy.org/contact
21:23:26 INFO       \u2192 0 art teacher(s) found. Status: no_art_teachers_found
21:23:26 INFO       \u2192 0 new staff records saved.
21:23:28 INFO     [820/9192] ARROW ACADEMY - HARVEST PREPARATORY ACADEMY (http://www.arrowacademy.org)
21:23:33 INFO       Found directory at http://www.arrowacademy.org/contact
21:23:35 INFO       \u2192 0 art teacher(s) found. Status: no_art_teachers_found
21:23:35 INFO       \u2192 0 new staff records saved.
21:23:37 INFO     [821/9192] COMPASS ACADEMY CHARTER SCHOOL (None)
21:23:37 INFO       \u2192 0 art teacher(s) found. Status: no_url
21:23:37 INFO       \u2192 0 new staff records saved.
21:23:40 INFO     [822/9192] THE LAWSON ACADEMY (None)
21:23:40 INFO       \u2192 0 art teacher(s) found. Status: no_url
21:23:40 INFO       \u2192 0 new staff records saved.
21:23:42 INFO     [823/9192] LEADERSHIP PREP SCHOOL (None)
21:23:42 INFO       \u2192 0 art teacher(s) found. Status: no_url
21:23:42 INFO       \u2192 0 new staff records saved.
21:23:45 INFO     [824/9192] LEADERSHIP PREP SCHOOL SECONDARY (None)
21:23:45 INFO       \u2192 0 art teacher(s) found. Status: no_url
21:23:45 INFO       \u2192 0 new staff records saved.
21:23:47 INFO     [825/9192] NEWMAN INTERNATIONAL ACADEMY OF ARLINGTON (http://niaa.newmanacademy.org)
21:24:06 INFO       \u2192 0 art teacher(s) found. Status: no_directory_found
21:24:06 INFO       \u2192 0 new staff records saved.
21:24:08 INFO     [826/9192] NEWMAN INTERNATIONAL AT CEDAR HILL (http://nich.newmanacademy.org)
21:24:26 INFO       \u2192 0 art teacher(s) found. Status: no_directory_found
21:24:26 INFO       \u2192 0 new staff records saved.
21:24:29 INFO     [827/9192] NEWMAN INTERNATIONAL ACADEMY AT FORT WORTH (http://niafw.newmanacademy.org)
21:24:47 INFO       \u2192 0 art teacher(s) found. Status: no_directory_found
21:24:47 INFO       \u2192 0 new staff records saved.
21:24:50 INFO     [828/9192] NEWMAN INTERNATIONAL ACADEMY WATAUGA (http://niame.newmanacademy.org)
21:25:07 INFO       \u2192 0 art teacher(s) found. Status: no_directory_found
21:25:07 INFO       \u2192 0 new staff records saved.
21:25:09 INFO     [829/9192] NEWMAN INTERNATIONAL ACADEMY OF MANSFIELD (http://niam.newmanacademy.org)
21:25:26 INFO       \u2192 0 art teacher(s) found. Status: no_directory_found
21:25:26 INFO       \u2192 0 new staff records saved.
21:25:29 INFO     [830/9192] NEWMAN INTERNATIONAL ACADEMY OF ARLINGTON GIBBINS (http://niag.newmanacademy.org)
21:25:47 INFO       \u2192 0 art teacher(s) found. Status: no_directory_found
21:25:47 INFO       \u2192 0 new staff records saved.
21:25:49 INFO     [831/9192] MERIDIAN WORLD SCHOOL LLC (http://www.mwschool.org)
21:26:05 INFO       \u2192 0 art teacher(s) found. Status: no_directory_found
21:26:05 INFO       \u2192 0 new staff records saved.
21:26:10 INFO     [832/9192] UME PREPARATORY ACADEMY (http://www.umeprep.org)
21:26:26 INFO       \u2192 0 art teacher(s) found. Status: no_directory_found
21:26:26 INFO       \u2192 0 new staff records saved.
21:26:31 INFO     [833/9192] UME PREPARATORY ACADEMY - DUNCANVILLE (None)
21:26:31 INFO       \u2192 0 art teacher(s) found. Status: no_url
21:26:31 INFO       \u2192 0 new staff records saved.
21:26:33 INFO     [834/9192] UME MANSFIELD EL (http://UMEPREP.ORG)
21:26:49 INFO       \u2192 0 art teacher(s) found. Status: no_directory_found
21:26:49 INFO       \u2192 0 new staff records saved.
21:26:54 INFO     [835/9192] UME DALLAS SECONDARY (http://www.umeprep.org/)
21:27:09 INFO       \u2192 0 art teacher(s) found. Status: no_directory_found
21:27:09 INFO       \u2192 0 new staff records saved.
21:27:14 INFO     [836/9192] UT TYLER UNIVERSITY ACADEMY AT TYLER (http://www.uttua.org)
21:27:29 INFO       \u2192 0 art teacher(s) found. Status: no_directory_found
21:27:29 INFO       \u2192 0 new staff records saved.
21:27:31 INFO     [837/9192] UT TYLER UNIVERSITY ACADEMY AT LONGVIEW (http://www.uttua.org)
21:27:45 INFO       \u2192 0 art teacher(s) found. Status: no_directory_found
21:27:45 INFO       \u2192 0 new staff records saved.
21:27:47 INFO     [838/9192] UT TYLER UNIVERSITY ACADEMY AT PALESTINE (http://www.uttua.org)
21:28:00 INFO       \u2192 0 art teacher(s) found. Status: no_directory_found
21:28:00 INFO       \u2192 0 new staff records saved.
21:28:03 INFO     [839/9192] LEGACY PREP CHARTER ACADEMY MESQUITE WEST CAMPUS (http://www.legacypca.com)
21:28:14 INFO       \u2192 0 art teacher(s) found. Status: no_directory_found
21:28:14 INFO       \u2192 0 new staff records saved.
21:28:17 INFO     [840/9192] LEGACY PREPARATORY CHARTER ACADEMY PLANO (http://www.legacypreparatory.com)
21:28:17 INFO       \u2192 0 art teacher(s) found. Status: robots_blocked
21:28:17 INFO       \u2192 0 new staff records saved.
21:28:20 INFO     [841/9192] IMAGINE INTERNATIONAL ACADEMY OF NORTH TEXAS (http://imaginenorthtexas.org)
21:28:20 INFO       \u2192 0 art teacher(s) found. Status: robots_blocked
21:28:20 INFO       \u2192 0 new staff records saved.
21:28:22 INFO     [842/9192] AUSTIN ACHIEVE MIDDLE (http://WWW.AUSTINACHIEVE.ORG)
21:28:43 INFO       \u2192 0 art teacher(s) found. Status: no_directory_found
21:28:43 INFO       \u2192 0 new staff records saved.
21:28:48 INFO     [843/9192] AUSTIN ACHIEVE NORTHEAST EL (http://WWW.AUSTINACHIEVE.ORG)
21:29:01 INFO       \u2192 0 art teacher(s) found. Status: no_directory_found
21:29:01 INFO       \u2192 0 new staff records saved.
21:29:06 INFO     [844/9192] AUSTIN ACHIEVE H S (http://WWW.AUSTINACHIEVE.ORG)
21:29:18 INFO       \u2192 0 art teacher(s) found. Status: no_directory_found
21:29:18 INFO       \u2192 0 new staff records saved.
21:29:23 INFO     [845/9192] AUSTIN ACHIEVE PFLUGERVILLE (http://www.austinachieve.org)
21:29:37 INFO       \u2192 0 art teacher(s) found. Status: no_directory_found
21:29:37 INFO       \u2192 0 new staff records saved.
21:29:42 INFO     [846/9192] AUSTIN ACHIEVE FERGUSON (None)
21:29:42 INFO       \u2192 0 art teacher(s) found. Status: no_url
21:29:42 INFO       \u2192 0 new staff records saved.
21:29:44 INFO     [847/9192] LONE STAR H S WEST (TJJD) (http://www.tjjd.texas.gov/state-programs/education-services/)
21:29:45 INFO       \u2192 0 art teacher(s) found. Status: robots_blocked
21:29:45 INFO       \u2192 0 new staff records saved.
21:29:47 INFO     [848/9192] LONE STAR H S NORTH (TJJD) (http://www.tjjd.texas.gov/state-programs/education-services/)
21:29:47 INFO       \u2192 0 art teacher(s) found. Status: robots_blocked
21:29:47 INFO       \u2192 0 new staff records saved.
21:29:50 INFO     [849/9192] LONE STAR H S SOUTH (TJJD) (http://www.tjjd.texas.gov/state-programs/education-services/)
21:29:50 INFO       \u2192 0 art teacher(s) found. Status: robots_blocked
21:29:50 INFO       \u2192 0 new staff records saved.
21:29:52 INFO     [850/9192] LONE STAR H S SOUTHEAST (TJJD) (http://www.tjjd.texas.gov/state-programs/education-services/)
21:29:52 INFO       \u2192 0 art teacher(s) found. Status: robots_blocked
21:29:52 INFO       \u2192 0 new staff records saved.
21:29:55 INFO     [851/9192] LONE STAR H S CENTRAL (TJJD) (http://www.tjjd.texas.gov/state-programs/education-services/)
21:29:55 INFO       \u2192 0 art teacher(s) found. Status: robots_blocked
21:29:55 INFO       \u2192 0 new staff records saved.
21:29:57 INFO     [852/9192] EXCELLENCE IN LEADERSHIP ACADEMY (http://www.elacharterschool.com)
21:30:16 INFO       Found directory at http://www.elacharterschool.com/administration
21:30:18 INFO       \u2192 0 art teacher(s) found. Status: no_art_teachers_found
21:30:18 INFO       \u2192 0 new staff records saved.
21:30:23 INFO     [853/9192] THE PRO-VISION ACADEMY (http://www.provision-inc.org)
21:30:36 INFO       Found directory at http://www.provision-inc.org/about/staff
21:30:39 INFO       \u2192 0 art teacher(s) found. Status: no_art_teachers_found
21:30:39 INFO       \u2192 0 new staff records saved.
21:30:41 INFO     [854/9192] PRO-VISION MIDDLE (http://www.provision-inc.org)
21:30:53 INFO       Found directory at http://www.provision-inc.org/about/staff
21:30:55 INFO       \u2192 0 art teacher(s) found. Status: no_art_teachers_found
21:30:55 INFO       \u2192 0 new staff records saved.
21:30:58 INFO     [855/9192] ELEANOR KOLITZ HEBREW LANGUAGE ACADEMY (http://www.ekhla.org)
21:30:58 INFO       \u2192 0 art teacher(s) found. Status: robots_blocked
21:30:58 INFO       \u2192 0 new staff records saved.
21:31:00 INFO     [856/9192] VILLAGE TECH SCHOOLS (http://www.villagetechschools.org)
21:31:05 INFO       Found directory at http://www.villagetechschools.org/staff
21:31:07 INFO       \u2192 0 art teacher(s) found. Status: no_art_teachers_found
21:31:07 INFO       \u2192 0 new staff records saved.
21:31:10 INFO     [857/9192] BASIS SAN ANTONIO- SHAVANO CAMPUS (http://enrollbasistx.com/shavano/)
21:31:13 INFO       Found directory at http://enrollbasistx.com/shavano/staff
21:31:16 INFO       \u2192 0 art teacher(s) found. Status: no_art_teachers_found
21:31:16 INFO       \u2192 0 new staff records saved.
21:31:18 INFO     [858/9192] BASIS SAN ANTONIO- PRI NORTH CENTRAL CAMPUS (http://enrollbasistx.com/northcentral/)
21:31:20 INFO       Found directory at http://enrollbasistx.com/northcentral/staff
21:31:23 INFO       \u2192 0 art teacher(s) found. Status: no_art_teachers_found
21:31:23 INFO       \u2192 0 new staff records saved.
21:31:26 INFO     [859/9192] BASIS SAN ANTONIO PRI- MEDICAL CENTER CAMPUS (http://basisedtx.com/)
21:31:28 INFO       Found directory at http://basisedtx.com/staff
21:31:30 INFO       \u2192 0 art teacher(s) found. Status: no_art_teachers_found
21:31:30 INFO       \u2192 0 new staff records saved.
21:31:33 INFO     [860/9192] BASIS SAN ANTONIO - NORTHEAST CAMPUS (http://enrollbasistx.com/northeast)
21:31:35 INFO       Found directory at http://enrollbasistx.com/northeast/staff
21:31:38 INFO       \u2192 0 art teacher(s) found. Status: no_art_teachers_found
21:31:38 INFO       \u2192 0 new staff records saved.
21:31:40 INFO     [861/9192] BASIS AUSTIN PRI (http://enrollbasistx.com/austin/)
21:31:42 INFO       Found directory at http://enrollbasistx.com/austin/staff
21:31:45 INFO       \u2192 0 art teacher(s) found. Status: no_art_teachers_found
21:31:45 INFO       \u2192 0 new staff records saved.
21:31:47 INFO     [862/9192] BASIS SAN ANTONIO PRI - NORTHEAST CAMPUS (http://enrollbasistx.com/northeast/)
21:31:49 INFO       Found directory at http://enrollbasistx.com/northeast/staff
21:31:51 INFO       \u2192 0 art teacher(s) found. Status: no_art_teachers_found
21:31:51 INFO       \u2192 0 new staff records saved.
21:31:54 INFO     [863/9192] BASIS AUSTIN (http://enrollbasistx.com/austin/)
21:31:56 INFO       Found directory at http://enrollbasistx.com/austin/staff
21:31:58 INFO       \u2192 0 art teacher(s) found. Status: no_art_teachers_found
21:31:58 INFO       \u2192 0 new staff records saved.
21:32:00 INFO     [864/9192] BASIS PFLUGERVILLE (http://enrollbasistx.com/pflugerville/)
21:32:03 INFO       Found directory at http://enrollbasistx.com/pflugerville/staff
21:32:05 INFO       \u2192 1 art teacher(s) found. Status: ok
21:32:05 INFO       \u2192 1 new staff records saved.
21:32:08 INFO     [865/9192] BASIS SAN ANTONIO - JACK LEWIS JR CAMPUS (http://enrollbasistx.com/jacklewisjr/)
21:32:12 INFO       Found directory at http://enrollbasistx.com/jacklewisjr/staff
21:32:15 INFO       \u2192 1 art teacher(s) found. Status: ok
21:32:15 INFO       \u2192 1 new staff records saved.
21:32:17 INFO     [866/9192] BASIS BENBROOK (http://BASISED.COM)
21:32:35 INFO       Found directory at http://BASISED.COM/teachers
21:32:37 INFO       \u2192 0 art teacher(s) found. Status: no_art_teachers_found
21:32:37 INFO       \u2192 0 new staff records saved.
21:32:39 INFO     [867/9192] BASIS PFLUGERVILLE PRI (http://enrollbasistx.com/pflugerville/)
21:32:41 INFO       Found directory at http://enrollbasistx.com/pflugerville/staff
21:32:43 INFO       \u2192 1 art teacher(s) found. Status: ok
21:32:43 INFO       \u2192 1 new staff records saved.
21:32:46 INFO     [868/9192] BASIS SAN ANTONIO PRI - JACK LEWIS JR CAMPUS (http://enrollbasistx.com/jacklewisjr/)
21:32:48 INFO       Found directory at http://enrollbasistx.com/jacklewisjr/staff
21:32:50 INFO       \u2192 1 art teacher(s) found. Status: ok
21:32:50 INFO       \u2192 1 new staff records saved.
21:32:52 INFO     [869/9192] BASIS CEDAR PARK (http://enrollbasistx.com/cedarpark/)
21:32:55 INFO       Found directory at http://enrollbasistx.com/cedarpark/staff
21:32:57 INFO       \u2192 0 art teacher(s) found. Status: no_art_teachers_found
21:32:57 INFO       \u2192 0 new staff records saved.
21:32:59 INFO     [870/9192] BASIS CEDAR PARK PRI (http://enrollbasistx.com/cedarpark/)
21:33:01 INFO       Found directory at http://enrollbasistx.com/cedarpark/staff
21:33:03 INFO       \u2192 0 art teacher(s) found. Status: no_art_teachers_found
21:33:03 INFO       \u2192 0 new staff records saved.
21:33:06 INFO     [871/9192] EL PASO LEADERSHIP ACADEMY (http://www.epleadershipacademy.org/)
21:33:23 INFO       \u2192 0 art teacher(s) found. Status: no_directory_found
21:33:23 INFO       \u2192 0 new staff records saved.
21:33:26 INFO     [872/9192] EL PASO LEADERSHIP ACADEMY - H S EAST (http://epleadershipacademy.org)
21:33:41 INFO       \u2192 0 art teacher(s) found. Status: no_directory_found
21:33:41 INFO       \u2192 0 new staff records saved.
21:33:44 INFO     [873/9192] EL PASO LEADERSHIP ACADEMY - MIDDLE EAST (http://epleadershipacademy.org)
21:33:58 INFO       \u2192 0 art teacher(s) found. Status: no_directory_found
21:33:58 INFO       \u2192 0 new staff records saved.
21:34:01 INFO     [874/9192] ILTEXAS GARLAND H S (http://garlandhs.iltexas.org)
21:34:10 INFO       Found directory at http://garlandhs.iltexas.org/staff-directory
21:34:12 INFO       \u2192 0 art teacher(s) found. Status: no_art_teachers_found
21:34:12 INFO       \u2192 0 new staff records saved.
21:34:17 INFO     [875/9192] ILTEXAS GARLAND EL (http://garlandk8.iltexas.org)
21:34:25 INFO       Found directory at http://garlandk8.iltexas.org/staff-directory
21:34:27 INFO       \u2192 0 art teacher(s) found. Status: no_art_teachers_found
21:34:27 INFO       \u2192 0 new staff records saved.
21:34:32 INFO     [876/9192] ILTEXAS GARLAND MIDDLE (http://garlandk8.iltexas.org)
21:34:36 INFO       Found directory at http://garlandk8.iltexas.org/staff-directory
21:34:37 INFO       \u2192 0 art teacher(s) found. Status: no_art_teachers_found
21:34:37 INFO       \u2192 0 new staff records saved.
21:34:42 INFO     [877/9192] ILTEXAS ARLINGTON MIDDLE (http://arlingtonk8.iltexas.org)
21:34:51 INFO       Found directory at http://arlingtonk8.iltexas.org/staff-directory
21:34:53 INFO       \u2192 0 art teacher(s) found. Status: no_art_teachers_found
21:34:53 INFO       \u2192 0 new staff records saved.
21:34:58 INFO     [878/9192] ILTEXAS ARLINGTON EL (http://arlingtonk8.iltexas.org)
21:35:02 INFO       Found directory at http://arlingtonk8.iltexas.org/staff-directory
21:35:03 INFO       \u2192 0 art teacher(s) found. Status: no_art_teachers_found
21:35:03 INFO       \u2192 0 new staff records saved.
21:35:08 INFO     [879/9192] ILTEXAS KELLER MIDDLE (http://kellerk8.iltexas.org)
21:35:18 INFO       Found directory at http://kellerk8.iltexas.org/staff-directory
21:35:20 INFO       \u2192 0 art teacher(s) found. Status: no_art_teachers_found
21:35:20 INFO       \u2192 0 new staff records saved.
21:35:25 INFO     [880/9192] ILTEXAS KELLER EL (http://kellerk8.iltexas.org)
21:35:29 INFO       Found directory at http://kellerk8.iltexas.org/staff-directory
21:35:30 INFO       \u2192 0 art teacher(s) found. Status: no_art_teachers_found
21:35:30 INFO       \u2192 0 new staff records saved.
21:35:35 INFO     [881/9192] ILTEXAS ARLINGTON-GRAND PRAIRIE H S (http://arlingtongrandprairiehs.iltexas.org)
21:35:45 INFO       Found directory at http://arlingtongrandprairiehs.iltexas.org/staff-directory
21:35:46 INFO       \u2192 0 art teacher(s) found. Status: no_art_teachers_found
21:35:46 INFO       \u2192 0 new staff records saved.
21:35:51 INFO     [882/9192] ILTEXAS NORTH RICHLAND HILLS MIDDLE (http://northrichlandhillsk8.iltexas.org)
21:36:00 INFO       Found directory at http://northrichlandhillsk8.iltexas.org/staff-directory
21:36:02 INFO       \u2192 0 art teacher(s) found. Status: no_art_teachers_found
21:36:02 INFO       \u2192 0 new staff records saved.
21:36:07 INFO     [883/9192] ILTEXAS NORTH RICHLAND HILLS EL (http://northrichlandhillsk8.iltexas.org)
21:36:11 INFO       Found directory at http://northrichlandhillsk8.iltexas.org/staff-directory
21:36:12 INFO       \u2192 0 art teacher(s) found. Status: no_art_teachers_found
21:36:12 INFO       \u2192 0 new staff records saved.
21:36:17 INFO     [884/9192] ILTEXAS KATY EL (http://katyk8.iltexas.org)
21:36:28 INFO       Found directory at http://katyk8.iltexas.org/staff-directory
21:36:30 INFO       \u2192 0 art teacher(s) found. Status: no_art_teachers_found
21:36:30 INFO       \u2192 0 new staff records saved.
21:36:35 INFO     [885/9192] ILTEXAS KELLER SAGINAW H S (http://kellersaginawhs.iltexas.org)
21:36:43 INFO       Found directory at http://kellersaginawhs.iltexas.org/staff-directory
21:36:45 INFO       \u2192 0 art teacher(s) found. Status: no_art_teachers_found
21:36:45 INFO       \u2192 0 new staff records saved.
21:36:50 INFO     [886/9192] ILTEXAS GRAND PRAIRIE MIDDLE (http://grandprairiek8.iltexas.org)
21:36:59 INFO       Found directory at http://grandprairiek8.iltexas.org/staff-directory
21:37:01 INFO       \u2192 0 art teacher(s) found. Status: no_art_teachers_found
21:37:01 INFO       \u2192 0 new staff records saved.
21:37:06 INFO     [887/9192] ILTEXAS WESTPARK EL (http://westparkk8.iltexas.org)
21:37:15 INFO       Found directory at http://westparkk8.iltexas.org/staff-directory
21:37:17 INFO       \u2192 0 art teacher(s) found. Status: no_art_teachers_found
21:37:17 INFO       \u2192 0 new staff records saved.
21:37:22 INFO     [888/9192] ILTEXAS GRAND PRAIRIE EL (http://grandprairiek8.iltexas.org)
21:37:25 INFO       Found directory at http://grandprairiek8.iltexas.org/staff-directory
21:37:27 INFO       \u2192 0 art teacher(s) found. Status: no_art_teachers_found
21:37:27 INFO       \u2192 0 new staff records saved.
21:37:32 INFO     [889/9192] ILTEXAS WESTPARK MIDDLE (http://westparkk8.iltexas.org)
21:37:36 INFO       Found directory at http://westparkk8.iltexas.org/staff-directory
21:37:37 INFO       \u2192 0 art teacher(s) found. Status: no_art_teachers_found
21:37:37 INFO       \u2192 0 new staff records saved.
21:37:42 INFO     [890/9192] ILTEXAS KATY MIDDLE (http://katyk8.iltexas.org)
21:37:46 INFO       Found directory at http://katyk8.iltexas.org/staff-directory
21:37:48 INFO       \u2192 0 art teacher(s) found. Status: no_art_teachers_found
21:37:48 INFO       \u2192 0 new staff records saved.
21:37:53 INFO     [891/9192] ILTEXAS LANCASTER MIDDLE (http://lancasterk8.iltexas.org)
21:38:07 INFO       Found directory at http://lancasterk8.iltexas.org/staff-directory
21:38:09 INFO       \u2192 0 art teacher(s) found. Status: no_art_teachers_found
21:38:09 INFO       \u2192 0 new staff records saved.
21:38:14 INFO     [892/9192] ILTEXAS SAGINAW MIDDLE (http://saginawk8.iltexas.org)
21:38:24 INFO       Found directory at http://saginawk8.iltexas.org/staff-directory
21:38:26 INFO       \u2192 0 art teacher(s) found. Status: no_art_teachers_found
21:38:26 INFO       \u2192 0 new staff records saved.
21:38:31 INFO     [893/9192] ILTEXAS WOODHAVEN EL (http://woodhavenk8.iltexas.org)
21:38:40 INFO       Found directory at http://woodhavenk8.iltexas.org/staff-directory
21:38:42 INFO       \u2192 0 art teacher(s) found. Status: no_art_teachers_found
21:38:42 INFO       \u2192 0 new staff records saved.
21:38:47 INFO     [894/9192] ILTEXAS HOUSTON WINDMILL LAKES MIDDLE (http://windmilllakesk8.iltexas.org)
21:38:56 INFO       Found directory at http://windmilllakesk8.iltexas.org/staff-directory
21:38:59 INFO       \u2192 0 art teacher(s) found. Status: no_art_teachers_found
21:38:59 INFO       \u2192 0 new staff records saved.
21:39:04 INFO     [895/9192] ILTEXAS HOUSTON OREM EL (http://oremk8.iltexas.org)
21:39:10 INFO       Found directory at http://oremk8.iltexas.org/staff-directory
21:39:12 INFO       \u2192 0 art teacher(s) found. Status: no_art_teachers_found
21:39:12 INFO       \u2192 0 new staff records saved.
21:39:17 INFO     [896/9192] ILTEXAS HOUSTON WINDMILL LAKES EL (http://windmilllakesk8.iltexas.org)
21:39:20 INFO       Found directory at http://windmilllakesk8.iltexas.org/staff-directory
21:39:22 INFO       \u2192 0 art teacher(s) found. Status: no_art_teachers_found
21:39:22 INFO       \u2192 0 new staff records saved.
21:39:27 INFO     [897/9192] ILTEXAS KATY WESTPARK H S (http://katywestparkhs.iltexas.org)
21:39:37 INFO       Found directory at http://katywestparkhs.iltexas.org/staff-directory
21:39:38 INFO       \u2192 0 art teacher(s) found. Status: no_art_teachers_found
21:39:38 INFO       \u2192 0 new staff records saved.
21:39:43 INFO     [898/9192] ILTEXAS WOODHAVEN MIDDLE (http://woodhavenk8.iltexas.org)
21:39:47 INFO       Found directory at http://woodhavenk8.iltexas.org/staff-directory
21:39:49 INFO       \u2192 0 art teacher(s) found. Status: no_art_teachers_found
21:39:49 INFO       \u2192 0 new staff records saved.
21:39:54 INFO     [899/9192] ILTEXAS LANCASTER EL (http://lancasterk8.iltexas.org)
21:39:58 INFO       Found directory at http://lancasterk8.iltexas.org/staff-directory
21:40:00 INFO       \u2192 0 art teacher(s) found. Status: no_art_teachers_found
21:40:00 INFO       \u2192 0 new staff records saved.
21:40:05 INFO     [900/9192] ILTEXAS HOUSTON OREM MIDDLE (http://oremk8.iltexas.org)
21:40:09 INFO       Found directory at http://oremk8.iltexas.org/staff-directory
21:40:11 INFO       \u2192 0 art teacher(s) found. Status: no_art_teachers_found
21:40:11 INFO       \u2192 0 new staff records saved.
21:40:16 INFO     [901/9192] ILTEXAS SAGINAW EL (http://saginawk8.iltexas.org)
21:40:20 INFO       Found directory at http://saginawk8.iltexas.org/staff-directory
21:40:21 INFO       \u2192 0 art teacher(s) found. Status: no_art_teachers_found
21:40:21 INFO       \u2192 0 new staff records saved.
21:40:26 INFO     [902/9192] ILTEXAS LANCASTER DESOTO H S (http://lancasterdesotohs.iltexas.org)
21:40:35 INFO       Found directory at http://lancasterdesotohs.iltexas.org/staff-directory
21:40:37 INFO       \u2192 0 art teacher(s) found. Status: no_art_teachers_found
21:40:37 INFO       \u2192 0 new staff records saved.
21:40:42 INFO     [903/9192] ILTEXAS COLLEGE STATION EL (http://collegestationk8.iltexas.org)
21:40:52 INFO       Found directory at http://collegestationk8.iltexas.org/staff-directory
21:40:54 INFO       \u2192 0 art teacher(s) found. Status: no_art_teachers_found
21:40:54 INFO       \u2192 0 new staff records saved.
21:40:59 INFO     [904/9192] ILTEXAS HOUSTON WINDMILL LAKES OREM H S (http://windmilllakesoremhs.iltexas.org)
21:41:08 INFO       Found directory at http://windmilllakesoremhs.iltexas.org/staff-directory
21:41:10 INFO       \u2192 0 art teacher(s) found. Status: no_art_teachers_found
21:41:10 INFO       \u2192 0 new staff records saved.
21:41:15 INFO     [905/9192] ILTEXAS COLLEGE STATION MIDDLE (http://collegestationk8.iltexas.org)
21:41:19 INFO       Found directory at http://collegestationk8.iltexas.org/staff-directory
21:41:21 INFO       \u2192 0 art teacher(s) found. Status: no_art_teachers_found
21:41:21 INFO       \u2192 0 new staff records saved.
21:41:26 INFO     [906/9192] ILTEXAS AGGIELAND H S (http://aggielandhs.iltexas.org)
21:41:35 INFO       Found directory at http://aggielandhs.iltexas.org/staff-directory
21:41:37 INFO       \u2192 0 art teacher(s) found. Status: no_art_teachers_found
21:41:37 INFO       \u2192 0 new staff records saved.
21:41:42 INFO     [907/9192] ILTEXAS RICHMOND EL (None)
21:41:42 INFO       \u2192 0 art teacher(s) found. Status: no_url
21:41:42 INFO       \u2192 0 new staff records saved.
21:41:44 INFO     [908/9192] ILTEXAS RICHMOND MIDDLE (None)
21:41:44 INFO       \u2192 0 art teacher(s) found. Status: no_url
21:41:44 INFO       \u2192 0 new staff records saved.
21:41:47 INFO     [909/9192] MANSFIELD HERITAGE EL (http://heritagek8.iltexas.org)
21:41:57 INFO       Found directory at http://heritagek8.iltexas.org/staff-directory
21:41:58 INFO       \u2192 0 art teacher(s) found. Status: no_art_teachers_found
21:41:58 INFO       \u2192 0 new staff records saved.
21:42:03 INFO     [910/9192] MANSFIELD HERITAGE MIDDLE (None)
21:42:03 INFO       \u2192 0 art teacher(s) found. Status: no_url
21:42:03 INFO       \u2192 0 new staff records saved.
21:42:06 INFO     [911/9192] ILTEXAS PEARLAND EL (None)
21:42:06 INFO       \u2192 0 art teacher(s) found. Status: no_url
21:42:06 INFO       \u2192 0 new staff records saved.
21:42:08 INFO     [912/9192] ILTEXAS PEARLAND MIDDLE (None)
21:42:08 INFO       \u2192 0 art teacher(s) found. Status: no_url
21:42:08 INFO       \u2192 0 new staff records saved.
21:42:11 INFO     [913/9192] ILTEXAS BG RAMIREZ MIDDLE (http://bgramirezk8.iltexas.org)
21:42:42 INFO       \u2192 0 art teacher(s) found. Status: no_directory_found
21:42:42 INFO       \u2192 0 new staff records saved.
21:42:47 INFO     [914/9192] ILTEXAS BG RAMIREZ EL (http://bgramirezk8.iltexas.org)
21:43:03 INFO       \u2192 0 art teacher(s) found. Status: no_directory_found
21:43:03 INFO       \u2192 0 new staff records saved.
21:43:08 INFO     [915/9192] ILTEXAS MSG RAMIREZ EL (None)
21:43:08 INFO       \u2192 0 art teacher(s) found. Status: no_url
21:43:08 INFO       \u2192 0 new staff records saved.
21:43:11 INFO     [916/9192] ILTEXAS MSG RAMIREZ MIDDLE (None)
21:43:11 INFO       \u2192 0 art teacher(s) found. Status: no_url
21:43:11 INFO       \u2192 0 new staff records saved.
21:43:13 INFO     [917/9192] ILTEXAS LIBERTY H S (None)
21:43:13 INFO       \u2192 0 art teacher(s) found. Status: no_url
21:43:13 INFO       \u2192 0 new staff records saved.
21:43:16 INFO     [918/9192] GREAT HEARTS MONTE VISTA (http://texas.greatheartsamerica.org/)
21:43:24 INFO       Found directory at http://texas.greatheartsamerica.org/contact
21:43:26 INFO       \u2192 0 art teacher(s) found. Status: no_art_teachers_found
21:43:26 INFO       \u2192 0 new staff records saved.
21:43:29 INFO     [919/9192] GREAT HEARTS MONTE VISTA NORTH (http://texas.greatheartsamerica.org/)
21:43:37 INFO       Found directory at http://texas.greatheartsamerica.org/contact
21:43:39 INFO       \u2192 0 art teacher(s) found. Status: no_art_teachers_found
21:43:39 INFO       \u2192 0 new staff records saved.
21:43:41 INFO     [920/9192] GREAT HEARTS IRVING (http://texas.greatheartsamerica.org/)
21:43:49 INFO       Found directory at http://texas.greatheartsamerica.org/contact
21:43:51 INFO       \u2192 0 art teacher(s) found. Status: no_art_teachers_found
21:43:51 INFO       \u2192 0 new staff records saved.
21:43:53 INFO     [921/9192] GREAT HEARTS NORTHERN OAKS (http://texas.greatheartsamerica.org/)
21:44:01 INFO       Found directory at http://texas.greatheartsamerica.org/contact
21:44:03 INFO       \u2192 0 art teacher(s) found. Status: no_art_teachers_found
21:44:03 INFO       \u2192 0 new staff records saved.
21:44:05 INFO     [922/9192] GREAT HEARTS WESTERN HILLS (http://texas.greatheartsamerica.org/)
21:44:13 INFO       Found directory at http://texas.greatheartsamerica.org/contact
21:44:15 INFO       \u2192 0 art teacher(s) found. Status: no_art_teachers_found
21:44:15 INFO       \u2192 0 new staff records saved.
21:44:17 INFO     [923/9192] GREAT HEARTS IRVING UPPER (http://texas.greatheartsamerica.org/)
21:44:25 INFO       Found directory at http://texas.greatheartsamerica.org/contact
21:44:27 INFO       \u2192 0 art teacher(s) found. Status: no_art_teachers_found
21:44:27 INFO       \u2192 0 new staff records saved.
21:44:29 INFO     [924/9192] GREAT HEARTS FOREST HEIGHTS (http://texas.greatheartsamerica.org/)
21:44:37 INFO       Found directory at http://texas.greatheartsamerica.org/contact
21:44:39 INFO       \u2192 0 art teacher(s) found. Status: no_art_teachers_found
21:44:39 INFO       \u2192 0 new staff records saved.
21:44:42 INFO     [925/9192] GREAT HEARTS LIVE OAK (http://texas.greatheartsamerica.org/)
21:44:50 INFO       Found directory at http://texas.greatheartsamerica.org/contact
21:44:52 INFO       \u2192 0 art teacher(s) found. Status: no_art_teachers_found
21:44:52 INFO       \u2192 0 new staff records saved.
21:44:55 INFO     [926/9192] GREAT HEARTS LAKESIDE (http://texas.greatheartsamerica.org/)
21:45:02 INFO       Found directory at http://texas.greatheartsamerica.org/contact
21:45:04 INFO       \u2192 0 art teacher(s) found. Status: no_art_teachers_found
21:45:04 INFO       \u2192 0 new staff records saved.
21:45:07 INFO     [927/9192] GREAT HEARTS ARLINGTON (http://texas.greatheartsamerica.org/)
21:45:14 INFO       Found directory at http://texas.greatheartsamerica.org/contact
21:45:16 INFO       \u2192 0 art teacher(s) found. Status: no_art_teachers_found
21:45:16 INFO       \u2192 0 new staff records saved.
21:45:19 INFO     [928/9192] GREAT HEARTS ONLINE - TX (http://greatheartsonline.org/gho-texas/)
21:45:47 INFO       \u2192 0 art teacher(s) found. Status: no_directory_found
21:45:47 INFO       \u2192 0 new staff records saved.
21:45:50 INFO     [929/9192] GREAT HEARTS INVICTUS (http://texas.greatheartsamerica.org/)
21:45:57 INFO       Found directory at http://texas.greatheartsamerica.org/contact
21:45:59 INFO       \u2192 0 art teacher(s) found. Status: no_art_teachers_found
21:45:59 INFO       \u2192 0 new staff records saved.
21:46:02 INFO     [930/9192] GREAT HEARTS PRAIRIE VIEW (http://texas.greatheartsamerica.org/)
21:46:09 INFO       Found directory at http://texas.greatheartsamerica.org/contact
21:46:11 INFO       \u2192 0 art teacher(s) found. Status: no_art_teachers_found
21:46:11 INFO       \u2192 0 new staff records saved.
21:46:14 INFO     [931/9192] MAGNOLIA MONTESSORI FOR ALL (http://montessoriforall.org)
21:46:14 INFO       \u2192 0 art teacher(s) found. Status: robots_blocked
21:46:14 INFO       \u2192 0 new staff records saved.
21:46:16 INFO     [932/9192] BETA ACADEMY (http://www.betaacademy.org)
21:46:23 INFO       Found directory at http://www.betaacademy.org/contact
21:46:25 INFO       \u2192 0 art teacher(s) found. Status: no_art_teachers_found
21:46:25 INFO       \u2192 0 new staff records saved.
21:46:27 INFO     [933/9192] BETA ACADEMY (http://betaacademy.org)
21:46:33 INFO       Found directory at http://betaacademy.org/contact
21:46:35 INFO       \u2192 0 art teacher(s) found. Status: no_art_teachers_found
21:46:35 INFO       \u2192 0 new staff records saved.
21:46:38 INFO     [934/9192] KI CHARTER ACADEMY (None)
21:46:38 INFO       \u2192 0 art teacher(s) found. Status: no_url
21:46:38 INFO       \u2192 0 new staff records saved.
21:46:40 INFO     [935/9192] KI CHARTER ACADEMY LIBERTY HILL (None)
21:46:40 INFO       \u2192 0 art teacher(s) found. Status: no_url
21:46:40 INFO       \u2192 0 new staff records saved.
21:46:43 INFO     [936/9192] KI CHARTER - FORT WORTH (http://www.kicharter.org/)
21:46:45 INFO       Found directory at http://www.kicharter.org/staff
21:46:53 INFO       \u2192 3 art teacher(s) found. Status: ok
21:46:53 INFO       \u2192 3 new staff records saved.
21:46:56 INFO     [937/9192] KI CHARTER - DENTON (http://www.kicharter.org/)
21:46:58 INFO       Found directory at http://www.kicharter.org/staff
21:47:04 INFO       \u2192 3 art teacher(s) found. Status: ok
21:47:04 INFO       \u2192 3 new staff records saved.
21:47:07 INFO     [938/9192] KI CHARTER - AUSTIN (None)
21:47:07 INFO       \u2192 0 art teacher(s) found. Status: no_url
21:47:07 INFO       \u2192 0 new staff records saved.
21:47:09 INFO     [939/9192] KI CHARTER - TEMPLE (None)
21:47:09 INFO       \u2192 0 art teacher(s) found. Status: no_url
21:47:09 INFO       \u2192 0 new staff records saved.
21:47:12 INFO     [940/9192] KI CHARTER - KINGWOOD (None)
21:47:12 INFO       \u2192 0 art teacher(s) found. Status: no_url
21:47:12 INFO       \u2192 0 new staff records saved.
21:47:14 INFO     [941/9192] THE EXCEL CENTER (FOR ADULTS) (http://excelcenterhighschool.org/)
21:47:24 INFO       Found directory at http://excelcenterhighschool.org/contact
21:47:26 INFO       \u2192 0 art teacher(s) found. Status: no_art_teachers_found
21:47:26 INFO       \u2192 0 new staff records saved.
21:47:28 INFO     [942/9192] THE EXCEL CENTER FOR ADULTS - LOCKHART (None)
21:47:28 INFO       \u2192 0 art teacher(s) found. Status: no_url
21:47:28 INFO       \u2192 0 new staff records saved.
21:47:31 INFO     [943/9192] THE EXCEL CENTER FOR ADULTS - SOUTH AUSTIN (http://excelcenterhighschool.org)
21:47:37 INFO       Found directory at http://excelcenterhighschool.org/contact
21:47:39 INFO       \u2192 0 art teacher(s) found. Status: no_art_teachers_found
21:47:39 INFO       \u2192 0 new staff records saved.
21:47:41 INFO     [944/9192] BILLY MOORE (http://excelcenterhighschool.org/)
21:47:48 INFO       Found directory at http://excelcenterhighschool.org/contact
21:47:49 INFO       \u2192 0 art teacher(s) found. Status: no_art_teachers_found
21:47:49 INFO       \u2192 0 new staff records saved.
21:47:52 INFO     [945/9192] DIBOLL (http://excelcenterhighschool.org/)
21:47:58 INFO       Found directory at http://excelcenterhighschool.org/contact
21:48:00 INFO       \u2192 0 art teacher(s) found. Status: no_art_teachers_found
21:48:00 INFO       \u2192 0 new staff records saved.
21:48:03 INFO     [946/9192] CONNALLY (None)
21:48:03 INFO       \u2192 0 art teacher(s) found. Status: no_url
21:48:03 INFO       \u2192 0 new staff records saved.
21:48:05 INFO     [947/9192] STILES (None)
21:48:05 INFO       \u2192 0 art teacher(s) found. Status: no_url
21:48:05 INFO       \u2192 0 new staff records saved.
21:48:08 INFO     [948/9192] PIONEER TECHNOLOGY (PTAA) MESQUITE (http://www.ptaaschool.org)
21:48:08 INFO       \u2192 0 art teacher(s) found. Status: robots_blocked
21:48:08 INFO       \u2192 0 new staff records saved.
21:48:10 INFO     [949/9192] PIONEER TECHNOLOGY (PTAA) GREENVILLE (http://www.ptaaschool.org)
21:48:10 INFO       \u2192 0 art teacher(s) found. Status: robots_blocked
21:48:10 INFO       \u2192 0 new staff records saved.
21:48:13 INFO     [950/9192] PIONEER TECHNOLOGY (PTAA) FATE (http://www.ptaaschool.org)
21:48:13 INFO       \u2192 0 art teacher(s) found. Status: robots_blocked
21:48:13 INFO       \u2192 0 new staff records saved.
21:48:15 INFO     [951/9192] PIONEER TECHNOLOGY (PTAA) MESQUITE EL (http://www.ptaaschool.org)
21:48:15 INFO       \u2192 0 art teacher(s) found. Status: robots_blocked
21:48:15 INFO       \u2192 0 new staff records saved.
21:48:18 INFO     [952/9192] PIONEER TECHNOLOGY (PTAA) ROYSE CITY EL (http://www.ptaaschool.org)
21:48:18 INFO       \u2192 0 art teacher(s) found. Status: robots_blocked
21:48:18 INFO       \u2192 0 new staff records saved.
21:48:20 INFO     [953/9192] PIONEER TECHNOLOGY AND ARTS ACADEMY NORTH DALLAS (http://www.ptaaschool.org)
21:48:20 INFO       \u2192 0 art teacher(s) found. Status: robots_blocked
21:48:20 INFO       \u2192 0 new staff records saved.
21:48:23 INFO     [954/9192] IMAGINE LONE STAR INTERNATIONAL ACADEMY (http://www.lonestartx.org)
21:48:23 INFO       \u2192 0 art teacher(s) found. Status: robots_blocked
21:48:23 INFO       \u2192 0 new staff records saved.
21:48:25 INFO     [955/9192] A+ UNLIMITED POTENTIAL - UNIVERSITY (None)
21:48:25 INFO       \u2192 0 art teacher(s) found. Status: no_url
21:48:25 INFO       \u2192 0 new staff records saved.
21:48:28 INFO     [956/9192] A+UP H S (None)
21:48:28 INFO       \u2192 0 art teacher(s) found. Status: no_url
21:48:28 INFO       \u2192 0 new staff records saved.
21:48:30 INFO     [957/9192] SAM HOUSTON STATE UNIVERSITY CHARTER SCHOOL (None)
21:48:30 INFO       \u2192 0 art teacher(s) found. Status: no_url
21:48:30 INFO       \u2192 0 new staff records saved.
21:48:33 INFO     [958/9192] TRIVIUM ACADEMY (http://www.triviumacademytx.com)
21:48:44 INFO       Found directory at http://www.triviumacademytx.com/administration
21:48:46 INFO       \u2192 0 art teacher(s) found. Status: no_art_teachers_found
21:48:46 INFO       \u2192 0 new staff records saved.
21:48:48 INFO     [959/9192] COMPASS ROSE LEGACY (http://www.compassroseSA.org)
21:49:10 INFO       \u2192 0 art teacher(s) found. Status: no_directory_found
21:49:10 INFO       \u2192 0 new staff records saved.
21:49:13 INFO     [960/9192] COMPASS ROSE LEGACY EL (http://www.compassroseschools.org)
21:49:13 INFO       \u2192 0 art teacher(s) found. Status: robots_blocked
21:49:13 INFO       \u2192 0 new staff records saved.
21:49:15 INFO     [961/9192] COMPASS ROSE INGENUITY (http://www.compassroseschools.org)
21:49:15 INFO       \u2192 0 art teacher(s) found. Status: robots_blocked
21:49:15 INFO       \u2192 0 new staff records saved.
21:49:18 INFO     [962/9192] COMPASS ROSE JOURNEY (http://www.compassroseschools.org)
21:49:18 INFO       \u2192 0 art teacher(s) found. Status: robots_blocked
21:49:18 INFO       \u2192 0 new staff records saved.
21:49:20 INFO     [963/9192] COMPASS ROSE DESTINY (http://www.compassroseschools.org)
21:49:20 INFO       \u2192 0 art teacher(s) found. Status: robots_blocked
21:49:20 INFO       \u2192 0 new staff records saved.
21:49:23 INFO     [964/9192] COMPASS ROSE HARVEST (None)
21:49:23 INFO       \u2192 0 art teacher(s) found. Status: no_url
21:49:23 INFO       \u2192 0 new staff records saved.
21:49:25 INFO     [965/9192] COMPASS ROSE DREAM (None)
21:49:25 INFO       \u2192 0 art teacher(s) found. Status: no_url
21:49:25 INFO       \u2192 0 new staff records saved.
21:49:28 INFO     [966/9192] COMPASS ROSE IMPACT (None)
21:49:28 INFO       \u2192 0 art teacher(s) found. Status: no_url
21:49:28 INFO       \u2192 0 new staff records saved.
21:49:31 INFO     [967/9192] COMPASS ROSE OPPORTUNITY (None)
21:49:31 INFO       \u2192 0 art teacher(s) found. Status: no_url
21:49:31 INFO       \u2192 0 new staff records saved.
21:49:33 INFO     [968/9192] GOODWATER MONTESSORI SCHOOL (http://www.GoodwaterMontessori.org)
21:49:35 INFO       Found directory at http://www.GoodwaterMontessori.org/staff
21:49:37 INFO       \u2192 0 art teacher(s) found. Status: no_art_teachers_found
21:49:37 INFO       \u2192 0 new staff records saved.
21:49:40 INFO     [969/9192] LEGACY SCHOOL OF SPORT SCIENCES (None)
21:49:40 INFO       \u2192 0 art teacher(s) found. Status: no_url
21:49:40 INFO       \u2192 0 new staff records saved.
21:49:42 INFO     [970/9192] ETOILE ACADEMY CHARTER SCHOOL (http://etoileacademy.org)
21:49:58 INFO       \u2192 0 art teacher(s) found. Status: no_directory_found
21:49:58 INFO       \u2192 0 new staff records saved.
21:50:01 INFO     [971/9192] ETOILE ACADEMY CHARTER SCHOOL-BISSONNET (None)
21:50:01 INFO       \u2192 0 art teacher(s) found. Status: no_url
21:50:01 INFO       \u2192 0 new staff records saved.
21:50:03 INFO     [972/9192] VALOR SOUTH AUSTIN (http://www.valorpublicschools.org)
21:50:23 INFO       \u2192 0 art teacher(s) found. Status: no_directory_found
21:50:23 INFO       \u2192 0 new staff records saved.
21:50:26 INFO     [973/9192] VALOR NORTH AUSTIN (None)
21:50:26 INFO       \u2192 0 art teacher(s) found. Status: no_url
21:50:26 INFO       \u2192 0 new staff records saved.
21:50:28 INFO     [974/9192] VALOR KYLE (None)
21:50:28 INFO       \u2192 0 art teacher(s) found. Status: no_url
21:50:28 INFO       \u2192 0 new staff records saved.
21:50:31 INFO     [975/9192] VALOR LEANDER (None)
21:50:31 INFO       \u2192 0 art teacher(s) found. Status: no_url
21:50:31 INFO       \u2192 0 new staff records saved.
21:50:33 INFO     [976/9192] VALOR SAN ANTONIO (None)
21:50:33 INFO       \u2192 0 art teacher(s) found. Status: no_url
21:50:33 INFO       \u2192 0 new staff records saved.
21:50:36 INFO     [977/9192] BRIDGEWAY PREPARATORY ACADEMY (http://www.bridgewaypreparatory.org)
21:50:36 INFO       \u2192 0 art teacher(s) found. Status: robots_blocked
21:50:36 INFO       \u2192 0 new staff records saved.
21:50:38 INFO     [978/9192] YELLOWSTONE COLLEGE PREPARATORY (http://www.yellowstonecollegeprep.org)
21:51:02 INFO       \u2192 0 art teacher(s) found. Status: no_directory_found
21:51:02 INFO       \u2192 0 new staff records saved.
21:51:04 INFO     [979/9192] LAKE GRANBURY ACADEMY (None)
21:51:04 INFO       \u2192 0 art teacher(s) found. Status: no_url
21:51:04 INFO       \u2192 0 new staff records saved.
21:51:07 INFO     [980/9192] REVE PREPARATORY CHARTER SCHOOL (http://www.reveprep.org)
21:51:07 INFO       \u2192 0 art teacher(s) found. Status: robots_blocked
21:51:07 INFO       \u2192 0 new staff records saved.
21:51:09 INFO     [981/9192] BLOOM ACADEMY CHARTER SCHOOL (http://www.bloomacademy.org)
21:51:09 INFO       \u2192 0 art teacher(s) found. Status: robots_blocked
21:51:09 INFO       \u2192 0 new staff records saved.
21:51:12 INFO     [982/9192] PROMESA ACADEMY CHARTER SCHOOL (http://www.promesaacademy.org)
21:51:25 INFO       \u2192 0 art teacher(s) found. Status: no_directory_found
21:51:25 INFO       \u2192 0 new staff records saved.
21:51:28 INFO     [983/9192] BETTY M CONDRA SCHOOL FOR EDUCATION INNOVATION (http://www.condraschool.com)
21:51:32 INFO       Found directory at http://www.condraschool.com/staff
21:51:34 INFO       \u2192 0 art teacher(s) found. Status: no_art_teachers_found
21:51:34 INFO       \u2192 0 new staff records saved.
21:51:37 INFO     [984/9192] HOUSTON CLASSICAL (http://houstonclassical.org)
21:51:52 INFO       \u2192 0 art teacher(s) found. Status: no_directory_found
21:51:52 INFO       \u2192 0 new staff records saved.
21:51:55 INFO     [985/9192] ELEVATE COLLEGIATE (None)
21:51:55 INFO       \u2192 0 art teacher(s) found. Status: no_url
21:51:55 INFO       \u2192 0 new staff records saved.
21:51:57 INFO     [986/9192] THE GATHERING PLACE (http://THEGATHERINGPLACEK12.org)
21:52:03 INFO       Found directory at http://THEGATHERINGPLACEK12.org/contact
21:52:04 INFO       \u2192 0 art teacher(s) found. Status: no_art_teachers_found
21:52:04 INFO       \u2192 0 new staff records saved.
21:52:07 INFO     [987/9192] SAN ANTONIO STEAM ACADEMY (http://saprep.org)
21:52:07 INFO       \u2192 0 art teacher(s) found. Status: robots_blocked
21:52:07 INFO       \u2192 0 new staff records saved.
21:52:10 INFO     [988/9192] UNIVERSITY OF TEXAS AT AUSTIN H S (http://highschool.utexas.edu)
21:52:16 INFO       Found directory at http://highschool.utexas.edu/staff-directory
21:52:18 INFO       \u2192 4 art teacher(s) found. Status: ok
21:52:18 INFO       \u2192 4 new staff records saved.
21:52:20 INFO     [989/9192] THE UNIVERSITY OF TEXAS AT AUSTIN INTERNATIONAL H (None)
21:52:20 INFO       \u2192 0 art teacher(s) found. Status: no_url
21:52:20 INFO       \u2192 0 new staff records saved.
21:52:23 INFO     [990/9192] DORAL ACADEMY OF TEXAS (http://doralacademytx.com)
21:52:37 INFO       \u2192 0 art teacher(s) found. Status: no_directory_found
21:52:37 INFO       \u2192 0 new staff records saved.
21:52:39 INFO     [991/9192] BRILLANTE ACADEMY (http://brillanteacademy.org/)
21:52:49 INFO       Found directory at http://brillanteacademy.org/staff
21:52:51 INFO       \u2192 0 art teacher(s) found. Status: no_art_teachers_found
21:52:51 INFO       \u2192 0 new staff records saved.
21:52:54 INFO     [992/9192] PRELUDE PREPARATORY CHARTER SCHOOL (http://PreludePrep.org)
21:53:19 INFO       \u2192 0 art teacher(s) found. Status: no_directory_found
21:53:19 INFO       \u2192 0 new staff records saved.
21:53:24 INFO     [993/9192] ROYAL ACADEMY OF EXCELLENCE (http://royaltx.org/)
21:53:35 INFO       Found directory at http://royaltx.org/contact
21:53:37 INFO       \u2192 0 art teacher(s) found. Status: no_art_teachers_found
21:53:37 INFO       \u2192 0 new staff records saved.
21:53:47 INFO     [994/9192] ESSENCE PREPARATORY CHARTER SCHOOL (http://www.essenceprepsa.org/)
21:53:47 INFO       \u2192 0 art teacher(s) found. Status: robots_blocked
21:53:47 INFO       \u2192 0 new staff records saved.
21:53:50 INFO     [995/9192] TEXAS TECH UNIVERSITY K-12 (http://www.k12.ttu.edu)
21:53:50 INFO       \u2192 0 art teacher(s) found. Status: robots_blocked
21:53:50 INFO       \u2192 0 new staff records saved.
21:53:53 INFO     [996/9192] THRIVE CENTER FOR SUCCESS (http://thrivesuccess.org)
21:54:02 INFO       Found directory at http://thrivesuccess.org/contact
21:54:04 INFO       \u2192 0 art teacher(s) found. Status: no_art_teachers_found
21:54:04 INFO       \u2192 0 new staff records saved.
21:54:07 INFO     [997/9192] ROCKETSHIP DENNIS DUNKINS EL (http://www.rocketshipschools.org/schools/dennis-dunkins-elementary/)
21:54:07 INFO       \u2192 0 art teacher(s) found. Status: robots_blocked
21:54:07 INFO       \u2192 0 new staff records saved.
21:54:09 INFO     [998/9192] ROCKETSHIP EXPLORE EL (None)
21:54:09 INFO       \u2192 0 art teacher(s) found. Status: no_url
21:54:09 INFO       \u2192 0 new staff records saved.
21:54:12 INFO     [999/9192] A & M CONS H S (http://amchs.csisd.org)
21:54:15 INFO       Found directory at http://amchs.csisd.org/staff
21:54:17 INFO       \u2192 0 art teacher(s) found. Status: no_art_teachers_found
21:54:17 INFO       \u2192 0 new staff records saved.
21:54:22 INFO     [1000/9192] COLLEGE HILLS EL (http://ch.csisd.org)
21:54:25 INFO       Found directory at http://ch.csisd.org/staff
21:54:26 INFO       \u2192 0 art teacher(s) found. Status: no_art_teachers_found
21:54:26 INFO       \u2192 0 new staff records saved.
21:54:31 INFO     [1001/9192] COLLEGE STATION MIDDLE (http://csms.csisd.org)
21:54:34 INFO       Found directory at http://csms.csisd.org/staff
21:54:36 INFO       \u2192 0 art teacher(s) found. Status: no_art_teachers_found
21:54:36 INFO       \u2192 0 new staff records saved.
21:54:41 INFO     [1002/9192] SOUTH KNOLL EL (http://sk.csisd.org)
21:54:57 INFO       Found directory at http://sk.csisd.org/directory
21:54:59 INFO       \u2192 0 art teacher(s) found. Status: no_art_teachers_found
21:54:59 INFO       \u2192 0 new staff records saved.
21:55:04 INFO     [1003/9192] SOUTHWOOD VALLEY EL (http://swv.csisd.org)
21:55:32 INFO       \u2192 0 art teacher(s) found. Status: no_directory_found
21:55:32 INFO       \u2192 0 new staff records saved.
21:55:37 INFO     [1004/9192] ROCK PRAIRIE EL (http://rp.csisd.org)
21:55:39 INFO       Found directory at http://rp.csisd.org/staff
21:55:41 INFO       \u2192 0 art teacher(s) found. Status: no_art_teachers_found
21:55:41 INFO       \u2192 0 new staff records saved.
21:55:46 INFO     [1005/9192] PEBBLE CREEK EL (http://pc.csisd.org)
21:55:49 INFO       Found directory at http://pc.csisd.org/staff
21:55:50 INFO       \u2192 0 art teacher(s) found. Status: no_art_teachers_found
21:55:50 INFO       \u2192 0 new staff records saved.
21:55:55 INFO     [1006/9192] OAKWOOD INT (http://ow.csisd.org)
21:55:57 INFO       Found directory at http://ow.csisd.org/staff
21:55:59 INFO       \u2192 0 art teacher(s) found. Status: no_art_teachers_found
21:55:59 INFO       \u2192 0 new staff records saved.
21:56:04 INFO     [1007/9192] CYPRESS GROVE INT (http://cg.csisd.org)
21:56:08 INFO       Found directory at http://cg.csisd.org/staff
21:56:09 INFO       \u2192 0 art teacher(s) found. Status: no_art_teachers_found
21:56:09 INFO       \u2192 0 new staff records saved.
21:56:14 INFO     [1008/9192] A & M CONSOLIDATED MIDDLE (http://amcms.csisd.org)
21:56:18 INFO       Found directory at http://amcms.csisd.org/staff
21:56:19 INFO       \u2192 0 art teacher(s) found. Status: no_art_teachers_found
21:56:19 INFO       \u2192 0 new staff records saved.
21:56:24 INFO     [1009/9192] COLLEGE STATION JJAEP (None)
21:56:24 INFO       \u2192 0 art teacher(s) found. Status: no_url
21:56:24 INFO       \u2192 0 new staff records saved.
21:56:27 INFO     [1010/9192] FOREST RIDGE (http://fr.csisd.org)
21:56:30 INFO       Found directory at http://fr.csisd.org/staff
21:56:31 INFO       \u2192 0 art teacher(s) found. Status: no_art_teachers_found
21:56:31 INFO       \u2192 0 new staff records saved.
21:56:36 INFO     [1011/9192] CREEK VIEW EL (http://cv.csisd.org)
21:56:43 INFO       Found directory at http://cv.csisd.org/staff-directory
21:56:45 INFO       \u2192 0 art teacher(s) found. Status: no_art_teachers_found
21:56:45 INFO       \u2192 0 new staff records saved.
21:56:50 INFO     [1012/9192] GREENS PRAIRIE EL (http://gp.csisd.org)
21:56:53 INFO       Found directory at http://gp.csisd.org/staff
21:56:55 INFO       \u2192 0 art teacher(s) found. Status: no_art_teachers_found
21:56:55 INFO       \u2192 0 new staff records saved.
21:57:00 INFO     [1013/9192] COLLEGE STATION H S (http://cshs.csisd.org)
21:57:03 INFO       Found directory at http://cshs.csisd.org/staff
21:57:05 INFO       \u2192 0 art teacher(s) found. Status: no_art_teachers_found
21:57:05 INFO       \u2192 0 new staff records saved.
21:57:10 INFO     [1014/9192] SPRING CREEK EL (None)
21:57:10 INFO       \u2192 0 art teacher(s) found. Status: no_url
21:57:10 INFO       \u2192 0 new staff records saved.
21:57:12 INFO     [1015/9192] PECAN TRAIL INT (None)
21:57:12 INFO       \u2192 0 art teacher(s) found. Status: no_url
21:57:12 INFO       \u2192 0 new staff records saved.
21:57:15 INFO     [1016/9192] COLLEGE VIEW H S (None)
21:57:15 INFO       \u2192 0 art teacher(s) found. Status: no_url
21:57:15 INFO       \u2192 0 new staff records saved.
21:57:17 INFO     [1017/9192] WELLBORN MIDDLE (None)
21:57:17 INFO       \u2192 0 art teacher(s) found. Status: no_url
21:57:17 INFO       \u2192 0 new staff records saved.
21:57:20 INFO     [1018/9192] RIVER BEND EL (http://rb.csisd.org)
21:57:39 INFO       Found directory at http://rb.csisd.org/directory
21:57:41 INFO       \u2192 0 art teacher(s) found. Status: no_art_teachers_found
21:57:41 INFO       \u2192 0 new staff records saved.
21:57:46 INFO     [1019/9192] CVHS ACCELERATED ACADEMY (None)
21:57:46 INFO       \u2192 0 art teacher(s) found. Status: no_url
21:57:46 INFO       \u2192 0 new staff records saved.
21:57:48 INFO     [1020/9192] ABBOTT SCHOOL (http://www.abbottisd.org)
21:58:03 INFO       \u2192 0 art teacher(s) found. Status: no_directory_found
21:58:03 INFO       \u2192 0 new staff records saved.
21:58:08 INFO     [1021/9192] ABERNATHY EL (http://www.abernathyisd.com)
21:58:24 INFO       Found possible directory link: http://www.abernathyisd.com/60668
21:58:27 INFO       \u2192 0 art teacher(s) found. Status: no_art_teachers_found
21:58:27 INFO       \u2192 0 new staff records saved.
21:58:32 INFO     [1022/9192] ABERNATHY H S (http://www.abernathyisd.com)
21:58:48 INFO       Found possible directory link: http://www.abernathyisd.com/60668
21:58:50 INFO       \u2192 2 art teacher(s) found. Status: ok
21:58:50 INFO       \u2192 2 new staff records saved.
21:58:55 INFO     [1023/9192] ABERNATHY MIDDLE (http://www.abernathyisd.com)
21:59:11 INFO       Found possible directory link: http://www.abernathyisd.com/60668
21:59:13 INFO       \u2192 2 art teacher(s) found. Status: ok
21:59:13 INFO       \u2192 2 new staff records saved.
21:59:18 INFO     [1024/9192] ABILENE H S (http://www.abileneisd.org)
21:59:21 INFO       Found directory at http://www.abileneisd.org/staff
21:59:55 INFO       \u2192 1 art teacher(s) found. Status: ok
21:59:55 INFO       \u2192 1 new staff records saved.
21:59:58 INFO     [1025/9192] AUSTIN EL (http://www.abileneisd.org)
22:00:00 INFO       Found directory at http://www.abileneisd.org/staff
22:00:28 INFO       \u2192 1 art teacher(s) found. Status: ok
22:00:28 INFO       \u2192 1 new staff records saved.
22:00:31 INFO     [1026/9192] BONHAM EL (http://www.abileneisd.org)
22:00:34 INFO       Found directory at http://www.abileneisd.org/staff
22:01:08 INFO       \u2192 1 art teacher(s) found. Status: ok
22:01:08 INFO       \u2192 1 new staff records saved.
22:01:10 INFO     [1027/9192] BOWIE EL (http://www.abileneisd.org)
22:01:13 INFO       Found directory at http://www.abileneisd.org/staff
22:01:41 INFO       \u2192 1 art teacher(s) found. Status: ok
22:01:41 INFO       \u2192 1 new staff records saved.
22:01:44 INFO     [1028/9192] COOPER H S (http://www.abileneisd.org)
22:01:47 INFO       Found directory at http://www.abileneisd.org/staff
22:02:21 INFO       \u2192 1 art teacher(s) found. Status: ok
22:02:21 INFO       \u2192 1 new staff records saved.
22:02:23 INFO     [1029/9192] DYESS EL (http://www.abileneisd.org)
22:02:26 INFO       Found directory at http://www.abileneisd.org/staff
22:02:54 INFO       \u2192 1 art teacher(s) found. Status: ok
22:02:54 INFO       \u2192 1 new staff records saved.
22:02:56 INFO     [1030/9192] ALCORTA EL (http://www.abileneisd.org)
22:02:59 INFO       Found directory at http://www.abileneisd.org/staff
22:03:31 INFO       \u2192 1 art teacher(s) found. Status: ok
22:03:31 INFO       \u2192 1 new staff records saved.
22:03:34 INFO     [1031/9192] PURCELL EL (http://www.abileneisd.org)
22:03:36 INFO       Found directory at http://www.abileneisd.org/staff
22:04:04 INFO       \u2192 1 art teacher(s) found. Status: ok
22:04:04 INFO       \u2192 1 new staff records saved.
22:04:06 INFO     [1032/9192] STAFFORD EL (http://www.abileneisd.org)
22:04:08 INFO       Found directory at http://www.abileneisd.org/staff
22:04:41 INFO       \u2192 1 art teacher(s) found. Status: ok
22:04:41 INFO       \u2192 1 new staff records saved.
22:04:44 INFO     [1033/9192] MADISON MIDDLE (http://www.abileneisd.org)
22:04:46 INFO       Found directory at http://www.abileneisd.org/staff
22:05:18 INFO       \u2192 1 art teacher(s) found. Status: ok
22:05:18 INFO       \u2192 1 new staff records saved.
22:05:20 INFO     [1034/9192] MANN MIDDLE (http://www.abileneisd.org)
22:05:23 INFO       Found directory at http://www.abileneisd.org/staff
22:05:58 INFO       \u2192 1 art teacher(s) found. Status: ok
22:05:58 INFO       \u2192 1 new staff records saved.
22:06:01 INFO     [1035/9192] TAYLOR EL (http://www.abileneisd.org)
22:06:03 INFO       Found directory at http://www.abileneisd.org/staff
22:06:30 INFO       \u2192 1 art teacher(s) found. Status: ok
22:06:30 INFO       \u2192 1 new staff records saved.
22:06:33 INFO     [1036/9192] CLACK MIDDLE (http://www.abileneisd.org)
22:06:35 INFO       Found directory at http://www.abileneisd.org/staff
22:07:07 INFO       \u2192 1 art teacher(s) found. Status: ok
22:07:07 INFO       \u2192 1 new staff records saved.
22:07:09 INFO     [1037/9192] WARD EL (http://www.abileneisd.org)
22:07:11 INFO       Found directory at http://www.abileneisd.org/staff
22:07:40 INFO       \u2192 1 art teacher(s) found. Status: ok
22:07:40 INFO       \u2192 1 new staff records saved.
22:07:42 INFO     [1038/9192] THOMAS EL (http://www.abileneisd.org)
22:07:45 INFO       Found directory at http://www.abileneisd.org/staff
22:08:18 INFO       \u2192 1 art teacher(s) found. Status: ok
22:08:18 INFO       \u2192 1 new staff records saved.
22:08:20 INFO     [1039/9192] ORTIZ EL (http://www.abileneisd.org)
22:08:23 INFO       Found directory at http://www.abileneisd.org/staff
22:08:57 INFO       \u2192 1 art teacher(s) found. Status: ok
22:08:57 INFO       \u2192 1 new staff records saved.
22:09:00 INFO     [1040/9192] BASSETTI EL (http://www.abileneisd.org)
22:09:02 INFO       Found directory at http://www.abileneisd.org/staff
22:09:31 INFO       \u2192 1 art teacher(s) found. Status: ok
22:09:31 INFO       \u2192 1 new staff records saved.
22:09:33 INFO     [1041/9192] WOODSON CENTER FOR EXCELLENCE (http://www.abileneisd.org)
22:09:35 INFO       Found directory at http://www.abileneisd.org/staff
22:10:07 INFO       \u2192 1 art teacher(s) found. Status: ok
22:10:07 INFO       \u2192 1 new staff records saved.
22:10:10 INFO     [1042/9192] DAEP (http://www.abileneisd.org)
22:10:11 INFO       Found directory at http://www.abileneisd.org/staff
22:10:38 INFO       \u2192 1 art teacher(s) found. Status: ok
22:10:38 INFO       \u2192 1 new staff records saved.
22:10:41 INFO     [1043/9192] TAYLOR COUNTY LEARNING CENTER (None)
22:10:41 INFO       \u2192 0 art teacher(s) found. Status: no_url
22:10:41 INFO       \u2192 0 new staff records saved.
22:10:43 INFO     [1044/9192] ADULT LEARNING CTR (http://www.abileneisd.org)
22:10:46 INFO       Found directory at http://www.abileneisd.org/staff
22:11:16 INFO       \u2192 1 art teacher(s) found. Status: ok
22:11:16 INFO       \u2192 1 new staff records saved.
22:11:19 INFO     [1045/9192] CROCKETT EARLY HEADSTART (http://www.abileneisd.org)
22:11:21 INFO       Found directory at http://www.abileneisd.org/staff
22:11:52 INFO       \u2192 1 art teacher(s) found. Status: ok
22:11:52 INFO       \u2192 1 new staff records saved.
22:11:54 INFO     [1046/9192] JUVENILE DETENTION CENTER (http://www.abileneisd.org)
22:11:56 INFO       Found directory at http://www.abileneisd.org/staff
22:12:23 INFO       \u2192 1 art teacher(s) found. Status: ok
22:12:23 INFO       \u2192 1 new staff records saved.
22:12:26 INFO     [1047/9192] CRAIG MIDDLE (http://www.abileneisd.org)
22:12:28 INFO       Found directory at http://www.abileneisd.org/staff
22:12:59 INFO       \u2192 1 art teacher(s) found. Status: ok
22:12:59 INFO       \u2192 1 new staff records saved.
22:13:02 INFO     [1048/9192] ACADEMY FOR TECHNOLOGY ENGINEERING MATH & SCIENCE (http://www.abileneisd.org)
22:13:04 INFO       Found directory at http://www.abileneisd.org/staff
22:13:30 INFO       \u2192 1 art teacher(s) found. Status: ok
22:13:30 INFO       \u2192 1 new staff records saved.
22:13:33 INFO     [1049/9192] MARTINEZ EL (None)
22:13:33 INFO       \u2192 0 art teacher(s) found. Status: no_url
22:13:33 INFO       \u2192 0 new staff records saved.
22:13:35 INFO     [1050/9192] LONG EARLY LEARNING CENTER (None)
22:13:35 INFO       \u2192 0 art teacher(s) found. Status: no_url
22:13:35 INFO       \u2192 0 new staff records saved.
22:13:38 INFO     [1051/9192] ACADEMY INT (http://www.academyisd.net)
22:13:41 INFO       Found directory at http://www.academyisd.net/staff
22:13:43 INFO       \u2192 0 art teacher(s) found. Status: no_art_teachers_found
22:13:43 INFO       \u2192 0 new staff records saved.
22:13:48 INFO     [1052/9192] ACADEMY H S (http://www.academyisd.net)
22:13:49 INFO       Found directory at http://www.academyisd.net/staff
22:13:50 INFO       \u2192 0 art teacher(s) found. Status: no_art_teachers_found
22:13:50 INFO       \u2192 0 new staff records saved.
22:13:55 INFO     [1053/9192] ACADEMY MIDDLE (http://www.academyisd.net)
22:13:57 INFO       Found directory at http://www.academyisd.net/staff
22:13:58 INFO       \u2192 0 art teacher(s) found. Status: no_art_teachers_found
22:13:58 INFO       \u2192 0 new staff records saved.
22:14:03 INFO     [1054/9192] BELL COUNTY ALTERNATIVE SCHOOL (None)
22:14:03 INFO       \u2192 0 art teacher(s) found. Status: no_url
22:14:03 INFO       \u2192 0 new staff records saved.
22:14:06 INFO     [1055/9192] ACADEMY EARLY CHILDHOOD CENTER (http://www.academyisd.net)
22:14:07 INFO       Found directory at http://www.academyisd.net/staff
22:14:09 INFO       \u2192 0 art teacher(s) found. Status: no_art_teachers_found
22:14:09 INFO       \u2192 0 new staff records saved.
22:14:14 INFO     [1056/9192] ACADEMY EL (None)
22:14:14 INFO       \u2192 0 art teacher(s) found. Status: no_url
22:14:14 INFO       \u2192 0 new staff records saved.
22:14:16 INFO     [1057/9192] ADRIAN SCHOOL (http://adrianisd.net)
22:14:20 INFO       Found directory at http://adrianisd.net/staff-directory
22:14:22 INFO       \u2192 0 art teacher(s) found. Status: no_art_teachers_found
22:14:22 INFO       \u2192 0 new staff records saved.
22:14:27 INFO     [1058/9192] AGUA DULCE EL (http://www.adisd.net)
22:14:45 INFO       Found directory at http://www.adisd.net/directory
22:14:46 INFO       \u2192 0 art teacher(s) found. Status: no_art_teachers_found
22:14:46 INFO       \u2192 0 new staff records saved.
22:14:51 INFO     [1059/9192] AGUA DULCE H S (http://www.adisd.net)
22:14:59 INFO       Found directory at http://www.adisd.net/directory
22:15:00 INFO       \u2192 0 art teacher(s) found. Status: no_art_teachers_found
22:15:00 INFO       \u2192 0 new staff records saved.
22:15:05 INFO     [1060/9192] ALAMO HEIGHTS H S (http://www.ahisd.net)
22:15:07 INFO       Found directory at http://www.ahisd.net/staff
22:15:57 INFO       \u2192 0 art teacher(s) found. Status: no_art_teachers_found
22:15:57 INFO       \u2192 0 new staff records saved.
22:16:00 INFO     [1061/9192] ALAMO HEIGHTS J H (http://www.ahisd.net)
22:16:02 INFO       Found directory at http://www.ahisd.net/staff
22:16:41 INFO       \u2192 0 art teacher(s) found. Status: no_art_teachers_found
22:16:41 INFO       \u2192 0 new staff records saved.
22:16:43 INFO     [1062/9192] CAMBRIDGE EL (http://www.ahisd.net)
22:16:46 INFO       Found directory at http://www.ahisd.net/staff
22:17:33 INFO       \u2192 0 art teacher(s) found. Status: no_art_teachers_found
22:17:33 INFO       \u2192 0 new staff records saved.
22:17:35 INFO     [1063/9192] HOWARD EL (http://www.ahisd.net)
22:17:37 INFO       Found directory at http://www.ahisd.net/staff
22:18:25 INFO       \u2192 0 art teacher(s) found. Status: no_art_teachers_found
22:18:25 INFO       \u2192 0 new staff records saved.
22:18:27 INFO     [1064/9192] WOODRIDGE EL (http://www.ahisd.net)
22:18:29 INFO       Found directory at http://www.ahisd.net/staff
22:19:08 INFO       \u2192 0 art teacher(s) found. Status: no_art_teachers_found
22:19:08 INFO       \u2192 0 new staff records saved.
22:19:11 INFO     [1065/9192] ALBA-GOLDEN EL (http://www.agisd.org)
22:19:13 INFO       Found directory at http://www.agisd.org/staff
22:19:24 INFO       \u2192 2 art teacher(s) found. Status: ok
22:19:24 INFO       \u2192 2 new staff records saved.
22:19:26 INFO     [1066/9192] ALBA-GOLDEN H S (http://www.agisd.org)
22:19:28 INFO       Found directory at http://www.agisd.org/staff
22:19:37 INFO       \u2192 2 art teacher(s) found. Status: ok
22:19:37 INFO       \u2192 2 new staff records saved.
22:19:39 INFO     [1067/9192] ALTER SCHOOL (http://www.agisd.org)
22:19:41 INFO       Found directory at http://www.agisd.org/staff
22:19:51 INFO       \u2192 2 art teacher(s) found. Status: ok
22:19:51 INFO       \u2192 2 new staff records saved.
22:19:53 INFO     [1068/9192] ALBANY JR-SR H S (http://albany.esc14.net)
22:19:53 INFO       \u2192 0 art teacher(s) found. Status: robots_blocked
22:19:53 INFO       \u2192 0 new staff records saved.
22:19:56 INFO     [1069/9192] NANCY SMITH EL (http://www.albany.esc14.net)
22:19:56 INFO       \u2192 0 art teacher(s) found. Status: robots_blocked
22:19:56 INFO       \u2192 0 new staff records saved.
22:19:58 INFO     [1070/9192] CARVER H S FOR APPLIED TECH/ENGINEERING/ARTS (http://www.aldineisd.org)
22:19:59 INFO       \u2192 0 art teacher(s) found. Status: robots_blocked
22:19:59 INFO       \u2192 0 new staff records saved.
22:20:01 INFO     [1071/9192] ALDINE H S (http://www.aldineisd.org)
22:20:01 INFO       \u2192 0 art teacher(s) found. Status: robots_blocked
22:20:01 INFO       \u2192 0 new staff records saved.
22:20:04 INFO     [1072/9192] ALDINE MIDDLE (http://www.aldineisd.org)
22:20:04 INFO       \u2192 0 art teacher(s) found. Status: robots_blocked
22:20:04 INFO       \u2192 0 new staff records saved.
22:20:06 INFO     [1073/9192] ANDERSON ACADEMY (http://www.aldineisd.org)
22:20:06 INFO       \u2192 0 art teacher(s) found. Status: robots_blocked
22:20:06 INFO       \u2192 0 new staff records saved.
22:20:09 INFO     [1074/9192] CARMICHAEL EL (http://www.aldineisd.org)
22:20:09 INFO       \u2192 0 art teacher(s) found. Status: robots_blocked
22:20:09 INFO       \u2192 0 new staff records saved.
22:20:11 INFO     [1075/9192] CARROLL EL (http://www.aldineisd.org)
22:20:11 INFO       \u2192 0 art teacher(s) found. Status: robots_blocked
22:20:11 INFO       \u2192 0 new staff records saved.
22:20:14 INFO     [1076/9192] NIMITZ H S (http://www.aldineisd.org)
22:20:14 INFO       \u2192 0 art teacher(s) found. Status: robots_blocked
22:20:14 INFO       \u2192 0 new staff records saved.
22:20:16 INFO     [1077/9192] ODOM EL (http://www.aldineisd.org)
22:20:16 INFO       \u2192 0 art teacher(s) found. Status: robots_blocked
22:20:16 INFO       \u2192 0 new staff records saved.
22:20:19 INFO     [1078/9192] EISENHOWER H S (http://www.aldineisd.org)
22:20:19 INFO       \u2192 0 art teacher(s) found. Status: robots_blocked
22:20:19 INFO       \u2192 0 new staff records saved.
22:20:21 INFO     [1079/9192] ERMEL EL (http://www.aldine.k12.tx.us)
22:20:31 INFO       \u2192 0 art teacher(s) found. Status: robots_blocked
22:20:31 INFO       \u2192 0 new staff records saved.
22:20:34 INFO     [1080/9192] THOMPSON EL (http://www.aldineisd.org)
22:20:34 INFO       \u2192 0 art teacher(s) found. Status: robots_blocked
22:20:34 INFO       \u2192 0 new staff records saved.
22:20:36 INFO     [1081/9192] FRANCIS EL (http://www.aldineisd.org)
22:20:36 INFO       \u2192 0 art teacher(s) found. Status: robots_blocked
22:20:36 INFO       \u2192 0 new staff records saved.
22:20:39 INFO     [1082/9192] HAMBRICK MIDDLE (http://www.aldineisd.org)
22:20:39 INFO       \u2192 0 art teacher(s) found. Status: robots_blocked
22:20:39 INFO       \u2192 0 new staff records saved.
22:20:41 INFO     [1083/9192] GOODMAN EL (http://www.aldineisd.org)
22:20:41 INFO       \u2192 0 art teacher(s) found. Status: robots_blocked
22:20:41 INFO       \u2192 0 new staff records saved.
22:20:44 INFO     [1084/9192] HOFFMAN MIDDLE (http://www.aldineisd.org)
22:20:44 INFO       \u2192 0 art teacher(s) found. Status: robots_blocked
22:20:44 INFO       \u2192 0 new staff records saved.
22:20:46 INFO     [1085/9192] SMITH EL (http://www.aldineisd.org)
22:20:46 INFO       \u2192 0 art teacher(s) found. Status: robots_blocked
22:20:46 INFO       \u2192 0 new staff records saved.
22:20:49 INFO     [1086/9192] JOHNSON EL (http://www.aldineisd.org)
22:20:49 INFO       \u2192 0 art teacher(s) found. Status: robots_blocked
22:20:49 INFO       \u2192 0 new staff records saved.
22:20:51 INFO     [1087/9192] LANE SCHOOL (http://www.aldineisd.org)
22:20:51 INFO       \u2192 0 art teacher(s) found. Status: robots_blocked
22:20:51 INFO       \u2192 0 new staff records saved.
22:20:54 INFO     [1088/9192] MACARTHUR H S (http://www.aldineisd.org)
22:20:54 INFO       \u2192 0 art teacher(s) found. Status: robots_blocked
22:20:54 INFO       \u2192 0 new staff records saved.
22:20:56 INFO     [1089/9192] WORSHAM EL (http://www.aldineisd.org)
22:20:56 INFO       \u2192 0 art teacher(s) found. Status: robots_blocked
22:20:56 INFO       \u2192 0 new staff records saved.
22:20:59 INFO     [1090/9192] OLESON EL (http://www.aldineisd.org)
22:20:59 INFO       \u2192 0 art teacher(s) found. Status: robots_blocked
22:20:59 INFO       \u2192 0 new staff records saved.
22:21:01 INFO     [1091/9192] ORANGE GROVE EL (http://www.aldineisd.org)
22:21:01 INFO       \u2192 0 art teacher(s) found. Status: robots_blocked
22:21:01 INFO       \u2192 0 new staff records saved.
22:21:04 INFO     [1092/9192] RAYMOND EL (http://www.aldineisd.org)
22:21:04 INFO       \u2192 0 art teacher(s) found. Status: robots_blocked
22:21:04 INFO       \u2192 0 new staff records saved.
22:21:06 INFO     [1093/9192] SAMMONS EL (http://www.aldineisd.org)
22:21:06 INFO       \u2192 0 art teacher(s) found. Status: robots_blocked
22:21:06 INFO       \u2192 0 new staff records saved.
22:21:09 INFO     [1094/9192] SHOTWELL MIDDLE (http://www.aldineisd.org)
22:21:09 INFO       \u2192 0 art teacher(s) found. Status: robots_blocked
22:21:09 INFO       \u2192 0 new staff records saved.
22:21:11 INFO     [1095/9192] STEPHENS EL (http://www.aldineisd.org)
22:21:11 INFO       \u2192 0 art teacher(s) found. Status: robots_blocked
22:21:11 INFO       \u2192 0 new staff records saved.
22:21:14 INFO     [1096/9192] STOVALL MIDDLE (http://www.aldineisd.org)
22:21:14 INFO       \u2192 0 art teacher(s) found. Status: robots_blocked
22:21:14 INFO       \u2192 0 new staff records saved.
22:21:16 INFO     [1097/9192] TEAGUE MIDDLE (http://www.aldineisd.org)
22:21:16 INFO       \u2192 0 art teacher(s) found. Status: robots_blocked
22:21:16 INFO       \u2192 0 new staff records saved.
22:21:19 INFO     [1098/9192] CONLEY EL (http://www.aldineisd.org)
22:21:19 INFO       \u2192 0 art teacher(s) found. Status: robots_blocked
22:21:19 INFO       \u2192 0 new staff records saved.
22:21:21 INFO     [1099/9192] GRANTHAM ACADEMY (http://www.aldineisd.org)
22:21:21 INFO       \u2192 0 art teacher(s) found. Status: robots_blocked
22:21:21 INFO       \u2192 0 new staff records saved.
22:21:24 INFO     [1100/9192] DUNN EL (http://www.aldineisd.org)
22:21:24 INFO       \u2192 0 art teacher(s) found. Status: robots_blocked
22:21:24 INFO       \u2192 0 new staff records saved.
22:21:26 INFO     [1101/9192] GRAY EL (http://www.aldineisd.org)
22:21:26 INFO       \u2192 0 art teacher(s) found. Status: robots_blocked
22:21:26 INFO       \u2192 0 new staff records saved.
22:21:29 INFO     [1102/9192] BLACK EL (http://www.aldineisd.org)
22:21:29 INFO       \u2192 0 art teacher(s) found. Status: robots_blocked
22:21:29 INFO       \u2192 0 new staff records saved.
22:21:31 INFO     [1103/9192] REECE ACADEMY (http://www.aldineisd.org)
22:21:31 INFO       \u2192 0 art teacher(s) found. Status: robots_blocked
22:21:31 INFO       \u2192 0 new staff records saved.
22:21:34 INFO     [1104/9192] ALDINE J J A E P (http://hcjpd-edu.harriscountytx.gov)
22:21:43 INFO       Found directory at http://hcjpd-edu.harriscountytx.gov/about/staff
22:21:45 INFO       \u2192 0 art teacher(s) found. Status: no_art_teachers_found
22:21:45 INFO       \u2192 0 new staff records saved.
22:21:47 INFO     [1105/9192] HINOJOSA EC/PK/K (http://www.aldineisd.org)
22:21:47 INFO       \u2192 0 art teacher(s) found. Status: robots_blocked
22:21:47 INFO       \u2192 0 new staff records saved.
22:21:50 INFO     [1106/9192] CARTER ACADEMY (http://www.aldineisd.org)
22:21:50 INFO       \u2192 0 art teacher(s) found. Status: robots_blocked
22:21:50 INFO       \u2192 0 new staff records saved.
22:21:52 INFO     [1107/9192] KEEBLE EC/PK/K (http://www.aldineisd.org)
22:21:52 INFO       \u2192 0 art teacher(s) found. Status: robots_blocked
22:21:52 INFO       \u2192 0 new staff records saved.
22:21:55 INFO     [1108/9192] DE SANTIAGO EC/PK/K (http://www.aldineisd.org)
22:21:55 INFO       \u2192 0 art teacher(s) found. Status: robots_blocked
22:21:55 INFO       \u2192 0 new staff records saved.
22:21:57 INFO     [1109/9192] HARRIS EL (http://www.aldineisd.org)
22:21:57 INFO       \u2192 0 art teacher(s) found. Status: robots_blocked
22:21:57 INFO       \u2192 0 new staff records saved.
22:22:00 INFO     [1110/9192] VINES EC/PK/K (http://www.aldineisd.org)
22:22:00 INFO       \u2192 0 art teacher(s) found. Status: robots_blocked
22:22:00 INFO       \u2192 0 new staff records saved.
22:22:02 INFO     [1111/9192] BUSSEY EL (http://www.aldineisd.org)
22:22:02 INFO       \u2192 0 art teacher(s) found. Status: robots_blocked
22:22:02 INFO       \u2192 0 new staff records saved.
22:22:05 INFO     [1112/9192] HOUSTON ACADEMY (http://www.aldine.org)
22:22:05 INFO       \u2192 0 art teacher(s) found. Status: robots_blocked
22:22:05 INFO       \u2192 0 new staff records saved.
22:22:08 INFO     [1113/9192] KUJAWA EL (http://www.aldineisd.org)
22:22:08 INFO       \u2192 0 art teacher(s) found. Status: robots_blocked
22:22:08 INFO       \u2192 0 new staff records saved.
22:22:10 INFO     [1114/9192] PLUMMER MIDDLE (http://www.aldineisd.org)
22:22:10 INFO       \u2192 0 art teacher(s) found. Status: robots_blocked
22:22:10 INFO       \u2192 0 new staff records saved.
22:22:13 INFO     [1115/9192] HIGHPOINT (http://www.hcde-texas.org/highpoint)
22:22:45 INFO       \u2192 0 art teacher(s) found. Status: no_directory_found
22:22:45 INFO       \u2192 0 new staff records saved.
22:22:50 INFO     [1116/9192] SPENCE EL (http://www.aldineisd.org)
22:22:50 INFO       \u2192 0 art teacher(s) found. Status: robots_blocked
22:22:50 INFO       \u2192 0 new staff records saved.
22:22:52 INFO     [1117/9192] KNIPPEL EDUCATION CENTER (http://www.aldineisd.org)
22:22:52 INFO       \u2192 0 art teacher(s) found. Status: robots_blocked
22:22:52 INFO       \u2192 0 new staff records saved.
22:22:55 INFO     [1118/9192] KUJAWA EC/PK/K (http://www.aldineisd.org)
22:22:55 INFO       \u2192 0 art teacher(s) found. Status: robots_blocked
22:22:55 INFO       \u2192 0 new staff records saved.
22:22:57 INFO     [1119/9192] JONES EC/PK/K (http://www.aldineisd.org)
22:22:57 INFO       \u2192 0 art teacher(s) found. Status: robots_blocked
22:22:57 INFO       \u2192 0 new staff records saved.
22:23:00 INFO     [1120/9192] VICTORY EARLY COLLEGE H S (http://www.aldineisd.org)
22:23:00 INFO       \u2192 0 art teacher(s) found. Status: robots_blocked
22:23:00 INFO       \u2192 0 new staff records saved.
22:23:02 INFO     [1121/9192] JONES EL (http://www.aldineisd.org)
22:23:02 INFO       \u2192 0 art teacher(s) found. Status: robots_blocked
22:23:02 INFO       \u2192 0 new staff records saved.
22:23:05 INFO     [1122/9192] GARCIA-LEZA EC/PK/K (http://www.aldineisd.org)
22:23:05 INFO       \u2192 0 art teacher(s) found. Status: robots_blocked
22:23:05 INFO       \u2192 0 new staff records saved.
22:23:07 INFO     [1123/9192] DAVIS H S ALDINE (http://www.aldineisd.org)
22:23:07 INFO       \u2192 0 art teacher(s) found. Status: robots_blocked
22:23:07 INFO       \u2192 0 new staff records saved.
22:23:10 INFO     [1124/9192] GRIGGS EC/PK/K (http://www.aldineisd.org)
22:23:10 INFO       \u2192 0 art teacher(s) found. Status: robots_blocked
22:23:10 INFO       \u2192 0 new staff records saved.
22:23:12 INFO     [1125/9192] GREENSPOINT EL (http://www.aldineisd.org)
22:23:12 INFO       \u2192 0 art teacher(s) found. Status: robots_blocked
22:23:12 INFO       \u2192 0 new staff records saved.
22:23:15 INFO     [1126/9192] GARCIA MIDDLE (http://www.aldineisd.org)
22:23:15 INFO       \u2192 0 art teacher(s) found. Status: robots_blocked
22:23:15 INFO       \u2192 0 new staff records saved.
22:23:17 INFO     [1127/9192] LEWIS MIDDLE (http://www.aldineisd.org)
22:23:17 INFO       \u2192 0 art teacher(s) found. Status: robots_blocked
22:23:17 INFO       \u2192 0 new staff records saved.
22:23:20 INFO     [1128/9192] CYPRESSWOOD EL (http://www.aldineisd.org)
22:23:20 INFO       \u2192 0 art teacher(s) found. Status: robots_blocked
22:23:20 INFO       \u2192 0 new staff records saved.
22:23:22 INFO     [1129/9192] HALL SUCCESS ACADEMY (http://www.aldineisd.org)
22:23:22 INFO       \u2192 0 art teacher(s) found. Status: robots_blocked
22:23:22 INFO       \u2192 0 new staff records saved.
22:23:25 INFO     [1130/9192] HILL EL (http://www.aldineisd.org)
22:23:25 INFO       \u2192 0 art teacher(s) found. Status: robots_blocked
22:23:25 INFO       \u2192 0 new staff records saved.
22:23:27 INFO     [1131/9192] STEHLIK EL (http://www.aldineisd.org)
22:23:27 INFO       \u2192 0 art teacher(s) found. Status: robots_blocked
22:23:27 INFO       \u2192 0 new staff records saved.
22:23:30 INFO     [1132/9192] ECKERT EL (http://www.aldineisd.org)
22:23:30 INFO       \u2192 0 art teacher(s) found. Status: robots_blocked
22:23:30 INFO       \u2192 0 new staff records saved.
22:23:32 INFO     [1133/9192] OGDEN EL (http://www.aldineisd.org)
22:23:32 INFO       \u2192 0 art teacher(s) found. Status: robots_blocked
22:23:32 INFO       \u2192 0 new staff records saved.
22:23:35 INFO     [1134/9192] AVALOS P-TECH SCHOOL (http://www.aldineisd.org)
22:23:35 INFO       \u2192 0 art teacher(s) found. Status: robots_blocked
22:23:35 INFO       \u2192 0 new staff records saved.
22:23:37 INFO     [1135/9192] MEAD MIDDLE (http://www.aldineisd.org)
22:23:37 INFO       \u2192 0 art teacher(s) found. Status: robots_blocked
22:23:37 INFO       \u2192 0 new staff records saved.
22:23:40 INFO     [1136/9192] JONES MIDDLE (http://www.aldineisd.org)
22:23:40 INFO       \u2192 0 art teacher(s) found. Status: robots_blocked
22:23:40 INFO       \u2192 0 new staff records saved.
22:23:42 INFO     [1137/9192] BLANSON CTE H S (http://www.aldineisd.org)
22:23:42 INFO       \u2192 0 art teacher(s) found. Status: robots_blocked
22:23:42 INFO       \u2192 0 new staff records saved.
22:23:45 INFO     [1138/9192] STOVALL EC/PK/K (http://www.aldineisd.org)
22:23:45 INFO       \u2192 0 art teacher(s) found. Status: robots_blocked
22:23:45 INFO       \u2192 0 new staff records saved.
22:23:47 INFO     [1139/9192] REED ACADEMY (http://www.aldineisd.org)
22:23:47 INFO       \u2192 0 art teacher(s) found. Status: robots_blocked
22:23:47 INFO       \u2192 0 new staff records saved.
22:23:50 INFO     [1140/9192] ESCAMILLA EL (http://www.aldineisd.org)
22:23:50 INFO       \u2192 0 art teacher(s) found. Status: robots_blocked
22:23:50 INFO       \u2192 0 new staff records saved.
22:23:52 INFO     [1141/9192] VARDEMAN EC/PK/K (http://www.aldineisd.org)
22:23:52 INFO       \u2192 0 art teacher(s) found. Status: robots_blocked
22:23:52 INFO       \u2192 0 new staff records saved.
22:23:55 INFO     [1142/9192] MARCELLA EL (http://www.aldineisd.org)
22:23:55 INFO       \u2192 0 art teacher(s) found. Status: robots_blocked
22:23:55 INFO       \u2192 0 new staff records saved.
22:23:57 INFO     [1143/9192] MAGRILL EC/PK/K (http://www.aldineisd.org)
22:23:57 INFO       \u2192 0 art teacher(s) found. Status: robots_blocked
22:23:57 INFO       \u2192 0 new staff records saved.
22:24:00 INFO     [1144/9192] CARAWAY EL (http://www.aldineisd.org)
22:24:00 INFO       \u2192 0 art teacher(s) found. Status: robots_blocked
22:24:00 INFO       \u2192 0 new staff records saved.
22:24:02 INFO     [1145/9192] YOUNG WOMENS LEADERSHIP ACADEMY (None)
22:24:02 INFO       \u2192 0 art teacher(s) found. Status: no_url
22:24:02 INFO       \u2192 0 new staff records saved.
22:24:05 INFO     [1146/9192] LA PROMESA (None)
22:24:05 INFO       \u2192 0 art teacher(s) found. Status: no_url
22:24:05 INFO       \u2192 0 new staff records saved.
22:24:07 INFO     [1147/9192] IMPACT LEADERSHIP ACADEMY (None)
22:24:07 INFO       \u2192 0 art teacher(s) found. Status: no_url
22:24:07 INFO       \u2192 0 new staff records saved.
22:24:10 INFO     [1148/9192] DREW ACADEMY (http://www.aldineisd.org)
22:24:10 INFO       \u2192 0 art teacher(s) found. Status: robots_blocked
22:24:10 INFO       \u2192 0 new staff records saved.
22:24:13 INFO     [1149/9192] CALVERT EL (http://www.aldineisd.org)
22:24:13 INFO       \u2192 0 art teacher(s) found. Status: robots_blocked
22:24:13 INFO       \u2192 0 new staff records saved.
22:24:15 INFO     [1150/9192] VANDAGRIFF EL (http://aledoisd.org)
22:24:42 INFO       \u2192 0 art teacher(s) found. Status: no_directory_found
22:24:42 INFO       \u2192 0 new staff records saved.
22:24:47 INFO     [1151/9192] ALEDO H S (http://aledoisd.org)
22:25:04 INFO       \u2192 0 art teacher(s) found. Status: no_directory_found
22:25:04 INFO       \u2192 0 new staff records saved.
22:25:09 INFO     [1152/9192] ALEDO MIDDLE (http://aledoisd.org)
22:25:24 INFO       \u2192 0 art teacher(s) found. Status: no_directory_found
22:25:24 INFO       \u2192 0 new staff records saved.
22:25:29 INFO     [1153/9192] CODER EL (http://aledoisd.org)
22:25:45 INFO       \u2192 0 art teacher(s) found. Status: no_directory_found
22:25:45 INFO       \u2192 0 new staff records saved.
22:25:50 INFO     [1154/9192] STUARD EL (http://aledoisd.org)
22:26:05 INFO       \u2192 0 art teacher(s) found. Status: no_directory_found
22:26:05 INFO       \u2192 0 new staff records saved.
22:26:10 INFO     [1155/9192] MCCALL EL (http://aledoisd.org)
22:26:26 INFO       \u2192 0 art teacher(s) found. Status: no_directory_found
22:26:26 INFO       \u2192 0 new staff records saved.
22:26:31 INFO     [1156/9192] DON R DANIEL NINTH GRADE CAMPUS (http://aledoisd.org)
22:26:46 INFO       \u2192 0 art teacher(s) found. Status: no_directory_found
22:26:46 INFO       \u2192 0 new staff records saved.
22:26:51 INFO     [1157/9192] WALSH EL (http://aledoisd.org)
22:27:08 INFO       \u2192 0 art teacher(s) found. Status: no_directory_found
22:27:08 INFO       \u2192 0 new staff records saved.
22:27:13 INFO     [1158/9192] MCANALLY MIDDLE (http://aledoisd.org)
22:27:29 INFO       \u2192 0 art teacher(s) found. Status: no_directory_found
22:27:29 INFO       \u2192 0 new staff records saved.
22:27:34 INFO     [1159/9192] ANNETTA EL (None)
22:27:34 INFO       \u2192 0 art teacher(s) found. Status: no_url
22:27:34 INFO       \u2192 0 new staff records saved.
22:27:36 INFO     [1160/9192] EARLY CHILDHOOD ACADEMY (None)
22:27:36 INFO       \u2192 0 art teacher(s) found. Status: no_url
22:27:36 INFO       \u2192 0 new staff records saved.
22:27:39 INFO     [1161/9192] LYNN MCKINNEY EL (None)
22:27:39 INFO       \u2192 0 art teacher(s) found. Status: no_url
22:27:39 INFO       \u2192 0 new staff records saved.
22:27:41 INFO     [1162/9192] ADAMS MIDDLE (http://adams.aliceisd.net)
22:27:45 INFO       Found directory at http://adams.aliceisd.net/staff
22:27:48 INFO       \u2192 2 art teacher(s) found. Status: ok
22:27:48 INFO       \u2192 2 new staff records saved.
22:27:50 INFO     [1163/9192] ALICE H S (http://ahs.aliceisd.net)
22:27:54 INFO       Found directory at http://ahs.aliceisd.net/staff
22:27:58 INFO       \u2192 1 art teacher(s) found. Status: ok
22:27:58 INFO       \u2192 1 new staff records saved.
22:28:00 INFO     [1164/9192] NOONAN EL (http://noonan.aliceisd.net)
22:28:03 INFO       Found directory at http://noonan.aliceisd.net/staff
22:28:05 INFO       \u2192 0 art teacher(s) found. Status: no_art_teachers_found
22:28:05 INFO       \u2192 0 new staff records saved.
22:28:08 INFO     [1165/9192] SAENZ EL (http://saenz.aliceisd.net)
22:28:11 INFO       Found directory at http://saenz.aliceisd.net/staff
22:28:14 INFO       \u2192 0 art teacher(s) found. Status: no_art_teachers_found
22:28:14 INFO       \u2192 0 new staff records saved.
22:28:16 INFO     [1166/9192] SCHALLERT EL (http://schallert.aliceisd.net)
22:28:19 INFO       Found directory at http://schallert.aliceisd.net/staff
22:28:22 INFO       \u2192 0 art teacher(s) found. Status: no_art_teachers_found
22:28:22 INFO       \u2192 0 new staff records saved.
22:28:24 INFO     [1167/9192] DUBOSE EL (http://dubose.aliceisd.net)
22:28:27 INFO       Found directory at http://dubose.aliceisd.net/staff
22:28:31 INFO       \u2192 0 art teacher(s) found. Status: no_art_teachers_found
22:28:31 INFO       \u2192 0 new staff records saved.
22:28:34 INFO     [1168/9192] MARTIN EL (http://www.aliefisd.net)
22:28:36 INFO       Found directory at http://www.aliefisd.net/staff
22:29:11 INFO       \u2192 0 art teacher(s) found. Status: no_art_teachers_found
22:29:11 INFO       \u2192 0 new staff records saved.
22:29:13 INFO     [1169/9192] ELSIK H S (http://www.aliefisd.net)
22:29:16 INFO       Found directory at http://www.aliefisd.net/staff
22:29:45 INFO       \u2192 0 art teacher(s) found. Status: no_art_teachers_found
22:29:45 INFO       \u2192 0 new staff records saved.
22:29:47 INFO     [1170/9192] HASTINGS H S (http://www.aliefisd.net)
22:29:50 INFO       Found directory at http://www.aliefisd.net/staff
22:30:24 INFO       \u2192 0 art teacher(s) found. Status: no_art_teachers_found
22:30:24 INFO       \u2192 0 new staff records saved.
22:30:27 INFO     [1171/9192] ALIEF MIDDLE (http://www.aliefisd.net)
22:30:29 INFO       Found directory at http://www.aliefisd.net/staff
22:30:58 INFO       \u2192 0 art teacher(s) found. Status: no_art_teachers_found
22:30:58 INFO       \u2192 0 new staff records saved.
22:31:00 INFO     [1172/9192] BOONE EL (http://www.aliefisd.net)
22:31:02 INFO       Found directory at http://www.aliefisd.net/staff
22:31:39 INFO       \u2192 0 art teacher(s) found. Status: no_art_teachers_found
22:31:39 INFO       \u2192 0 new staff records saved.
22:31:41 INFO     [1173/9192] CHANCELLOR EL (http://www.aliefisd.net)
22:31:43 INFO       Found directory at http://www.aliefisd.net/staff
22:32:12 INFO       \u2192 0 art teacher(s) found. Status: no_art_teachers_found
22:32:12 INFO       \u2192 0 new staff records saved.
22:32:14 INFO     [1174/9192] KILLOUGH MIDDLE (http://www.aliefisd.net)
22:32:16 INFO       Found directory at http://www.aliefisd.net/staff
22:32:51 INFO       \u2192 0 art teacher(s) found. Status: no_art_teachers_found
22:32:51 INFO       \u2192 0 new staff records saved.
22:32:54 INFO     [1175/9192] SMITH EL (http://www.aliefisd.net)
22:32:55 INFO       Found directory at http://www.aliefisd.net/staff
22:33:25 INFO       \u2192 0 art teacher(s) found. Status: no_art_teachers_found
22:33:25 INFO       \u2192 0 new staff records saved.
22:33:27 INFO     [1176/9192] OLLE MIDDLE (http://www.aliefisd.net)
22:33:29 INFO       Found directory at http://www.aliefisd.net/staff
22:34:04 INFO       \u2192 0 art teacher(s) found. Status: no_art_teachers_found
22:34:04 INFO       \u2192 0 new staff records saved.
22:34:07 INFO     [1177/9192] LIESTMAN EL (http://www.alief.isd.net)
22:34:07 INFO       \u2192 0 art teacher(s) found. Status: robots_blocked
22:34:07 INFO       \u2192 0 new staff records saved.
22:34:10 INFO     [1178/9192] KENNEDY EL (http://www.aliefisd.net)
22:34:12 INFO       Found directory at http://www.aliefisd.net/staff
22:34:41 INFO       \u2192 0 art teacher(s) found. Status: no_art_teachers_found
22:34:41 INFO       \u2192 0 new staff records saved.
22:34:43 INFO     [1179/9192] CHAMBERS EL (http://www.aliefisd.net)
22:34:45 INFO       Found directory at http://www.aliefisd.net/staff
22:35:20 INFO       \u2192 0 art teacher(s) found. Status: no_art_teachers_found
22:35:20 INFO       \u2192 0 new staff records saved.
22:35:23 INFO     [1180/9192] MAHANAY EL (http://www.aliefisd.net)
22:35:25 INFO       Found directory at http://www.aliefisd.net/staff
22:35:54 INFO       \u2192 0 art teacher(s) found. Status: no_art_teachers_found
22:35:54 INFO       \u2192 0 new staff records saved.
22:35:56 INFO     [1181/9192] YOUENS EL (http://www.aliefisd.net)
22:35:59 INFO       Found directory at http://www.aliefisd.net/staff
22:36:34 INFO       \u2192 0 art teacher(s) found. Status: no_art_teachers_found
22:36:34 INFO       \u2192 0 new staff records saved.
22:36:36 INFO     [1182/9192] O'DONNELL MIDDLE (http://www.aliefisd.net)
22:36:38 INFO       Found directory at http://www.aliefisd.net/staff
22:37:07 INFO       \u2192 0 art teacher(s) found. Status: no_art_teachers_found
22:37:07 INFO       \u2192 0 new staff records saved.
22:37:09 INFO     [1183/9192] OUTLEY EL (http://www.aliefisd.net)
22:37:14 INFO       Found directory at http://www.aliefisd.net/staff
22:37:49 INFO       \u2192 0 art teacher(s) found. Status: no_art_teachers_found
22:37:49 INFO       \u2192 0 new staff records saved.
22:37:51 INFO     [1184/9192] PETROSKY EL (http://www.aliefisd.net)
22:37:53 INFO       Found directory at http://www.aliefisd.net/staff
22:38:22 INFO       \u2192 0 art teacher(s) found. Status: no_art_teachers_found
22:38:22 INFO       \u2192 0 new staff records saved.
22:38:24 INFO     [1185/9192] HEFLIN EL (http://www.aliefisd.net)
22:38:26 INFO       Found directory at http://www.aliefisd.net/staff
22:39:01 INFO       \u2192 0 art teacher(s) found. Status: no_art_teachers_found
22:39:01 INFO       \u2192 0 new staff records saved.
22:39:03 INFO     [1186/9192] HOLUB MIDDLE (http://www.aliefisd.net)
22:39:05 INFO       Found directory at http://www.aliefisd.net/staff
22:39:34 INFO       \u2192 0 art teacher(s) found. Status: no_art_teachers_found
22:39:34 INFO       \u2192 0 new staff records saved.
22:39:37 INFO     [1187/9192] OWENS INT (http://www.aliefisd.net)
22:39:39 INFO       Found directory at http://www.aliefisd.net/staff
22:40:14 INFO       \u2192 0 art teacher(s) found. Status: no_art_teachers_found
22:40:14 INFO       \u2192 0 new staff records saved.
22:40:17 INFO     [1188/9192] ALBRIGHT MIDDLE (http://www.aliefisd.net)
22:40:19 INFO       Found directory at http://www.aliefisd.net/staff
22:40:48 INFO       \u2192 0 art teacher(s) found. Status: no_art_teachers_found
22:40:48 INFO       \u2192 0 new staff records saved.
22:40:51 INFO     [1189/9192] CUMMINGS EL (http://www.aliefisd.net)
22:40:53 INFO       Found directory at http://www.aliefisd.net/staff
22:41:27 INFO       \u2192 0 art teacher(s) found. Status: no_art_teachers_found
22:41:27 INFO       \u2192 0 new staff records saved.
22:41:30 INFO     [1190/9192] REES EL (http://www.aliefisd.net)
22:41:32 INFO       Found directory at http://www.aliefisd.net/staff
22:42:01 INFO       \u2192 0 art teacher(s) found. Status: no_art_teachers_found
22:42:01 INFO       \u2192 0 new staff records saved.
22:42:03 INFO     [1191/9192] ALEXANDER EL (http://www.aliefisd.net)
22:42:06 INFO       Found directory at http://www.aliefisd.net/staff
22:42:41 INFO       \u2192 0 art teacher(s) found. Status: no_art_teachers_found
22:42:41 INFO       \u2192 0 new staff records saved.
22:42:43 INFO     [1192/9192] HEARNE EL (http://www.aliefisd.net)
22:42:45 INFO       Found directory at http://www.aliefisd.net/staff
22:43:14 INFO       \u2192 0 art teacher(s) found. Status: no_art_teachers_found
22:43:14 INFO       \u2192 0 new staff records saved.
22:43:16 INFO     [1193/9192] LANDIS EL (http://www.aliefisd.net)
22:43:19 INFO       Found directory at http://www.aliefisd.net/staff
22:43:53 INFO       \u2192 0 art teacher(s) found. Status: no_art_teachers_found
22:43:53 INFO       \u2192 0 new staff records saved.
22:43:55 INFO     [1194/9192] SNEED EL (http://www.aliefisd.net)
22:43:58 INFO       Found directory at http://www.aliefisd.net/staff
22:44:32 INFO       \u2192 0 art teacher(s) found. Status: no_art_teachers_found
22:44:32 INFO       \u2192 0 new staff records saved.
22:44:35 INFO     [1195/9192] KLENTZMAN INT (http://www.aliefisd.net)
22:44:37 INFO       Found directory at http://www.aliefisd.net/staff
22:45:06 INFO       \u2192 0 art teacher(s) found. Status: no_art_teachers_found
22:45:06 INFO       \u2192 0 new staff records saved.
22:45:08 INFO     [1196/9192] HICKS EL (http://www.aliefisd.net)
22:45:10 INFO       Found directory at http://www.aliefisd.net/staff
22:45:45 INFO       \u2192 0 art teacher(s) found. Status: no_art_teachers_found
22:45:45 INFO       \u2192 0 new staff records saved.
22:45:47 INFO     [1197/9192] YOUNGBLOOD INT (http://www.aliefisd.net)
22:45:50 INFO       Found directory at http://www.aliefisd.net/staff
22:46:24 INFO       \u2192 0 art teacher(s) found. Status: no_art_teachers_found
22:46:24 INFO       \u2192 0 new staff records saved.
22:46:26 INFO     [1198/9192] BUSH EL (http://www.aliefisd.net)
22:46:28 INFO       Found directory at http://www.aliefisd.net/staff
22:47:03 INFO       \u2192 0 art teacher(s) found. Status: no_art_teachers_found
22:47:03 INFO       \u2192 0 new staff records saved.
22:47:05 INFO     [1199/9192] COLLINS EL (http://www.aliefisd.net)
22:47:07 INFO       Found directory at http://www.aliefisd.net/staff
22:47:38 INFO       \u2192 0 art teacher(s) found. Status: no_art_teachers_found
22:47:38 INFO       \u2192 0 new staff records saved.
22:47:40 INFO     [1200/9192] MATA INT (http://www.aliefisd.net)
22:47:42 INFO       Found directory at http://www.aliefisd.net/staff
22:48:17 INFO       \u2192 0 art teacher(s) found. Status: no_art_teachers_found
22:48:17 INFO       \u2192 0 new staff records saved.
22:48:19 INFO     [1201/9192] TAYLOR H S (http://www.aliefisd.net)
22:48:21 INFO       Found directory at http://www.aliefisd.net/staff
22:48:50 INFO       \u2192 0 art teacher(s) found. Status: no_art_teachers_found
22:48:50 INFO       \u2192 0 new staff records saved.
22:48:53 INFO     [1202/9192] ALIEF LEARNING CTR (6-12) (http://www.aliefisd.net)
22:48:55 INFO       Found directory at http://www.aliefisd.net/staff
22:49:29 INFO       \u2192 0 art teacher(s) found. Status: no_art_teachers_found
22:49:29 INFO       \u2192 0 new staff records saved.
22:49:32 INFO     [1203/9192] ALIEF ISD J J A E P (http://www.aliefisd.net)
22:49:34 INFO       Found directory at http://www.aliefisd.net/staff
22:50:03 INFO       \u2192 0 art teacher(s) found. Status: no_art_teachers_found
22:50:03 INFO       \u2192 0 new staff records saved.
22:50:05 INFO     [1204/9192] MILLER INT (http://www.aliefisd.net)
22:50:08 INFO       Found directory at http://www.aliefisd.net/staff
22:50:43 INFO       \u2192 0 art teacher(s) found. Status: no_art_teachers_found
22:50:43 INFO       \u2192 0 new staff records saved.
22:50:46 INFO     [1205/9192] BUDEWIG INT (http://www.aliefisd.net)
22:50:48 INFO       Found directory at http://www.aliefisd.net/staff
22:51:17 INFO       \u2192 0 art teacher(s) found. Status: no_art_teachers_found
22:51:17 INFO       \u2192 0 new staff records saved.
22:51:19 INFO     [1206/9192] HORN EL (http://www.aliefisd.net)
22:51:22 INFO       Found directory at http://www.aliefisd.net/staff
22:51:56 INFO       \u2192 0 art teacher(s) found. Status: no_art_teachers_found
22:51:56 INFO       \u2192 0 new staff records saved.
22:51:59 INFO     [1207/9192] ALIEF LEARNING CTR (K-6) (http://www.aliefisd.net)
22:52:00 INFO       Found directory at http://www.aliefisd.net/staff
22:52:30 INFO       \u2192 0 art teacher(s) found. Status: no_art_teachers_found
22:52:30 INFO       \u2192 0 new staff records saved.
22:52:32 INFO     [1208/9192] HOLMQUIST EL (http://www.aliefisd.net)
22:52:34 INFO       Found directory at http://www.aliefisd.net/staff
22:53:09 INFO       \u2192 0 art teacher(s) found. Status: no_art_teachers_found
22:53:09 INFO       \u2192 0 new staff records saved.
22:53:12 INFO     [1209/9192] ALIEF EARLY COLLEGE H S (http://www.aliefisd.net)
22:53:13 INFO       Found directory at http://www.aliefisd.net/staff
22:53:42 INFO       \u2192 0 art teacher(s) found. Status: no_art_teachers_found
22:53:42 INFO       \u2192 0 new staff records saved.
22:53:45 INFO     [1210/9192] MARIA DEL CARMEN MARTINEZ EARLY LEARNING CENTER (None)
22:53:45 INFO       \u2192 0 art teacher(s) found. Status: no_url
22:53:45 INFO       \u2192 0 new staff records saved.
22:53:47 INFO     [1211/9192] DEDRE' & ELLA JEFFERSON EARLY LEARNING CENTER (None)
22:53:47 INFO       \u2192 0 art teacher(s) found. Status: no_url
22:53:47 INFO       \u2192 0 new staff records saved.
22:53:50 INFO     [1212/9192] KERR H S (http://www.aliefisd.net)
22:53:52 INFO       Found directory at http://www.aliefisd.net/staff
22:54:27 INFO       \u2192 0 art teacher(s) found. Status: no_art_teachers_found
22:54:27 INFO       \u2192 0 new staff records saved.
22:54:29 INFO     [1213/9192] BEST EL (http://www.aliefisd.net)
22:54:31 INFO       Found directory at http://www.aliefisd.net/staff
22:55:00 INFO       \u2192 0 art teacher(s) found. Status: no_art_teachers_found
22:55:00 INFO       \u2192 0 new staff records saved.
22:55:02 INFO     [1214/9192] ALLEN H S (http://www.allenisd.org/o/ahs)
22:55:04 INFO       Found directory at http://www.allenisd.org/o/ahs/staff
22:55:31 INFO       \u2192 0 art teacher(s) found. Status: no_art_teachers_found
22:55:31 INFO       \u2192 0 new staff records saved.
22:55:33 INFO     [1215/9192] ALTON BOYD EL (http://www.allenisd.org/o/boyd)
22:55:35 INFO       Found directory at http://www.allenisd.org/o/boyd/staff
22:55:39 INFO       \u2192 0 art teacher(s) found. Status: no_art_teachers_found
22:55:39 INFO       \u2192 0 new staff records saved.
22:55:42 INFO     [1216/9192] W E PETE FORD MIDDLE (http://www.allenisd.org/o/fms)
22:55:44 INFO       Found directory at http://www.allenisd.org/o/fms/staff
22:55:49 INFO       \u2192 0 art teacher(s) found. Status: no_art_teachers_found
22:55:49 INFO       \u2192 0 new staff records saved.
22:55:52 INFO     [1217/9192] GENE M REED EL (http://www.allenisd.org/o/res)
22:55:54 INFO       Found directory at http://www.allenisd.org/o/res/staff
22:55:58 INFO       \u2192 0 art teacher(s) found. Status: no_art_teachers_found
22:55:58 INFO       \u2192 0 new staff records saved.
22:56:01 INFO     [1218/9192] WALTER & LOIS CURTIS MIDDLE (http://www.allenisd.org/o/cms)
22:56:03 INFO       Found directory at http://www.allenisd.org/o/cms/staff
22:56:12 INFO       \u2192 0 art teacher(s) found. Status: no_art_teachers_found
22:56:12 INFO       \u2192 0 new staff records saved.
22:56:14 INFO     [1219/9192] ALVIS C STORY EL (http://www.allenisd.org/o/ses)
22:56:16 INFO       Found directory at http://www.allenisd.org/o/ses/staff
22:56:21 INFO       \u2192 0 art teacher(s) found. Status: no_art_teachers_found
22:56:21 INFO       \u2192 0 new staff records saved.
22:56:23 INFO     [1220/9192] MAX O VAUGHAN EL (http://www.allenisd.org/o/ves)
22:56:25 INFO       Found directory at http://www.allenisd.org/o/ves/staff
22:56:30 INFO       \u2192 0 art teacher(s) found. Status: no_art_teachers_found
22:56:30 INFO       \u2192 0 new staff records saved.
22:56:32 INFO     [1221/9192] FLOSSIE FLOYD GREEN EL (http://www.allenisd.org/o/ges)
22:56:34 INFO       Found directory at http://www.allenisd.org/o/ges/staff
22:56:39 INFO       \u2192 0 art teacher(s) found. Status: no_art_teachers_found
22:56:39 INFO       \u2192 0 new staff records saved.
22:56:41 INFO     [1222/9192] COLLIN CO J J A E P (None)
22:56:41 INFO       \u2192 0 art teacher(s) found. Status: no_url
22:56:41 INFO       \u2192 0 new staff records saved.
22:56:44 INFO     [1223/9192] FRANCES E NORTON EL (http://www.allenisd.org/o/nes)
22:56:45 INFO       Found directory at http://www.allenisd.org/o/nes/staff
22:56:50 INFO       \u2192 0 art teacher(s) found. Status: no_art_teachers_found
22:56:50 INFO       \u2192 0 new staff records saved.
22:56:52 INFO     [1224/9192] LOWERY FRESHMAN CENTER (http://www.allenisd.org/o/lfc)
22:56:54 INFO       Found directory at http://www.allenisd.org/o/lfc/staff
22:57:04 INFO       \u2192 0 art teacher(s) found. Status: no_art_teachers_found
22:57:04 INFO       \u2192 0 new staff records saved.
22:57:07 INFO     [1225/9192] PAT DILLARD SPECIAL ACHIEVEMENT CENTER (http://www.allenisd.org/o/dsac)
22:57:09 INFO       Found directory at http://www.allenisd.org/o/dsac/staff
22:57:12 INFO       \u2192 0 art teacher(s) found. Status: no_art_teachers_found
22:57:12 INFO       \u2192 0 new staff records saved.
22:57:14 INFO     [1226/9192] BOLIN EL (http://www.allenisd.org/o/bes)
22:57:16 INFO       Found directory at http://www.allenisd.org/o/bes/staff
22:57:20 INFO       \u2192 0 art teacher(s) found. Status: no_art_teachers_found
22:57:20 INFO       \u2192 0 new staff records saved.
22:57:23 INFO     [1227/9192] KERR EL (http://www.allenisd.org/o/kes)
22:57:24 INFO       Found directory at http://www.allenisd.org/o/kes/staff
22:57:29 INFO       \u2192 0 art teacher(s) found. Status: no_art_teachers_found
22:57:29 INFO       \u2192 0 new staff records saved.
22:57:31 INFO     [1228/9192] JAMES AND MARGIE MARION EL (http://www.allenisd.org/o/mes)
22:57:34 INFO       Found directory at http://www.allenisd.org/o/mes/staff
22:57:40 INFO       \u2192 0 art teacher(s) found. Status: no_art_teachers_found
22:57:40 INFO       \u2192 0 new staff records saved.
22:57:42 INFO     [1229/9192] ERECKSON MIDDLE (http://www.allenisd.org/o/ems)
22:57:44 INFO       Found directory at http://www.allenisd.org/o/ems/staff
22:57:51 INFO       \u2192 0 art teacher(s) found. Status: no_art_teachers_found
22:57:51 INFO       \u2192 0 new staff records saved.
22:57:54 INFO     [1230/9192] DR E T BOON EL (http://www.allenisd.org/o/be)
22:57:56 INFO       Found directory at http://www.allenisd.org/o/be/staff
22:58:00 INFO       \u2192 0 art teacher(s) found. Status: no_art_teachers_found
22:58:00 INFO       \u2192 0 new staff records saved.
22:58:03 INFO     [1231/9192] CARLENA CHANDLER EL (http://www.allenisd.org/o/ces)
22:58:05 INFO       Found directory at http://www.allenisd.org/o/ces/staff
22:58:11 INFO       \u2192 0 art teacher(s) found. Status: no_art_teachers_found
22:58:11 INFO       \u2192 0 new staff records saved.
22:58:13 INFO     [1232/9192] MARY EVANS EL (http://www.allenisd.org/o/ees)
22:58:16 INFO       Found directory at http://www.allenisd.org/o/ees/staff
22:58:20 INFO       \u2192 0 art teacher(s) found. Status: no_art_teachers_found
22:58:20 INFO       \u2192 0 new staff records saved.
22:58:23 INFO     [1233/9192] DAVID AND LYNDA OLSON EL (http://www.allenisd.org/o/oes)
22:58:25 INFO       Found directory at http://www.allenisd.org/o/oes/staff
22:58:29 INFO       \u2192 0 art teacher(s) found. Status: no_art_teachers_found
22:58:29 INFO       \u2192 0 new staff records saved.
22:58:32 INFO     [1234/9192] BEVERLY CHEATHAM EL (http://www.allenisd.org/o/ches)
22:58:34 INFO       Found directory at http://www.allenisd.org/o/ches/staff
22:58:38 INFO       \u2192 0 art teacher(s) found. Status: no_art_teachers_found
22:58:38 INFO       \u2192 0 new staff records saved.
22:58:41 INFO     [1235/9192] LOIS LINDSEY EL (http://www.allenisd.org/o/les)
22:58:43 INFO       Found directory at http://www.allenisd.org/o/les/staff
22:58:47 INFO       \u2192 0 art teacher(s) found. Status: no_art_teachers_found
22:58:47 INFO       \u2192 0 new staff records saved.
22:58:50 INFO     [1236/9192] JENNY PRESTON EL (http://www.allenisd.org/o/pes)
22:58:51 INFO       Found directory at http://www.allenisd.org/o/pes/staff
22:58:56 INFO       \u2192 0 art teacher(s) found. Status: no_art_teachers_found
22:58:56 INFO       \u2192 0 new staff records saved.
22:58:59 INFO     [1237/9192] GEORGE J ANDERSON EARLY CHILDHOOD SCHOOL (http://www.allenisd.org/o/aes)
22:59:01 INFO       Found directory at http://www.allenisd.org/o/aes/staff
22:59:07 INFO       \u2192 0 art teacher(s) found. Status: no_art_teachers_found
22:59:07 INFO       \u2192 0 new staff records saved.
22:59:09 INFO     [1238/9192] ALPINE EL (http://www.alpine.esc18.net)
22:59:11 INFO       Found directory at http://www.alpine.esc18.net/staff
22:59:13 INFO       \u2192 0 art teacher(s) found. Status: no_art_teachers_found
22:59:13 INFO       \u2192 0 new staff records saved.
22:59:15 INFO     [1239/9192] ALPINE H S (http://www.alpine.esc18.net)
22:59:17 INFO       Found directory at http://www.alpine.esc18.net/staff
22:59:18 INFO       \u2192 0 art teacher(s) found. Status: no_art_teachers_found
22:59:18 INFO       \u2192 0 new staff records saved.
22:59:21 INFO     [1240/9192] ALPINE MIDDLE (http://www.alpine.esc18.net)
22:59:22 INFO       Found directory at http://www.alpine.esc18.net/staff
22:59:24 INFO       \u2192 0 art teacher(s) found. Status: no_art_teachers_found
22:59:24 INFO       \u2192 0 new staff records saved.
22:59:26 INFO     [1241/9192] ALTO EL (None)
22:59:26 INFO       \u2192 0 art teacher(s) found. Status: no_url
22:59:27 INFO       \u2192 0 new staff records saved.
22:59:29 INFO     [1242/9192] ALTO H S (None)
22:59:29 INFO       \u2192 0 art teacher(s) found. Status: no_url
22:59:29 INFO       \u2192 0 new staff records saved.
22:59:32 INFO     [1243/9192] ALTO MIDDLE (None)
22:59:32 INFO       \u2192 0 art teacher(s) found. Status: no_url
22:59:32 INFO       \u2192 0 new staff records saved.
22:59:34 INFO     [1244/9192] ALVIN EL (http://www.alvinisd.net/o/aes)
22:59:36 INFO       Found directory at http://www.alvinisd.net/o/aes/staff
22:59:42 INFO       \u2192 1 art teacher(s) found. Status: ok
22:59:42 INFO       \u2192 1 new staff records saved.
22:59:44 INFO     [1245/9192] ALVIN H S (http://www.alvinisd.net/o/ahs)
22:59:46 INFO       Found directory at http://www.alvinisd.net/o/ahs/staff
23:00:03 INFO       \u2192 7 art teacher(s) found. Status: ok
23:00:03 INFO       \u2192 7 new staff records saved.
23:00:05 INFO     [1246/9192] ALVIN J H (http://www.alvinisd.net/o/ajh)
23:00:07 INFO       Found directory at http://www.alvinisd.net/o/ajh/staff
23:00:13 INFO       \u2192 2 art teacher(s) found. Status: ok
23:00:13 INFO       \u2192 2 new staff records saved.
23:00:15 INFO     [1247/9192] BILL HASSE EL (http://www.alvinisd.net/o/bhe)
23:00:17 INFO       Found directory at http://www.alvinisd.net/o/bhe/staff
23:00:23 INFO       \u2192 1 art teacher(s) found. Status: ok
23:00:23 INFO       \u2192 1 new staff records saved.
23:00:25 INFO     [1248/9192] E C MASON EL (http://www.alvinisd.net/o/ecme)
23:00:27 INFO       Found directory at http://www.alvinisd.net/o/ecme/staff
23:00:33 INFO       \u2192 1 art teacher(s) found. Status: ok
23:00:33 INFO       \u2192 1 new staff records saved.
23:00:35 INFO     [1249/9192] RODEO PALMS J H (http://alvinisdtx.sites.thrillshare.com/o/rpjh)
23:00:35 INFO       \u2192 0 art teacher(s) found. Status: robots_blocked
23:00:35 INFO       \u2192 0 new staff records saved.
23:00:38 INFO     [1250/9192] MARK TWAIN EL (http://www.alvinisd.net/o/mte)
23:00:40 INFO       Found directory at http://www.alvinisd.net/o/mte/staff
23:00:46 INFO       \u2192 1 art teacher(s) found. Status: ok
23:00:46 INFO       \u2192 1 new staff records saved.
23:00:48 INFO     [1251/9192] R L STEVENSON PRI (http://alvinisdtx.sites.thrillshare.com/o/rls)
23:00:48 INFO       \u2192 0 art teacher(s) found. Status: robots_blocked
23:00:48 INFO       \u2192 0 new staff records saved.
23:00:51 INFO     [1252/9192] MELBA PASSMORE EL (http://www.alvinisd.net/o/mpe)
23:00:52 INFO       Found directory at http://www.alvinisd.net/o/mpe/staff
23:00:58 INFO       \u2192 1 art teacher(s) found. Status: ok
23:00:58 INFO       \u2192 1 new staff records saved.
23:01:00 INFO     [1253/9192] G W HARBY J H (http://www.alvinisd.net/o/gwharby)
23:01:02 INFO       Found directory at http://www.alvinisd.net/o/gwharby/staff
23:01:08 INFO       \u2192 1 art teacher(s) found. Status: ok
23:01:08 INFO       \u2192 1 new staff records saved.
23:01:10 INFO     [1254/9192] WALT DISNEY EL (http://alvinisdtx.sites.thrillshare.com/o/wde)
23:01:10 INFO       \u2192 0 art teacher(s) found. Status: robots_blocked
23:01:10 INFO       \u2192 0 new staff records saved.
23:01:13 INFO     [1255/9192] HOOD-CASE EL (http://www.alvinisd.net/o/hce)
23:01:15 INFO       Found directory at http://www.alvinisd.net/o/hce/staff
23:01:21 INFO       \u2192 1 art teacher(s) found. Status: ok
23:01:21 INFO       \u2192 1 new staff records saved.
23:01:23 INFO     [1256/9192] DON JETER EL (http://www.alvinisd.net/o/dje)
23:01:25 INFO       Found directory at http://www.alvinisd.net/o/dje/staff
23:01:31 INFO       \u2192 1 art teacher(s) found. Status: ok
23:01:31 INFO       \u2192 1 new staff records saved.
23:01:33 INFO     [1257/9192] BRAZORIA CO J J A E P (http://www.alvinisd.net)
23:01:35 INFO       Found directory at http://www.alvinisd.net/staff
23:02:49 INFO       \u2192 2 art teacher(s) found. Status: ok
23:02:49 INFO       \u2192 2 new staff records saved.
23:02:52 INFO     [1258/9192] MANVEL H S (http://www.alvinisd.net/o/mhs)
23:02:54 INFO       Found directory at http://www.alvinisd.net/o/mhs/staff
23:03:09 INFO       \u2192 5 art teacher(s) found. Status: ok
23:03:09 INFO       \u2192 5 new staff records saved.
23:03:11 INFO     [1259/9192] RISE (http://alvinisdtx.sites.thrillshare.com/o/riseacademy)
23:03:11 INFO       \u2192 0 art teacher(s) found. Status: robots_blocked
23:03:11 INFO       \u2192 0 new staff records saved.
23:03:14 INFO     [1260/9192] MARY BURKS MAREK EL (http://www.alvinisd.net/o/mbme)
23:03:16 INFO       Found directory at http://www.alvinisd.net/o/mbme/staff
23:03:23 INFO       \u2192 1 art teacher(s) found. Status: ok
23:03:23 INFO       \u2192 1 new staff records saved.
23:03:25 INFO     [1261/9192] NOLAN RYAN J H (http://alvinisdtx.sites.thrillshare.com/o/nrjh)
23:03:25 INFO       \u2192 0 art teacher(s) found. Status: robots_blocked
23:03:25 INFO       \u2192 0 new staff records saved.
23:03:28 INFO     [1262/9192] LAURA INGALLS WILDER EL (http://www.alvinisd.net/o/liwe)
23:03:29 INFO       Found directory at http://www.alvinisd.net/o/liwe/staff
23:03:35 INFO       \u2192 1 art teacher(s) found. Status: ok
23:03:35 INFO       \u2192 1 new staff records saved.
23:03:38 INFO     [1263/9192] FAIRVIEW J H (http://www.alvinisd.net/o/fjh)
23:03:39 INFO       Found directory at http://www.alvinisd.net/o/fjh/staff
23:03:45 INFO       \u2192 2 art teacher(s) found. Status: ok
23:03:45 INFO       \u2192 2 new staff records saved.
23:03:48 INFO     [1264/9192] SAVANNAH LAKES EL (http://alvinisdtx.sites.thrillshare.com/o/sle)
23:03:48 INFO       \u2192 0 art teacher(s) found. Status: robots_blocked
23:03:48 INFO       \u2192 0 new staff records saved.
23:03:50 INFO     [1265/9192] GLENN YORK EL (http://www.alvinisd.net/o/gye)
23:03:52 INFO       Found directory at http://www.alvinisd.net/o/gye/staff
23:03:58 INFO       \u2192 1 art teacher(s) found. Status: ok
23:03:58 INFO       \u2192 1 new staff records saved.
23:04:00 INFO     [1266/9192] MANVEL J H (http://www.alvinisd.net/o/mjh)
23:04:02 INFO       Found directory at http://www.alvinisd.net/o/mjh/staff
23:04:08 INFO       \u2192 2 art teacher(s) found. Status: ok
23:04:08 INFO       \u2192 2 new staff records saved.
23:04:11 INFO     [1267/9192] RED DUKE EL (http://alvinisdtx.sites.thrillshare.com/o/drjameselem)
23:04:11 INFO       \u2192 0 art teacher(s) found. Status: robots_blocked
23:04:11 INFO       \u2192 0 new staff records saved.
23:04:13 INFO     [1268/9192] SHADOW CREEK H S (http://alvinisdtx.sites.thrillshare.com/o/schs)
23:04:13 INFO       \u2192 0 art teacher(s) found. Status: robots_blocked
23:04:13 INFO       \u2192 0 new staff records saved.
23:04:16 INFO     [1269/9192] MERIDIANA EL (http://www.alvinisd.net/o/me)
23:04:18 INFO       Found directory at http://www.alvinisd.net/o/me/staff
23:04:25 INFO       \u2192 1 art teacher(s) found. Status: ok
23:04:25 INFO       \u2192 1 new staff records saved.
23:04:27 INFO     [1270/9192] SHIRLEY DILL BROTHERS EL (http://alvinisdtx.sites.thrillshare.com/o/sdbe)
23:04:27 INFO       \u2192 0 art teacher(s) found. Status: robots_blocked
23:04:27 INFO       \u2192 0 new staff records saved.
23:04:30 INFO     [1271/9192] POMONA EL (http://alvinisdtx.sites.thrillshare.com/o/pe)
23:04:30 INFO       \u2192 0 art teacher(s) found. Status: robots_blocked
23:04:30 INFO       \u2192 0 new staff records saved.
23:04:32 INFO     [1272/9192] DR RONALD E MCNAIR J H (http://www.alvinisd.net/o/drronaldjh)
23:04:34 INFO       Found directory at http://www.alvinisd.net/o/drronaldjh/staff
23:04:41 INFO       \u2192 2 art teacher(s) found. Status: ok
23:04:41 INFO       \u2192 2 new staff records saved.
23:04:44 INFO     [1273/9192] BOB AND BETTY NELSON EL (http://www.alvinisd.net/o/bbne)
23:04:46 INFO       Found directory at http://www.alvinisd.net/o/bbne/staff
23:04:51 INFO       \u2192 1 art teacher(s) found. Status: ok
23:04:51 INFO       \u2192 1 new staff records saved.
23:04:54 INFO     [1274/9192] IOWA COLONY H S (http://www.alvinisd.net/o/ichs)
23:04:55 INFO       Found directory at http://www.alvinisd.net/o/ichs/staff
23:05:08 INFO       \u2192 3 art teacher(s) found. Status: ok
23:05:08 INFO       \u2192 3 new staff records saved.
23:05:10 INFO     [1275/9192] JACKIE DOUCET CAFFEY J H (http://www.alvinisd.net/o/jdcjh)
23:05:12 INFO       Found directory at http://www.alvinisd.net/o/jdcjh/staff
23:05:17 INFO       \u2192 1 art teacher(s) found. Status: ok
23:05:17 INFO       \u2192 1 new staff records saved.
23:05:19 INFO     [1276/9192] BEL NAFEGAR SANCHEZ EL (http://www.alvinisd.net/o/bnse)
23:05:21 INFO       Found directory at http://www.alvinisd.net/o/bnse/staff
23:05:28 INFO       \u2192 1 art teacher(s) found. Status: ok
23:05:28 INFO       \u2192 1 new staff records saved.
23:05:30 INFO     [1277/9192] BARBARA BENNETT EL (None)
23:05:30 INFO       \u2192 0 art teacher(s) found. Status: no_url
23:05:30 INFO       \u2192 0 new staff records saved.
23:05:33 INFO     [1278/9192] NICHOLS-MOCK EL (http://alvinisdtx.sites.thrillshare.com/o/nme)
23:05:33 INFO       \u2192 0 art teacher(s) found. Status: robots_blocked
23:05:33 INFO       \u2192 0 new staff records saved.
23:05:35 INFO     [1279/9192] IOWA COLONY J H (None)
23:05:35 INFO       \u2192 0 art teacher(s) found. Status: no_url
23:05:35 INFO       \u2192 0 new staff records saved.
23:05:38 INFO     [1280/9192] ADAPT (http://www.alvinisd.net/o/adapt)
23:05:40 INFO       Found directory at http://www.alvinisd.net/o/adapt/staff
23:05:41 INFO       \u2192 0 art teacher(s) found. Status: no_art_teachers_found
23:05:41 INFO       \u2192 0 new staff records saved.
23:05:44 INFO     [1281/9192] ALVORD EL (http://www.alvordisd.net)
23:05:58 INFO       \u2192 0 art teacher(s) found. Status: no_directory_found
23:05:58 INFO       \u2192 0 new staff records saved.
23:06:00 INFO     [1282/9192] ALVORD H S (http://www.alvordisd.net)
23:06:14 INFO       \u2192 0 art teacher(s) found. Status: no_directory_found
23:06:14 INFO       \u2192 0 new staff records saved.
23:06:17 INFO     [1283/9192] ALVORD MIDDLE (http://www.alvordisd.net)
23:06:30 INFO       \u2192 0 art teacher(s) found. Status: no_directory_found
23:06:30 INFO       \u2192 0 new staff records saved.
23:06:33 INFO     [1284/9192] AMARILLO H S (http://ahsamaisd.sharpschool.com/)
23:06:33 INFO       \u2192 0 art teacher(s) found. Status: robots_blocked
23:06:33 INFO       \u2192 0 new staff records saved.
23:06:36 INFO     [1285/9192] AUSTIN MIDDLE (http://austinamaisd.sharpschool.com/)
23:06:36 INFO       \u2192 0 art teacher(s) found. Status: robots_blocked
23:06:36 INFO       \u2192 0 new staff records saved.
23:06:38 INFO     [1286/9192] AVONDALE EL (http://avondaleamaisd.sharpschool.com/)
23:06:38 INFO       \u2192 0 art teacher(s) found. Status: robots_blocked
23:06:38 INFO       \u2192 0 new staff records saved.
23:06:41 INFO     [1287/9192] BELMAR EL (http://belmaramaisd.sharpschool.com/)
23:06:41 INFO       \u2192 0 art teacher(s) found. Status: robots_blocked
23:06:41 INFO       \u2192 0 new staff records saved.
23:06:43 INFO     [1288/9192] BIVINS EL (http://bivinsamaisd.sharpschool.com/)
23:06:43 INFO       \u2192 0 art teacher(s) found. Status: robots_blocked
23:06:43 INFO       \u2192 0 new staff records saved.
23:06:46 INFO     [1289/9192] BONHAM MIDDLE (http://bonhamamaisd.sharpschool.com/cms/One.aspx)
23:06:46 INFO       \u2192 0 art teacher(s) found. Status: robots_blocked
23:06:46 INFO       \u2192 0 new staff records saved.
23:06:48 INFO     [1290/9192] BOWIE MIDDLE (http://bowieamaisd.sharpschool.com/)
23:06:49 INFO       \u2192 0 art teacher(s) found. Status: robots_blocked
23:06:49 INFO       \u2192 0 new staff records saved.
23:06:51 INFO     [1291/9192] CAPROCK H S (http://chsamaisd.sharpschool.com/)
23:06:51 INFO       \u2192 0 art teacher(s) found. Status: robots_blocked
23:06:51 INFO       \u2192 0 new staff records saved.
23:06:54 INFO     [1292/9192] CORONADO EL (http://coronadoamaisd.sharpschool.com/)
23:06:54 INFO       \u2192 0 art teacher(s) found. Status: robots_blocked
23:06:54 INFO       \u2192 0 new staff records saved.
23:06:56 INFO     [1293/9192] CROCKETT MIDDLE (http://crockettamaisd.sharpschool.com/)
23:06:56 INFO       \u2192 0 art teacher(s) found. Status: robots_blocked
23:06:56 INFO       \u2192 0 new staff records saved.
23:06:59 INFO     [1294/9192] EASTRIDGE EL (http://eastamaisd.sharpschool.com/)
23:06:59 INFO       \u2192 0 art teacher(s) found. Status: robots_blocked
23:06:59 INFO       \u2192 0 new staff records saved.
23:07:01 INFO     [1295/9192] EMERSON EL (http://emersonamaisd.sharpschool.com/)
23:07:01 INFO       \u2192 0 art teacher(s) found. Status: robots_blocked
23:07:01 INFO       \u2192 0 new staff records saved.
23:07:04 INFO     [1296/9192] FANNIN MIDDLE (http://fanninamaisd.sharpschool.com/)
23:07:04 INFO       \u2192 0 art teacher(s) found. Status: robots_blocked
23:07:04 INFO       \u2192 0 new staff records saved.
23:07:06 INFO     [1297/9192] FOREST HILL EL (http://forestamaisd.sharpschool.com/)
23:07:07 INFO       \u2192 0 art teacher(s) found. Status: robots_blocked
23:07:07 INFO       \u2192 0 new staff records saved.
23:07:09 INFO     [1298/9192] GLENWOOD EL (http://glenwoodamaisd.sharpschool.com/)
23:07:09 INFO       \u2192 0 art teacher(s) found. Status: robots_blocked
23:07:09 INFO       \u2192 0 new staff records saved.
23:07:12 INFO     [1299/9192] HAMLET EL (http://hamletamaisd.sharpschool.com/)
23:07:12 INFO       \u2192 0 art teacher(s) found. Status: robots_blocked
23:07:12 INFO       \u2192 0 new staff records saved.
23:07:14 INFO     [1300/9192] HOUSTON MIDDLE (http://houstonamaisd.sharpschool.com/)
23:07:14 INFO       \u2192 0 art teacher(s) found. Status: robots_blocked
23:07:14 INFO       \u2192 0 new staff records saved.
23:07:17 INFO     [1301/9192] HUMPHREY'S HIGHLAND EL (http://hhamaisd.sharpschool.com/)
23:07:17 INFO       \u2192 0 art teacher(s) found. Status: robots_blocked
23:07:17 INFO       \u2192 0 new staff records saved.
23:07:19 INFO     [1302/9192] LAMAR EL (http://lamaramaisd.sharpschool.com/)
23:07:19 INFO       \u2192 0 art teacher(s) found. Status: robots_blocked
23:07:19 INFO       \u2192 0 new staff records saved.
23:07:22 INFO     [1303/9192] LANDERGIN EL (http://landerginamaisd.sharpschool.com/)
23:07:22 INFO       \u2192 0 art teacher(s) found. Status: robots_blocked
23:07:22 INFO       \u2192 0 new staff records saved.
23:07:24 INFO     [1304/9192] LAWNDALE EL (http://lawndaleamaisd.sharpschool.com/)
23:07:25 INFO       \u2192 0 art teacher(s) found. Status: robots_blocked
23:07:25 INFO       \u2192 0 new staff records saved.
23:07:27 INFO     [1305/9192] PARK HILLS EL (http://phamaisd.sharpschool.com/)
23:07:27 INFO       \u2192 0 art teacher(s) found. Status: robots_blocked
23:07:27 INFO       \u2192 0 new staff records saved.
23:07:30 INFO     [1306/9192] MANN MIDDLE (http://mannamaisd.sharpschool.com/)
23:07:30 INFO       \u2192 0 art teacher(s) found. Status: robots_blocked
23:07:30 INFO       \u2192 0 new staff records saved.
23:07:32 INFO     [1307/9192] MESA VERDE EL (http://mvamaisd.sharpschool.com/)
23:07:32 INFO       \u2192 0 art teacher(s) found. Status: robots_blocked
23:07:32 INFO       \u2192 0 new staff records saved.
23:07:35 INFO     [1308/9192] NORTH HEIGHTS ALTER (http://nhamaisd.sharpschool.com/)
23:07:35 INFO       \u2192 0 art teacher(s) found. Status: robots_blocked
23:07:35 INFO       \u2192 0 new staff records saved.
23:07:37 INFO     [1309/9192] OAK DALE EL (http://oakdaleamaisd.sharpschool.com/)
23:07:37 INFO       \u2192 0 art teacher(s) found. Status: robots_blocked
23:07:37 INFO       \u2192 0 new staff records saved.
23:07:40 INFO     [1310/9192] OLSEN PARK EL (http://olsenamaisd.sharpschool.com/)
23:07:40 INFO       \u2192 0 art teacher(s) found. Status: robots_blocked
23:07:40 INFO       \u2192 0 new staff records saved.
23:07:43 INFO     [1311/9192] PALO DURO H S (http://pdhsamaisd.sharpschool.com/)
23:07:43 INFO       \u2192 0 art teacher(s) found. Status: robots_blocked
23:07:43 INFO       \u2192 0 new staff records saved.
23:07:45 INFO     [1312/9192] PARAMOUNT TERRACE EL (http://ptamaisd.sharpschool.com/)
23:07:45 INFO       \u2192 0 art teacher(s) found. Status: robots_blocked
23:07:45 INFO       \u2192 0 new staff records saved.
23:07:48 INFO     [1313/9192] PLEASANT VALLEY EL (http://pvamaisd.sharpschool.com/)
23:07:48 INFO       \u2192 0 art teacher(s) found. Status: robots_blocked
23:07:48 INFO       \u2192 0 new staff records saved.
23:07:50 INFO     [1314/9192] PUCKETT EL (http://puckettamaisd.sharpschool.com/)
23:07:50 INFO       \u2192 0 art teacher(s) found. Status: robots_blocked
23:07:50 INFO       \u2192 0 new staff records saved.
23:07:53 INFO     [1315/9192] RIDGECREST EL (http://ridgecrestamaisd.sharpschool.com/)
23:07:53 INFO       \u2192 0 art teacher(s) found. Status: robots_blocked
23:07:53 INFO       \u2192 0 new staff records saved.
23:07:55 INFO     [1316/9192] ROGERS EL (http://rogersamaisd.sharpschool.com/)
23:07:55 INFO       \u2192 0 art teacher(s) found. Status: robots_blocked
23:07:55 INFO       \u2192 0 new staff records saved.
23:07:58 INFO     [1317/9192] SAN JACINTO EL (http://sjamaisd.sharpschool.com/)
23:07:58 INFO       \u2192 0 art teacher(s) found. Status: robots_blocked
23:07:58 INFO       \u2192 0 new staff records saved.
23:08:01 INFO     [1318/9192] SANBORN EL (http://sanbornamaisd.sharpschool.com/)
23:08:01 INFO       \u2192 0 art teacher(s) found. Status: robots_blocked
23:08:01 INFO       \u2192 0 new staff records saved.
23:08:03 INFO     [1319/9192] SOUTH GEORGIA EL (http://sgamaisd.sharpschool.com/)
23:08:03 INFO       \u2192 0 art teacher(s) found. Status: robots_blocked
23:08:03 INFO       \u2192 0 new staff records saved.
23:08:06 INFO     [1320/9192] SOUTH LAWN EL (http://sanbornamaisd.sharpschool.com/)
23:08:06 INFO       \u2192 0 art teacher(s) found. Status: robots_blocked
23:08:06 INFO       \u2192 0 new staff records saved.
23:08:08 INFO     [1321/9192] SUNRISE EL (http://sunriseamaisd.sharpschool.com/)
23:08:08 INFO       \u2192 0 art teacher(s) found. Status: robots_blocked
23:08:08 INFO       \u2192 0 new staff records saved.
23:08:11 INFO     [1322/9192] TASCOSA H S (http://thsamaisd.sharpschool.com/)
23:08:11 INFO       \u2192 0 art teacher(s) found. Status: robots_blocked
23:08:11 INFO       \u2192 0 new staff records saved.
23:08:13 INFO     [1323/9192] TRAVIS MIDDLE (http://travisamaisd.sharpschool.com/)
23:08:13 INFO       \u2192 0 art teacher(s) found. Status: robots_blocked
23:08:13 INFO       \u2192 0 new staff records saved.
23:08:16 INFO     [1324/9192] WESTERN PLATEAU EL (http://wpamaisd.sharpschool.com/)
23:08:16 INFO       \u2192 0 art teacher(s) found. Status: robots_blocked
23:08:16 INFO       \u2192 0 new staff records saved.
23:08:18 INFO     [1325/9192] WHITTIER EL (http://whittieramaisd.sharpschool.com/)
23:08:19 INFO       \u2192 0 art teacher(s) found. Status: robots_blocked
23:08:19 INFO       \u2192 0 new staff records saved.
23:08:21 INFO     [1326/9192] WILLS EL (http://willsamaisd.sharpschool.com/)
23:08:21 INFO       \u2192 0 art teacher(s) found. Status: robots_blocked
23:08:21 INFO       \u2192 0 new staff records saved.
23:08:24 INFO     [1327/9192] WOLFLIN EL (http://wolflinamaisd.sharpschool.com/)
23:08:24 INFO       \u2192 0 art teacher(s) found. Status: robots_blocked
23:08:24 INFO       \u2192 0 new staff records saved.
23:08:26 INFO     [1328/9192] SLEEPY HOLLOW EL (http://sleepyamaisd.sharpschool.com/)
23:08:26 INFO       \u2192 0 art teacher(s) found. Status: robots_blocked
23:08:26 INFO       \u2192 0 new staff records saved.
23:08:29 INFO     [1329/9192] WINDSOR EL (http://windsoramaisd.sharpschool.com/)
23:08:29 INFO       \u2192 0 art teacher(s) found. Status: robots_blocked
23:08:29 INFO       \u2192 0 new staff records saved.
23:08:31 INFO     [1330/9192] AMTECH CAREER ACADEMY (http://www.amaisd.org/aacal)
23:08:44 INFO       \u2192 0 art teacher(s) found. Status: no_directory_found
23:08:44 INFO       \u2192 0 new staff records saved.
23:08:49 INFO     [1331/9192] GEORGE WASHINGTON CARVER EARLY CHILDHOOD ACADEMY (http://ecaamaisd.sharpschool.com/)
23:08:49 INFO       \u2192 0 art teacher(s) found. Status: robots_blocked
23:08:49 INFO       \u2192 0 new staff records saved.
23:08:52 INFO     [1332/9192] WOODLANDS EL (http://woodlandsamaisd.sharpschool.com/)
23:08:52 INFO       \u2192 0 art teacher(s) found. Status: robots_blocked
23:08:52 INFO       \u2192 0 new staff records saved.
23:08:54 INFO     [1333/9192] LORENZO DE ZAVALA MIDDLE (http://zavalaamaisd.sharpschool.com/)
23:08:54 INFO       \u2192 0 art teacher(s) found. Status: robots_blocked
23:08:54 INFO       \u2192 0 new staff records saved.
23:08:57 INFO     [1334/9192] JOHNNY N ALLEN-6TH GRADE CAMPUS (http://allenamaisd.sharpschool.com/)
23:08:57 INFO       \u2192 0 art teacher(s) found. Status: robots_blocked
23:08:57 INFO       \u2192 0 new staff records saved.
23:08:59 INFO     [1335/9192] TRADEWIND EL (http://tradewindamaisd.sharpschool.com/)
23:08:59 INFO       \u2192 0 art teacher(s) found. Status: robots_blocked
23:08:59 INFO       \u2192 0 new staff records saved.
23:09:02 INFO     [1336/9192] TRAVIS 6TH GRADE CAMPUS (None)
23:09:02 INFO       \u2192 0 art teacher(s) found. Status: no_url
23:09:02 INFO       \u2192 0 new staff records saved.
23:09:04 INFO     [1337/9192] BOWIE 6TH GRADE CAMPUS (None)
23:09:04 INFO       \u2192 0 art teacher(s) found. Status: no_url
23:09:04 INFO       \u2192 0 new staff records saved.
23:09:07 INFO     [1338/9192] GEORGE WASHINGTON CARVER EL ACADEMY (http://carveramaisd.sharpschool.com/)
23:09:07 INFO       \u2192 0 art teacher(s) found. Status: robots_blocked
23:09:07 INFO       \u2192 0 new staff records saved.
23:09:09 INFO     [1339/9192] AMHERST SCHOOL (http://www.amherstisd.com)
23:09:17 INFO       Found directory at http://www.amherstisd.com/directory
23:09:18 INFO       \u2192 1 art teacher(s) found. Status: ok
23:09:18 INFO       \u2192 1 new staff records saved.
23:09:21 INFO     [1340/9192] ANAHUAC EL (http://anahuacisd.net)
23:09:21 INFO       \u2192 0 art teacher(s) found. Status: robots_blocked
23:09:21 INFO       \u2192 0 new staff records saved.
23:09:24 INFO     [1341/9192] ANAHUAC H S (http://anahuacisd.net)
23:09:24 INFO       \u2192 0 art teacher(s) found. Status: robots_blocked
23:09:24 INFO       \u2192 0 new staff records saved.
23:09:26 INFO     [1342/9192] ANAHUAC MIDDLE (http://anahuacisd.net)
23:09:26 INFO       \u2192 0 art teacher(s) found. Status: robots_blocked
23:09:26 INFO       \u2192 0 new staff records saved.
23:09:29 INFO     [1343/9192] ANAHUAC PRI (None)
23:09:29 INFO       \u2192 0 art teacher(s) found. Status: no_url
23:09:29 INFO       \u2192 0 new staff records saved.
23:09:31 INFO     [1344/9192] ANDERSON-SHIRO EL (http://www.anderson-shirocisd.net/elementary.htm)
23:09:50 INFO       \u2192 0 art teacher(s) found. Status: no_directory_found
23:09:50 INFO       \u2192 0 new staff records saved.
23:09:52 INFO     [1345/9192] ANDERSON-SHIRO JR/SR H S (http://www.ascisd.net/highschool.htm)
23:10:06 INFO       \u2192 0 art teacher(s) found. Status: no_directory_found
23:10:06 INFO       \u2192 0 new staff records saved.
23:10:11 INFO     [1346/9192] ANDREWS H S (http://www.andrews.esc18.net)
23:10:11 INFO       \u2192 0 art teacher(s) found. Status: robots_blocked
23:10:11 INFO       \u2192 0 new staff records saved.
23:10:13 INFO     [1347/9192] ANDREWS MIDDLE (http://www.andrews.esc18.net)
23:10:13 INFO       \u2192 0 art teacher(s) found. Status: robots_blocked
23:10:13 INFO       \u2192 0 new staff records saved.
23:10:16 INFO     [1348/9192] DEVONIAN EL (http://www.andrews.esc18.net)
23:10:16 INFO       \u2192 0 art teacher(s) found. Status: robots_blocked
23:10:16 INFO       \u2192 0 new staff records saved.
23:10:18 INFO     [1349/9192] UNDERWOOD EL (http://www.andrews.esc18.net)
23:10:18 INFO       \u2192 0 art teacher(s) found. Status: robots_blocked
23:10:18 INFO       \u2192 0 new staff records saved.
23:10:21 INFO     [1350/9192] CLEARFORK EL (http://www.andrews.esc18.net)
23:10:21 INFO       \u2192 0 art teacher(s) found. Status: robots_blocked
23:10:21 INFO       \u2192 0 new staff records saved.
23:10:23 INFO     [1351/9192] ANDREWS EDUCATION CENTER (http://www.andrews.esc18.net)
23:10:23 INFO       \u2192 0 art teacher(s) found. Status: robots_blocked
23:10:23 INFO       \u2192 0 new staff records saved.
23:10:26 INFO     [1352/9192] ANGLETON H S (http://angletonisd.net)
23:10:28 INFO       Found directory at http://angletonisd.net/staff
23:10:44 INFO       \u2192 0 art teacher(s) found. Status: no_art_teachers_found
23:10:44 INFO       \u2192 0 new staff records saved.
23:10:47 INFO     [1353/9192] NORTHSIDE EL (http://angletonisd.net)
23:10:49 INFO       Found directory at http://angletonisd.net/staff
23:11:05 INFO       \u2192 0 art teacher(s) found. Status: no_art_teachers_found
23:11:05 INFO       \u2192 0 new staff records saved.
23:11:07 INFO     [1354/9192] SOUTHSIDE EL (http://angletonisd.net)
23:11:09 INFO       Found directory at http://angletonisd.net/staff
23:11:24 INFO       \u2192 0 art teacher(s) found. Status: no_art_teachers_found
23:11:24 INFO       \u2192 0 new staff records saved.
23:11:26 INFO     [1355/9192] WESTSIDE EL (http://angletonisd.net)
23:11:28 INFO       Found directory at http://angletonisd.net/staff
23:11:42 INFO       \u2192 0 art teacher(s) found. Status: no_art_teachers_found
23:11:42 INFO       \u2192 0 new staff records saved.
23:11:45 INFO     [1356/9192] RANCHO ISABELLA EL (http://angletonisd.net)
23:11:46 INFO       Found directory at http://angletonisd.net/staff
23:12:01 INFO       \u2192 0 art teacher(s) found. Status: no_art_teachers_found
23:12:01 INFO       \u2192 0 new staff records saved.
23:12:03 INFO     [1357/9192] STUDENT ALTERNATIVE CTR (http://angletonisd.net)
23:12:05 INFO       Found directory at http://angletonisd.net/staff
23:12:22 INFO       \u2192 0 art teacher(s) found. Status: no_art_teachers_found
23:12:22 INFO       \u2192 0 new staff records saved.
23:12:25 INFO     [1358/9192] BRAZORIA CO JUVENILE DETENTION (http://angletonisd.net)
23:12:26 INFO       Found directory at http://angletonisd.net/staff
23:12:41 INFO       \u2192 0 art teacher(s) found. Status: no_art_teachers_found
23:12:41 INFO       \u2192 0 new staff records saved.
23:12:43 INFO     [1359/9192] ANGLETON J H SCHOOL (http://www.angletonisd.net)
23:12:45 INFO       Found directory at http://www.angletonisd.net/staff
23:13:00 INFO       \u2192 0 art teacher(s) found. Status: no_art_teachers_found
23:13:00 INFO       \u2192 0 new staff records saved.
23:13:02 INFO     [1360/9192] CENTRAL EL (http://www.angletonisd.net)
23:13:04 INFO       Found directory at http://www.angletonisd.net/staff
23:13:19 INFO       \u2192 0 art teacher(s) found. Status: no_art_teachers_found
23:13:19 INFO       \u2192 0 new staff records saved.
23:13:21 INFO     [1361/9192] BRAZORIA CO ALTER ED CTR (http://angletonisd.net)
23:13:23 INFO       Found directory at http://angletonisd.net/staff
23:13:39 INFO       \u2192 0 art teacher(s) found. Status: no_art_teachers_found
23:13:39 INFO       \u2192 0 new staff records saved.
23:13:42 INFO     [1362/9192] FRONTIER EL (http://angletonisd.net)
23:13:43 INFO       Found directory at http://angletonisd.net/staff
23:13:58 INFO       \u2192 0 art teacher(s) found. Status: no_art_teachers_found
23:13:58 INFO       \u2192 0 new staff records saved.
23:14:01 INFO     [1363/9192] JOE K BRYANT EL (http://www.annaisd.net/Anna_ISD/jkb.htm)
23:14:01 INFO       \u2192 0 art teacher(s) found. Status: robots_blocked
23:14:01 INFO       \u2192 0 new staff records saved.
23:14:03 INFO     [1364/9192] ANNA H S (http://www.annaisd.net/Anna_ISD/anna.htm)
23:14:03 INFO       \u2192 0 art teacher(s) found. Status: robots_blocked
23:14:03 INFO       \u2192 0 new staff records saved.
23:14:06 INFO     [1365/9192] SLAYTER CREEK MIDDLE (http://www.annaisd.net/Anna_ISD/AnnaMs.htm)
23:14:06 INFO       \u2192 0 art teacher(s) found. Status: robots_blocked
23:14:06 INFO       \u2192 0 new staff records saved.
23:14:08 INFO     [1366/9192] SUE EVELYN RATTAN EL (http://www.annaisd.net/rattan/rattan.html)
23:14:08 INFO       \u2192 0 art teacher(s) found. Status: robots_blocked
23:14:08 INFO       \u2192 0 new staff records saved.
23:14:11 INFO     [1367/9192] JUDITH L HARLOW EL (None)
23:14:11 INFO       \u2192 0 art teacher(s) found. Status: no_url
23:14:11 INFO       \u2192 0 new staff records saved.
23:14:13 INFO     [1368/9192] ANNA ACADEMIC ACHIEVEMENT CENTER (None)
23:14:13 INFO       \u2192 0 art teacher(s) found. Status: no_url
23:14:13 INFO       \u2192 0 new staff records saved.
23:14:16 INFO     [1369/9192] ROSAMOND-SHERLEY EL (http://www.annaisd.org/Domain/562)
23:14:47 INFO       \u2192 0 art teacher(s) found. Status: no_directory_found
23:14:47 INFO       \u2192 0 new staff records saved.
23:14:52 INFO     [1370/9192] CLEMONS CREEK MIDDLE (None)
23:14:52 INFO       \u2192 0 art teacher(s) found. Status: no_url
23:14:52 INFO       \u2192 0 new staff records saved.
23:14:55 INFO     [1371/9192] ANSON H S (http://www.ansontigers.com)
23:14:57 INFO       Found directory at http://www.ansontigers.com/staff
23:15:05 INFO       \u2192 3 art teacher(s) found. Status: ok
23:15:05 INFO       \u2192 3 new staff records saved.
23:15:08 INFO     [1372/9192] ANSON MIDDLE (http://www.ansontigers.com)
23:15:09 INFO       Found directory at http://www.ansontigers.com/staff
23:15:17 INFO       \u2192 3 art teacher(s) found. Status: ok
23:15:17 INFO       \u2192 3 new staff records saved.
23:15:19 INFO     [1373/9192] ANSON EL (http://www.ansontigers.com)
23:15:21 INFO       Found directory at http://www.ansontigers.com/staff
23:15:29 INFO       \u2192 3 art teacher(s) found. Status: ok
23:15:29 INFO       \u2192 3 new staff records saved.
23:15:31 INFO     [1374/9192] ANTHONY H S (http://WWW.ANTHONYISD.NET)
23:15:32 INFO       Found directory at http://WWW.ANTHONYISD.NET/staff
23:15:34 INFO       \u2192 0 art teacher(s) found. Status: no_art_teachers_found
23:15:34 INFO       \u2192 0 new staff records saved.
23:15:36 INFO     [1375/9192] ANTHONY EL (http://WWW.ANTHONYISD.NET)
23:15:37 INFO       Found directory at http://WWW.ANTHONYISD.NET/staff
23:15:39 INFO       \u2192 0 art teacher(s) found. Status: no_art_teachers_found
23:15:39 INFO       \u2192 0 new staff records saved.
23:15:42 INFO     [1376/9192] ANTHONY MIDDLE (http://WWW.ANTHONYISD.NET)
23:15:42 INFO       Found directory at http://WWW.ANTHONYISD.NET/staff
23:15:44 INFO       \u2192 0 art teacher(s) found. Status: no_art_teachers_found
23:15:44 INFO       \u2192 0 new staff records saved.
23:15:47 INFO     [1377/9192] ANTON SCHOOL (http://ANTONISD.ORG)
23:15:48 INFO       Found directory at http://ANTONISD.ORG/staff
23:15:51 INFO       \u2192 0 art teacher(s) found. Status: no_art_teachers_found
23:15:51 INFO       \u2192 0 new staff records saved.
23:15:54 INFO     [1378/9192] APPLE SPRINGS EL (http://www.asisd.com)
23:15:56 INFO       Found directory at http://www.asisd.com/staff
23:15:59 INFO       \u2192 0 art teacher(s) found. Status: no_art_teachers_found
23:15:59 INFO       \u2192 0 new staff records saved.
23:16:02 INFO     [1379/9192] APPLE SPRINGS H S (http://www.asisd.com)
23:16:03 INFO       Found directory at http://www.asisd.com/staff
23:16:06 INFO       \u2192 0 art teacher(s) found. Status: no_art_teachers_found
23:16:06 INFO       \u2192 0 new staff records saved.
23:16:08 INFO     [1380/9192] AQUILLA SCHOOL (http://www.aquillaisd.net)
23:16:10 INFO       Found directory at http://www.aquillaisd.net/staff
23:16:12 INFO       \u2192 0 art teacher(s) found. Status: no_art_teachers_found
23:16:12 INFO       \u2192 0 new staff records saved.
23:16:17 INFO     [1381/9192] FULTON EL (http://www.rfisd.us)
23:16:17 INFO       \u2192 0 art teacher(s) found. Status: robots_blocked
23:16:17 INFO       \u2192 0 new staff records saved.
23:16:20 INFO     [1382/9192] LIVE OAK LEARNING CENTER (http://www.rfisd.us)
23:16:20 INFO       \u2192 0 art teacher(s) found. Status: robots_blocked
23:16:20 INFO       \u2192 0 new staff records saved.
23:16:22 INFO     [1383/9192] ROCKPORT-FULTON H S (http://www.rfisd.us)
23:16:22 INFO       \u2192 0 art teacher(s) found. Status: robots_blocked
23:16:22 INFO       \u2192 0 new staff records saved.
23:16:25 INFO     [1384/9192] ROCKPORT-FULTON MIDDLE (http://www.rfisd.us)
23:16:25 INFO       \u2192 0 art teacher(s) found. Status: robots_blocked
23:16:25 INFO       \u2192 0 new staff records saved.
23:16:27 INFO     [1385/9192] ARANSAS PASS H S (http://apisd.org)
23:16:30 INFO       Found directory at http://apisd.org/staff
23:16:34 INFO       \u2192 0 art teacher(s) found. Status: no_art_teachers_found
23:16:34 INFO       \u2192 0 new staff records saved.
23:16:36 INFO     [1386/9192] A C BLUNT MIDDLE (http://apisd.org)
23:16:38 INFO       Found directory at http://apisd.org/staff
23:16:41 INFO       \u2192 0 art teacher(s) found. Status: no_art_teachers_found
23:16:41 INFO       \u2192 0 new staff records saved.
23:16:43 INFO     [1387/9192] H T FAULK EL (http://apisd.org)
23:16:45 INFO       Found directory at http://apisd.org/staff
23:16:48 INFO       \u2192 0 art teacher(s) found. Status: no_art_teachers_found
23:16:48 INFO       \u2192 0 new staff records saved.
23:16:50 INFO     [1388/9192] CHARLIE MARSHALL EL (http://apisd.org)
23:16:52 INFO       Found directory at http://apisd.org/staff
23:16:55 INFO       \u2192 0 art teacher(s) found. Status: no_art_teachers_found
23:16:55 INFO       \u2192 0 new staff records saved.
23:16:57 INFO     [1389/9192] ARCHER CITY EL (http://www.archercityisd.net/)
23:17:14 INFO       \u2192 0 art teacher(s) found. Status: no_directory_found
23:17:14 INFO       \u2192 0 new staff records saved.
23:17:19 INFO     [1390/9192] ARCHER CITY H S (http://www.archercityisd.net/)
23:17:34 INFO       \u2192 0 art teacher(s) found. Status: no_directory_found
23:17:34 INFO       \u2192 0 new staff records saved.
23:17:39 INFO     [1391/9192] HILLTOP EL (http://www.argyleisd.com)
23:17:42 INFO       Found directory at http://www.argyleisd.com/staff
23:17:44 INFO       \u2192 0 art teacher(s) found. Status: no_art_teachers_found
23:17:44 INFO       \u2192 0 new staff records saved.
23:17:49 INFO     [1392/9192] ARGYLE MIDDLE (http://www.argyleisd.com)
23:17:50 INFO       Found directory at http://www.argyleisd.com/staff
23:17:52 INFO       \u2192 0 art teacher(s) found. Status: no_art_teachers_found
23:17:52 INFO       \u2192 0 new staff records saved.
23:17:57 INFO     [1393/9192] ARGYLE H S (http://www.argyleisd.com)
23:17:58 INFO       Found directory at http://www.argyleisd.com/staff
23:18:00 INFO       \u2192 0 art teacher(s) found. Status: no_art_teachers_found
23:18:00 INFO       \u2192 0 new staff records saved.
23:18:05 INFO     [1394/9192] DENTON CO J J A E P (None)
23:18:05 INFO       \u2192 0 art teacher(s) found. Status: no_url
23:18:05 INFO       \u2192 0 new staff records saved.
23:18:07 INFO     [1395/9192] ARGYLE 6TH GRADE CENTER (http://www.argyleisd.com)
23:18:09 INFO       Found directory at http://www.argyleisd.com/staff
23:18:10 INFO       \u2192 0 art teacher(s) found. Status: no_art_teachers_found
23:18:10 INFO       \u2192 0 new staff records saved.
23:18:15 INFO     [1396/9192] ARGYLE WEST (http://www.argyleisd.com)
23:18:16 INFO       Found directory at http://www.argyleisd.com/staff
23:18:18 INFO       \u2192 0 art teacher(s) found. Status: no_art_teachers_found
23:18:18 INFO       \u2192 0 new staff records saved.
23:18:23 INFO     [1397/9192] ARGYLE SOUTH EL (None)
23:18:23 INFO       \u2192 0 art teacher(s) found. Status: no_url
23:18:23 INFO       \u2192 0 new staff records saved.
23:18:26 INFO     [1398/9192] JANE RUESTMANN EL (None)
23:18:26 INFO       \u2192 0 art teacher(s) found. Status: no_url
23:18:26 INFO       \u2192 0 new staff records saved.
23:18:28 INFO     [1399/9192] AMOS EL (http://www.aisd.net/amos-elementary)
23:18:36 INFO       Found directory at http://www.aisd.net/amos-elementary/staff-directory
23:18:38 INFO       \u2192 0 art teacher(s) found. Status: no_art_teachers_found
23:18:38 INFO       \u2192 0 new staff records saved.
23:18:40 INFO     [1400/9192] ARLINGTON H S (http://www.aisd.net/arlington-high-school)
23:18:44 INFO       Found directory at http://www.aisd.net/arlington-high-school/staff
23:18:45 INFO       \u2192 0 art teacher(s) found. Status: no_art_teachers_found
23:18:45 INFO       \u2192 0 new staff records saved.
23:18:48 INFO     [1401/9192] ATHERTON EL (http://www.aisd.net/atherton-elementary)
23:18:55 INFO       Found directory at http://www.aisd.net/atherton-elementary/staff-directory
23:18:56 INFO       \u2192 0 art teacher(s) found. Status: no_art_teachers_found
23:18:56 INFO       \u2192 0 new staff records saved.
23:18:59 INFO     [1402/9192] BAILEY J H (http://www.aisd.net/bailey-junior-high)
23:19:06 INFO       Found directory at http://www.aisd.net/bailey-junior-high/staff-directory
23:19:08 INFO       \u2192 0 art teacher(s) found. Status: no_art_teachers_found
23:19:08 INFO       \u2192 0 new staff records saved.
23:19:10 INFO     [1403/9192] BERRY EL (None)
23:19:10 INFO       \u2192 0 art teacher(s) found. Status: no_url
23:19:10 INFO       \u2192 0 new staff records saved.
23:19:13 INFO     [1404/9192] BLANTON EL (None)
23:19:13 INFO       \u2192 0 art teacher(s) found. Status: no_url
23:19:13 INFO       \u2192 0 new staff records saved.
23:19:15 INFO     [1405/9192] BUTLER EL (None)
23:19:15 INFO       \u2192 0 art teacher(s) found. Status: no_url
23:19:15 INFO       \u2192 0 new staff records saved.
23:19:18 INFO     [1406/9192] CARTER J H (None)
23:19:18 INFO       \u2192 0 art teacher(s) found. Status: no_url
23:19:18 INFO       \u2192 0 new staff records saved.
23:19:20 INFO     [1407/9192] CROW LEADERSHIP ACADEMY (None)
23:19:20 INFO       \u2192 0 art teacher(s) found. Status: no_url
23:19:20 INFO       \u2192 0 new staff records saved.
23:19:23 INFO     [1408/9192] DITTO EL (None)
23:19:23 INFO       \u2192 0 art teacher(s) found. Status: no_url
23:19:23 INFO       \u2192 0 new staff records saved.
23:19:25 INFO     [1409/9192] DUFF EL (None)
23:19:25 INFO       \u2192 0 art teacher(s) found. Status: no_url
23:19:25 INFO       \u2192 0 new staff records saved.
23:19:28 INFO     [1410/9192] DUNN EL (None)
23:19:28 INFO       \u2192 0 art teacher(s) found. Status: no_url
23:19:28 INFO       \u2192 0 new staff records saved.
23:19:30 INFO     [1411/9192] FOSTER EL (None)
23:19:30 INFO       \u2192 0 art teacher(s) found. Status: no_url
23:19:30 INFO       \u2192 0 new staff records saved.
23:19:33 INFO     [1412/9192] GOODMAN EL (None)
23:19:33 INFO       \u2192 0 art teacher(s) found. Status: no_url
23:19:33 INFO       \u2192 0 new staff records saved.
23:19:35 INFO     [1413/9192] GUNN J H (None)
23:19:35 INFO       \u2192 0 art teacher(s) found. Status: no_url
23:19:35 INFO       \u2192 0 new staff records saved.
23:19:38 INFO     [1414/9192] HILL EL (None)
23:19:38 INFO       \u2192 0 art teacher(s) found. Status: no_url
23:19:38 INFO       \u2192 0 new staff records saved.
23:19:40 INFO     [1415/9192] SAM HOUSTON H S (None)
23:19:40 INFO       \u2192 0 art teacher(s) found. Status: no_url
23:19:40 INFO       \u2192 0 new staff records saved.
23:19:43 INFO     [1416/9192] JOHNS EL (None)
23:19:43 INFO       \u2192 0 art teacher(s) found. Status: no_url
23:19:43 INFO       \u2192 0 new staff records saved.
23:19:45 INFO     [1417/9192] KEY EL (None)
23:19:45 INFO       \u2192 0 art teacher(s) found. Status: no_url
23:19:45 INFO       \u2192 0 new staff records saved.
23:19:48 INFO     [1418/9192] LAMAR H S (http://www.aisd.net/lamar-high-school/)
23:19:52 INFO       Found directory at http://www.aisd.net/lamar-high-school/staff
23:19:54 INFO       \u2192 0 art teacher(s) found. Status: no_art_teachers_found
23:19:54 INFO       \u2192 0 new staff records saved.
23:19:56 INFO     [1419/9192] MORTON EL (None)
23:19:56 INFO       \u2192 0 art teacher(s) found. Status: no_url
23:19:56 INFO       \u2192 0 new staff records saved.
23:19:59 INFO     [1420/9192] NICHOLS J H (None)
23:19:59 INFO       \u2192 0 art teacher(s) found. Status: no_url
23:19:59 INFO       \u2192 0 new staff records saved.
23:20:01 INFO     [1421/9192] POPE EL (None)
23:20:01 INFO       \u2192 0 art teacher(s) found. Status: no_url
23:20:01 INFO       \u2192 0 new staff records saved.
23:20:04 INFO     [1422/9192] RANKIN EL (None)
23:20:04 INFO       \u2192 0 art teacher(s) found. Status: no_url
23:20:04 INFO       \u2192 0 new staff records saved.
23:20:06 INFO     [1423/9192] SHACKELFORD J H (None)
23:20:06 INFO       \u2192 0 art teacher(s) found. Status: no_url
23:20:06 INFO       \u2192 0 new staff records saved.
23:20:09 INFO     [1424/9192] SHORT EL (None)
23:20:09 INFO       \u2192 0 art teacher(s) found. Status: no_url
23:20:09 INFO       \u2192 0 new staff records saved.
23:20:11 INFO     [1425/9192] SOUTH DAVIS EL (None)
23:20:11 INFO       \u2192 0 art teacher(s) found. Status: no_url
23:20:11 INFO       \u2192 0 new staff records saved.
23:20:14 INFO     [1426/9192] SPEER EL (None)
23:20:14 INFO       \u2192 0 art teacher(s) found. Status: no_url
23:20:14 INFO       \u2192 0 new staff records saved.
23:20:16 INFO     [1427/9192] SWIFT EL (None)
23:20:16 INFO       \u2192 0 art teacher(s) found. Status: no_url
23:20:16 INFO       \u2192 0 new staff records saved.
23:20:19 INFO     [1428/9192] THORNTON EL (None)
23:20:19 INFO       \u2192 0 art teacher(s) found. Status: no_url
23:20:19 INFO       \u2192 0 new staff records saved.
23:20:21 INFO     [1429/9192] WILLIAMS EL (None)
23:20:21 INFO       \u2192 0 art teacher(s) found. Status: no_url
23:20:21 INFO       \u2192 0 new staff records saved.
23:20:24 INFO     [1430/9192] LITTLE EL (None)
23:20:24 INFO       \u2192 0 art teacher(s) found. Status: no_url
23:20:24 INFO       \u2192 0 new staff records saved.
23:20:26 INFO     [1431/9192] BARNETT J H (None)
23:20:26 INFO       \u2192 0 art teacher(s) found. Status: no_url
23:20:26 INFO       \u2192 0 new staff records saved.
23:20:29 INFO     [1432/9192] BRYANT EL (None)
23:20:29 INFO       \u2192 0 art teacher(s) found. Status: no_url
23:20:29 INFO       \u2192 0 new staff records saved.
23:20:31 INFO     [1433/9192] WEBB EL (None)
23:20:31 INFO       \u2192 0 art teacher(s) found. Status: no_url
23:20:31 INFO       \u2192 0 new staff records saved.
23:20:34 INFO     [1434/9192] SHERROD EL (None)
23:20:34 INFO       \u2192 0 art teacher(s) found. Status: no_url
23:20:34 INFO       \u2192 0 new staff records saved.
23:20:36 INFO     [1435/9192] WOOD EL (None)
23:20:36 INFO       \u2192 0 art teacher(s) found. Status: no_url
23:20:36 INFO       \u2192 0 new staff records saved.
23:20:39 INFO     [1436/9192] YOUNG J H (None)
23:20:39 INFO       \u2192 0 art teacher(s) found. Status: no_url
23:20:39 INFO       \u2192 0 new staff records saved.
23:20:41 INFO     [1437/9192] MARTIN H S (None)
23:20:41 INFO       \u2192 0 art teacher(s) found. Status: no_url
23:20:41 INFO       \u2192 0 new staff records saved.
23:20:44 INFO     [1438/9192] MILLER EL (None)
23:20:44 INFO       \u2192 0 art teacher(s) found. Status: no_url
23:20:44 INFO       \u2192 0 new staff records saved.
23:20:46 INFO     [1439/9192] TURNING POINT SECONDARY SCHOOL (None)
23:20:46 INFO       \u2192 0 art teacher(s) found. Status: no_url
23:20:46 INFO       \u2192 0 new staff records saved.
23:20:49 INFO     [1440/9192] COREY FINE ARTS / DUAL LANGUAGE ACADEMY (None)
23:20:49 INFO       \u2192 0 art teacher(s) found. Status: no_url
23:20:49 INFO       \u2192 0 new staff records saved.
23:20:51 INFO     [1441/9192] WORKMAN J H (None)
23:20:51 INFO       \u2192 0 art teacher(s) found. Status: no_url
23:20:51 INFO       \u2192 0 new staff records saved.
23:20:54 INFO     [1442/9192] FITZGERALD EL (None)
23:20:54 INFO       \u2192 0 art teacher(s) found. Status: no_url
23:20:54 INFO       \u2192 0 new staff records saved.
23:20:56 INFO     [1443/9192] BOLES J H (None)
23:20:56 INFO       \u2192 0 art teacher(s) found. Status: no_url
23:20:56 INFO       \u2192 0 new staff records saved.
23:20:59 INFO     [1444/9192] STARRETT EL (None)
23:20:59 INFO       \u2192 0 art teacher(s) found. Status: no_url
23:20:59 INFO       \u2192 0 new staff records saved.
23:21:01 INFO     [1445/9192] KOOKEN ED CTR (None)
23:21:01 INFO       \u2192 0 art teacher(s) found. Status: no_url
23:21:01 INFO       \u2192 0 new staff records saved.
23:21:04 INFO     [1446/9192] BEBENSEE EL (None)
23:21:04 INFO       \u2192 0 art teacher(s) found. Status: no_url
23:21:04 INFO       \u2192 0 new staff records saved.
23:21:06 INFO     [1447/9192] ELLIS EL (None)
23:21:06 INFO       \u2192 0 art teacher(s) found. Status: no_url
23:21:06 INFO       \u2192 0 new staff records saved.
23:21:09 INFO     [1448/9192] VENTURE ALTER H S (None)
23:21:09 INFO       \u2192 0 art teacher(s) found. Status: no_url
23:21:09 INFO       \u2192 0 new staff records saved.
23:21:11 INFO     [1449/9192] ASHWORTH EL (http://www.aisd.net/ashworth-elementary)
23:21:16 INFO       Found directory at http://www.aisd.net/ashworth-elementary/staff-directory
23:21:18 INFO       \u2192 0 art teacher(s) found. Status: no_art_teachers_found
23:21:18 INFO       \u2192 0 new staff records saved.
23:21:20 INFO     [1450/9192] CROUCH EL (None)
23:21:20 INFO       \u2192 0 art teacher(s) found. Status: no_url
23:21:20 INFO       \u2192 0 new staff records saved.
23:21:23 INFO     [1451/9192] OUSLEY J H (None)
23:21:23 INFO       \u2192 0 art teacher(s) found. Status: no_url
23:21:23 INFO       \u2192 0 new staff records saved.
23:21:25 INFO     [1452/9192] LARSON EL (None)
23:21:25 INFO       \u2192 0 art teacher(s) found. Status: no_url
23:21:25 INFO       \u2192 0 new staff records saved.
23:21:28 INFO     [1453/9192] WEST EL (None)
23:21:28 INFO       \u2192 0 art teacher(s) found. Status: no_url
23:21:28 INFO       \u2192 0 new staff records saved.
23:21:30 INFO     [1454/9192] TARRANT CO J J A E P (None)
23:21:30 INFO       \u2192 0 art teacher(s) found. Status: no_url
23:21:30 INFO       \u2192 0 new staff records saved.
23:21:33 INFO     [1455/9192] HALE EL (None)
23:21:33 INFO       \u2192 0 art teacher(s) found. Status: no_url
23:21:33 INFO       \u2192 0 new staff records saved.
23:21:35 INFO     [1456/9192] PEARCY STEM ACADEMY (None)
23:21:35 INFO       \u2192 0 art teacher(s) found. Status: no_url
23:21:35 INFO       \u2192 0 new staff records saved.
23:21:38 INFO     [1457/9192] BURGIN EL (None)
23:21:38 INFO       \u2192 0 art teacher(s) found. Status: no_url
23:21:38 INFO       \u2192 0 new staff records saved.
23:21:40 INFO     [1458/9192] BECKHAM EL (None)
23:21:40 INFO       \u2192 0 art teacher(s) found. Status: no_url
23:21:40 INFO       \u2192 0 new staff records saved.
23:21:43 INFO     [1459/9192] REMYNSE EL (None)
23:21:43 INFO       \u2192 0 art teacher(s) found. Status: no_url
23:21:43 INFO       \u2192 0 new staff records saved.
23:21:45 INFO     [1460/9192] SEGUIN H S (None)
23:21:45 INFO       \u2192 0 art teacher(s) found. Status: no_url
23:21:45 INFO       \u2192 0 new staff records saved.
23:21:48 INFO     [1461/9192] ANDERSON EL (http://www.aisd.net/anderson-elementary)
23:21:55 INFO       Found directory at http://www.aisd.net/anderson-elementary/staff-directory
23:21:57 INFO       \u2192 0 art teacher(s) found. Status: no_art_teachers_found
23:21:57 INFO       \u2192 0 new staff records saved.
23:21:59 INFO     [1462/9192] ADAMS EL (http://www.aisd.net/adams-elementary)
23:22:04 INFO       Found directory at http://www.aisd.net/adams-elementary/staff-directory
23:22:05 INFO       \u2192 0 art teacher(s) found. Status: no_art_teachers_found
23:22:05 INFO       \u2192 0 new staff records saved.
23:22:08 INFO     [1463/9192] ARLINGTON COLLEGIATE H S (http://www.aisd.net/arlington-collegiate-high-school)
23:22:15 INFO       Found directory at http://www.aisd.net/arlington-collegiate-high-school/staff-directory
23:22:17 INFO       \u2192 0 art teacher(s) found. Status: no_art_teachers_found
23:22:17 INFO       \u2192 0 new staff records saved.
23:22:19 INFO     [1464/9192] MCNUTT EL (None)
23:22:19 INFO       \u2192 0 art teacher(s) found. Status: no_url
23:22:19 INFO       \u2192 0 new staff records saved.
23:22:22 INFO     [1465/9192] PATRICK EL (None)
23:22:22 INFO       \u2192 0 art teacher(s) found. Status: no_url
23:22:22 INFO       \u2192 0 new staff records saved.
23:22:24 INFO     [1466/9192] PEACH EL (None)
23:22:24 INFO       \u2192 0 art teacher(s) found. Status: no_url
23:22:24 INFO       \u2192 0 new staff records saved.
23:22:27 INFO     [1467/9192] JONES FINE ARTS / DUAL LANGUAGE ACADEMY (None)
23:22:27 INFO       \u2192 0 art teacher(s) found. Status: no_url
23:22:27 INFO       \u2192 0 new staff records saved.
23:22:29 INFO     [1468/9192] ARLINGTON COLLEGE AND CAREER H S (None)
23:22:29 INFO       \u2192 0 art teacher(s) found. Status: no_url
23:22:29 INFO       \u2192 0 new staff records saved.
23:22:32 INFO     [1469/9192] WIMBISH WORLD LANGUAGE ACADEMY (None)
23:22:32 INFO       \u2192 0 art teacher(s) found. Status: no_url
23:22:32 INFO       \u2192 0 new staff records saved.
23:22:34 INFO     [1470/9192] FARRELL EL (None)
23:22:34 INFO       \u2192 0 art teacher(s) found. Status: no_url
23:22:34 INFO       \u2192 0 new staff records saved.
23:22:37 INFO     [1471/9192] MOORE EL (None)
23:22:37 INFO       \u2192 0 art teacher(s) found. Status: no_url
23:22:37 INFO       \u2192 0 new staff records saved.
23:22:39 INFO     [1472/9192] BOWIE H S (None)
23:22:39 INFO       \u2192 0 art teacher(s) found. Status: no_url
23:22:39 INFO       \u2192 0 new staff records saved.
23:22:42 INFO     [1473/9192] ARP EL (http://home.arpisd.org)
23:22:42 INFO       \u2192 0 art teacher(s) found. Status: robots_blocked
23:22:42 INFO       \u2192 0 new staff records saved.
23:22:45 INFO     [1474/9192] ARP H S (http://www.arpisd.org)
23:22:47 INFO       Found directory at http://www.arpisd.org/staff
23:22:58 INFO       \u2192 3 art teacher(s) found. Status: ok
23:22:58 INFO       \u2192 3 new staff records saved.
23:23:01 INFO     [1475/9192] ARP J H (http://www.arpisd.org)
23:23:02 INFO       Found directory at http://www.arpisd.org/staff
23:23:12 INFO       \u2192 3 art teacher(s) found. Status: ok
23:23:12 INFO       \u2192 3 new staff records saved.
23:23:15 INFO     [1476/9192] ATHENS H S (http://www.athensisd.net)
23:23:17 INFO       Found directory at http://www.athensisd.net/staff
23:23:21 INFO       \u2192 0 art teacher(s) found. Status: no_art_teachers_found
23:23:21 INFO       \u2192 0 new staff records saved.
23:23:24 INFO     [1477/9192] ATHENS MIDDLE (http://www.athensisd.net)
23:23:26 INFO       Found directory at http://www.athensisd.net/staff
23:23:30 INFO       \u2192 0 art teacher(s) found. Status: no_art_teachers_found
23:23:30 INFO       \u2192 0 new staff records saved.
23:23:32 INFO     [1478/9192] BEL AIR EL (http://www.athensisd.net)
23:23:34 INFO       Found directory at http://www.athensisd.net/staff
23:23:38 INFO       \u2192 0 art teacher(s) found. Status: no_art_teachers_found
23:23:38 INFO       \u2192 0 new staff records saved.
23:23:40 INFO     [1479/9192] SOUTH ATHENS EL (http://www.athensisd.net)
23:23:42 INFO       Found directory at http://www.athensisd.net/staff
23:23:47 INFO       \u2192 0 art teacher(s) found. Status: no_art_teachers_found
23:23:47 INFO       \u2192 0 new staff records saved.
23:23:49 INFO     [1480/9192] CENTRAL ATHENS (http://www.athensisd.net)
23:23:51 INFO       Found directory at http://www.athensisd.net/staff
23:23:55 INFO       \u2192 0 art teacher(s) found. Status: no_art_teachers_found
23:23:55 INFO       \u2192 0 new staff records saved.
23:23:57 INFO     [1481/9192] ATLANTA EL (http://www.atlisd.net)
23:24:12 INFO       \u2192 0 art teacher(s) found. Status: no_directory_found
23:24:12 INFO       \u2192 0 new staff records saved.
23:24:17 INFO     [1482/9192] ATLANTA H S (http://www.atlisd.net)
23:24:33 INFO       \u2192 0 art teacher(s) found. Status: no_directory_found
23:24:33 INFO       \u2192 0 new staff records saved.
23:24:38 INFO     [1483/9192] ATLANTA MIDDLE (http://www.atlisd.net)
23:24:54 INFO       \u2192 0 art teacher(s) found. Status: no_directory_found
23:24:54 INFO       \u2192 0 new staff records saved.
23:24:59 INFO     [1484/9192] ATLANTA PRI (http://www.atlisd.net)
23:25:15 INFO       \u2192 0 art teacher(s) found. Status: no_directory_found
23:25:15 INFO       \u2192 0 new staff records saved.
23:25:20 INFO     [1485/9192] CORRECTIVE BEHAVIOR CTR (http://www.atlisd.net)
23:25:35 INFO       \u2192 0 art teacher(s) found. Status: no_directory_found
23:25:35 INFO       \u2192 0 new staff records saved.
23:25:40 INFO     [1486/9192] HL BROCKETT (http://aubreyisd.net)
23:25:42 INFO       Found directory at http://aubreyisd.net/staff
23:25:45 INFO       \u2192 0 art teacher(s) found. Status: no_art_teachers_found
23:25:45 INFO       \u2192 0 new staff records saved.
23:25:48 INFO     [1487/9192] AUBREY H S (http://aubreyisd.net)
23:25:49 INFO       Found directory at http://aubreyisd.net/staff
23:25:52 INFO       \u2192 0 art teacher(s) found. Status: no_art_teachers_found
23:25:52 INFO       \u2192 0 new staff records saved.
23:25:55 INFO     [1488/9192] TERRIE MCNABB MIDDLE (http://aubreyisd.net)
23:25:56 INFO       Found directory at http://aubreyisd.net/staff
23:25:59 INFO       \u2192 0 art teacher(s) found. Status: no_art_teachers_found
23:25:59 INFO       \u2192 0 new staff records saved.
23:26:02 INFO     [1489/9192] DENTON CO J J A E P (None)
23:26:02 INFO       \u2192 0 art teacher(s) found. Status: no_url
23:26:02 INFO       \u2192 0 new staff records saved.
23:26:04 INFO     [1490/9192] JAMES A MONACO (http://www.aubreyisd.net)
23:26:06 INFO       Found directory at http://www.aubreyisd.net/staff
23:26:09 INFO       \u2192 0 art teacher(s) found. Status: no_art_teachers_found
23:26:09 INFO       \u2192 0 new staff records saved.
23:26:11 INFO     [1491/9192] JACKIE FULLER EL (None)
23:26:11 INFO       \u2192 0 art teacher(s) found. Status: no_url
23:26:11 INFO       \u2192 0 new staff records saved.
23:26:14 INFO     [1492/9192] EVALOIS OWENS MIDDLE (None)
23:26:14 INFO       \u2192 0 art teacher(s) found. Status: no_url
23:26:14 INFO       \u2192 0 new staff records saved.
23:26:16 INFO     [1493/9192] PETE AND MYRA WEST EL (None)
23:26:16 INFO       \u2192 0 art teacher(s) found. Status: no_url
23:26:16 INFO       \u2192 0 new staff records saved.
23:26:19 INFO     [1494/9192] ALLISON EL (http://www.austinisd.org/schools/allison)
23:26:28 INFO       Found directory at http://www.austinisd.org/schools/allison/directory
23:26:30 INFO       \u2192 0 art teacher(s) found. Status: no_art_teachers_found
23:26:30 INFO       \u2192 0 new staff records saved.
23:26:32 INFO     [1495/9192] ANDERSON H S (http://www.austinisd.org/schools/anderson)
23:26:42 INFO       Found directory at http://www.austinisd.org/schools/anderson/directory
23:26:43 INFO       \u2192 2 art teacher(s) found. Status: ok
23:26:43 INFO       \u2192 2 new staff records saved.
23:26:46 INFO     [1496/9192] ANDREWS EL (http://www.austinisd.org/schools/andrews)
23:26:55 INFO       Found directory at http://www.austinisd.org/schools/andrews/directory
23:26:57 INFO       \u2192 0 art teacher(s) found. Status: no_art_teachers_found
23:26:57 INFO       \u2192 0 new staff records saved.
23:26:59 INFO     [1497/9192] AUSTIN H S (http://www.austinisd.org/schools/austin)
23:27:08 INFO       Found directory at http://www.austinisd.org/schools/austin/directory
23:27:10 INFO       \u2192 0 art teacher(s) found. Status: no_art_teachers_found
23:27:10 INFO       \u2192 0 new staff records saved.
23:27:12 INFO     [1498/9192] BARRINGTON EL (http://www.austinisd.org/schools/barrington)
23:27:21 INFO       Found directory at http://www.austinisd.org/schools/barrington/directory
23:27:23 INFO       \u2192 0 art teacher(s) found. Status: no_art_teachers_found
23:27:23 INFO       \u2192 0 new staff records saved.
23:27:26 INFO     [1499/9192] BARTON HILLS EL (http://www.austinisd.org/schools/bartonhills)
23:27:35 INFO       Found directory at http://www.austinisd.org/schools/bartonhills/directory
23:27:36 INFO       \u2192 0 art teacher(s) found. Status: no_art_teachers_found
23:27:36 INFO       \u2192 0 new staff records saved.
23:27:39 INFO     [1500/9192] BECKER EL (http://www.austinisd.org/schools/becker)
23:27:48 INFO       Found directory at http://www.austinisd.org/schools/becker/directory
23:27:49 INFO       \u2192 0 art teacher(s) found. Status: no_art_teachers_found
23:27:49 INFO       \u2192 0 new staff records saved.
23:27:52 INFO     [1501/9192] BEDICHEK MIDDLE (http://www.austinisd.org/schools/bedichek)
23:28:01 INFO       Found directory at http://www.austinisd.org/schools/bedichek/directory
23:28:03 INFO       \u2192 0 art teacher(s) found. Status: no_art_teachers_found
23:28:03 INFO       \u2192 0 new staff records saved.
23:28:05 INFO     [1502/9192] BLACKSHEAR EL (http://www.austinisd.org/schools/blackshear)
23:28:14 INFO       Found directory at http://www.austinisd.org/schools/blackshear/directory
23:28:16 INFO       \u2192 0 art teacher(s) found. Status: no_art_teachers_found
23:28:16 INFO       \u2192 0 new staff records saved.
23:28:18 INFO     [1503/9192] BLANTON EL (http://www.austinisd.org/schools/blanton)
23:28:27 INFO       Found directory at http://www.austinisd.org/schools/blanton/directory
23:28:29 INFO       \u2192 0 art teacher(s) found. Status: no_art_teachers_found
23:28:29 INFO       \u2192 0 new staff records saved.
23:28:31 INFO     [1504/9192] BRENTWOOD EL (http://www.austinisd.org/schools/brentwood)
23:28:41 INFO       Found directory at http://www.austinisd.org/schools/brentwood/directory
23:28:42 INFO       \u2192 0 art teacher(s) found. Status: no_art_teachers_found
23:28:42 INFO       \u2192 0 new staff records saved.
23:28:45 INFO     [1505/9192] BROWN EL (http://www.austinisd.org/schools/brown)
23:28:54 INFO       Found directory at http://www.austinisd.org/schools/brown/directory
23:28:55 INFO       \u2192 0 art teacher(s) found. Status: no_art_teachers_found
23:28:55 INFO       \u2192 0 new staff records saved.
23:28:58 INFO     [1506/9192] BRYKER WOODS EL (http://www.austinisd.org/schools/brykerwoods)
23:29:07 INFO       Found directory at http://www.austinisd.org/schools/brykerwoods/directory
23:29:09 INFO       \u2192 0 art teacher(s) found. Status: no_art_teachers_found
23:29:09 INFO       \u2192 0 new staff records saved.
23:29:11 INFO     [1507/9192] BURNET MIDDLE (http://www.austinisd.org/schools/burnet)
23:29:20 INFO       Found directory at http://www.austinisd.org/schools/burnet/directory
23:29:22 INFO       \u2192 0 art teacher(s) found. Status: no_art_teachers_found
23:29:22 INFO       \u2192 0 new staff records saved.
23:29:24 INFO     [1508/9192] CAMPBELL EL (http://www.austinisd.org/schools/campbell)
23:29:33 INFO       Found directory at http://www.austinisd.org/schools/campbell/directory
23:29:35 INFO       \u2192 1 art teacher(s) found. Status: ok
23:29:35 INFO       \u2192 1 new staff records saved.
23:29:37 INFO     [1509/9192] CASIS EL (http://www.austinisd.org/schools/casis)
23:29:46 INFO       Found directory at http://www.austinisd.org/schools/casis/directory
23:29:48 INFO       \u2192 0 art teacher(s) found. Status: no_art_teachers_found
23:29:48 INFO       \u2192 0 new staff records saved.
23:29:50 INFO     [1510/9192] COOK EL (http://www.austinisd.org/schools/cook)
23:29:59 INFO       Found directory at http://www.austinisd.org/schools/cook/directory
23:30:01 INFO       \u2192 0 art teacher(s) found. Status: no_art_teachers_found
23:30:01 INFO       \u2192 0 new staff records saved.
23:30:04 INFO     [1511/9192] CROCKETT EARLY COLLEGE H S (http://www.austinisd.org/schools/crockett)
23:30:13 INFO       Found directory at http://www.austinisd.org/schools/crockett/directory
23:30:14 INFO       \u2192 2 art teacher(s) found. Status: ok
23:30:14 INFO       \u2192 2 new staff records saved.
23:30:17 INFO     [1512/9192] CUNNINGHAM EL (http://www.austinisd.org/schools/cunningham)
23:30:26 INFO       Found directory at http://www.austinisd.org/schools/cunningham/directory
23:30:27 INFO       \u2192 0 art teacher(s) found. Status: no_art_teachers_found
23:30:27 INFO       \u2192 0 new staff records saved.
23:30:30 INFO     [1513/9192] DAWSON EL (http://www.austinisd.org/schools/dawson)
23:30:39 INFO       Found directory at http://www.austinisd.org/schools/dawson/directory
23:30:41 INFO       \u2192 0 art teacher(s) found. Status: no_art_teachers_found
23:30:41 INFO       \u2192 0 new staff records saved.
23:30:43 INFO     [1514/9192] DOBIE MIDDLE (http://www.austinisd.org/schools/dobie)
23:30:52 INFO       Found directory at http://www.austinisd.org/schools/dobie/directory
23:30:54 INFO       \u2192 0 art teacher(s) found. Status: no_art_teachers_found
23:30:54 INFO       \u2192 0 new staff records saved.
23:30:56 INFO     [1515/9192] DOSS EL (http://www.austinisd.org/schools/doss)
23:31:07 INFO       \u2192 0 art teacher(s) found. Status: no_directory_found
23:31:07 INFO       \u2192 0 new staff records saved.
23:31:10 INFO     [1516/9192] LIVELY MIDDLE (http://www.austinisd.org/schools/lively)
23:31:21 INFO       \u2192 0 art teacher(s) found. Status: no_directory_found
23:31:21 INFO       \u2192 0 new staff records saved.
23:31:24 INFO     [1517/9192] GOVALLE EL (http://www.austinisd.org/schools/govalle)
23:31:35 INFO       \u2192 0 art teacher(s) found. Status: no_directory_found
23:31:35 INFO       \u2192 0 new staff records saved.
23:31:37 INFO     [1518/9192] GRAHAM EL (http://www.austinisd.org/schools/graham)
23:31:49 INFO       \u2192 0 art teacher(s) found. Status: no_directory_found
23:31:49 INFO       \u2192 0 new staff records saved.
23:31:51 INFO     [1519/9192] GULLETT EL (http://www.austinisd.org/schools/gullett)
23:32:02 INFO       \u2192 0 art teacher(s) found. Status: no_directory_found
23:32:02 INFO       \u2192 0 new staff records saved.
23:32:05 INFO     [1520/9192] HARRIS EL (http://www.austinisd.org/schools/harris)
23:32:16 INFO       \u2192 0 art teacher(s) found. Status: no_directory_found
23:32:16 INFO       \u2192 0 new staff records saved.
23:32:19 INFO     [1521/9192] HIGHLAND PARK EL (http://www.austinisd.org/schools/highlandpark)
23:32:30 INFO       \u2192 0 art teacher(s) found. Status: no_directory_found
23:32:30 INFO       \u2192 0 new staff records saved.
23:32:33 INFO     [1522/9192] HILL EL (http://www.austinisd.org/schools/hill)
23:32:40 INFO       Found directory at http://www.austinisd.org/schools/hill/directory
23:32:42 INFO       \u2192 0 art teacher(s) found. Status: no_art_teachers_found
23:32:42 INFO       \u2192 0 new staff records saved.
23:32:44 INFO     [1523/9192] HOUSTON EL (http://www.austinisd.org/schools/houston)
23:32:53 INFO       Found directory at http://www.austinisd.org/schools/houston/directory
23:32:55 INFO       \u2192 0 art teacher(s) found. Status: no_art_teachers_found
23:32:55 INFO       \u2192 0 new staff records saved.
23:32:57 INFO     [1524/9192] LAMAR MIDDLE (http://www.austinisd.org/schools/lamar)
23:33:06 INFO       Found directory at http://www.austinisd.org/schools/lamar/directory
23:33:08 INFO       \u2192 0 art teacher(s) found. Status: no_art_teachers_found
23:33:08 INFO       \u2192 0 new staff records saved.
23:33:10 INFO     [1525/9192] NAVARRO EARLY COLLEGE H S (http://www.austinisd.org/schools/navarro)
23:33:20 INFO       Found directory at http://www.austinisd.org/schools/navarro/directory
23:33:21 INFO       \u2192 0 art teacher(s) found. Status: no_art_teachers_found
23:33:21 INFO       \u2192 0 new staff records saved.
23:33:24 INFO     [1526/9192] LEE EL (http://www.austinisd.org/schools/lee)
23:33:33 INFO       Found directory at http://www.austinisd.org/schools/lee/directory
23:33:34 INFO       \u2192 0 art teacher(s) found. Status: no_art_teachers_found
23:33:34 INFO       \u2192 0 new staff records saved.
23:33:37 INFO     [1527/9192] LINDER EL (http://www.austinisd.org/schools/linder)
23:33:46 INFO       Found directory at http://www.austinisd.org/schools/linder/directory
23:33:48 INFO       \u2192 0 art teacher(s) found. Status: no_art_teachers_found
23:33:48 INFO       \u2192 0 new staff records saved.
23:33:50 INFO     [1528/9192] MAPLEWOOD EL (http://www.austinisd.org/schools/maplewood)
23:33:59 INFO       Found directory at http://www.austinisd.org/schools/maplewood/directory
23:34:01 INFO       \u2192 1 art teacher(s) found. Status: ok
23:34:01 INFO       \u2192 1 new staff records saved.
23:34:03 INFO     [1529/9192] MARTIN MIDDLE (http://www.austinisd.org/schools/martin)
23:34:12 INFO       Found directory at http://www.austinisd.org/schools/martin/directory
23:34:14 INFO       \u2192 0 art teacher(s) found. Status: no_art_teachers_found
23:34:14 INFO       \u2192 0 new staff records saved.
23:34:16 INFO     [1530/9192] MATHEWS EL (http://www.austinisd.org/schools/mathews)
23:34:25 INFO       Found directory at http://www.austinisd.org/schools/mathews/directory
23:34:27 INFO       \u2192 0 art teacher(s) found. Status: no_art_teachers_found
23:34:27 INFO       \u2192 0 new staff records saved.
23:34:29 INFO     [1531/9192] MCCALLUM H S (http://www.austinisd.org/schools/mccallum)
23:34:38 INFO       Found directory at http://www.austinisd.org/schools/mccallum/directory
23:34:40 INFO       \u2192 2 art teacher(s) found. Status: ok
23:34:40 INFO       \u2192 2 new staff records saved.
23:34:43 INFO     [1532/9192] MENCHACA EL (http://www.austinisd.org/schools/menchaca)
23:34:52 INFO       Found directory at http://www.austinisd.org/schools/menchaca/directory
23:34:53 INFO       \u2192 0 art teacher(s) found. Status: no_art_teachers_found
23:34:53 INFO       \u2192 0 new staff records saved.
23:34:56 INFO     [1533/9192] MURCHISON MIDDLE (http://www.austinisd.org/schools/murchison)
23:35:05 INFO       Found directory at http://www.austinisd.org/schools/murchison/directory
23:35:06 INFO       \u2192 0 art teacher(s) found. Status: no_art_teachers_found
23:35:06 INFO       \u2192 0 new staff records saved.
23:35:09 INFO     [1534/9192] NORMAN-SIMS EL (http://www.austinisd.org/schools/norman-sims)
23:35:18 INFO       Found directory at http://www.austinisd.org/schools/norman-sims/directory
23:35:19 INFO       \u2192 0 art teacher(s) found. Status: no_art_teachers_found
23:35:19 INFO       \u2192 0 new staff records saved.
23:35:22 INFO     [1535/9192] O HENRY MIDDLE (http://www.austinisd.org/schools/ohenry)
23:35:31 INFO       Found directory at http://www.austinisd.org/schools/ohenry/directory
23:35:33 INFO       \u2192 0 art teacher(s) found. Status: no_art_teachers_found
23:35:33 INFO       \u2192 0 new staff records saved.
23:35:35 INFO     [1536/9192] OAK HILL EL (http://www.austinisd.org/schools/oakhill)
23:35:44 INFO       Found directory at http://www.austinisd.org/schools/oakhill/directory
23:35:46 INFO       \u2192 0 art teacher(s) found. Status: no_art_teachers_found
23:35:46 INFO       \u2192 0 new staff records saved.
23:35:48 INFO     [1537/9192] OAK SPRINGS EL (http://www.austinisd.org/schools/oaksprings)
23:35:57 INFO       Found directory at http://www.austinisd.org/schools/oaksprings/directory
23:35:59 INFO       \u2192 0 art teacher(s) found. Status: no_art_teachers_found
23:35:59 INFO       \u2192 0 new staff records saved.
23:36:01 INFO     [1538/9192] ODOM EL (http://www.austinisd.org/schools/odom)
23:36:10 INFO       Found directory at http://www.austinisd.org/schools/odom/directory
23:36:12 INFO       \u2192 0 art teacher(s) found. Status: no_art_teachers_found
23:36:12 INFO       \u2192 0 new staff records saved.
23:36:14 INFO     [1539/9192] ORTEGA EL (http://www.austinisd.org/schools/ortega)
23:36:24 INFO       Found directory at http://www.austinisd.org/schools/ortega/directory
23:36:25 INFO       \u2192 0 art teacher(s) found. Status: no_art_teachers_found
23:36:25 INFO       \u2192 0 new staff records saved.
23:36:28 INFO     [1540/9192] PECAN SPRINGS EL (http://www.austinisd.org/schools/pecansprings)
23:36:41 INFO       \u2192 0 art teacher(s) found. Status: no_directory_found
23:36:41 INFO       \u2192 0 new staff records saved.
23:36:44 INFO     [1541/9192] PILLOW EL (http://www.austinisd.org/schools/pillow)
23:36:55 INFO       \u2192 0 art teacher(s) found. Status: no_directory_found
23:36:55 INFO       \u2192 0 new staff records saved.
23:36:58 INFO     [1542/9192] PLEASANT HILL EL (http://www.austinisd.org/schools/pleasanthill)
23:37:09 INFO       \u2192 0 art teacher(s) found. Status: no_directory_found
23:37:09 INFO       \u2192 0 new staff records saved.
23:37:12 INFO     [1543/9192] NORTHEAST EARLY COLLEGE H S (http://www.austinisd.org/schools/northeast)
23:37:23 INFO       \u2192 0 art teacher(s) found. Status: no_directory_found
23:37:23 INFO       \u2192 0 new staff records saved.
23:37:25 INFO     [1544/9192] REILLY EL (http://www.austinisd.org/schools/reilly)
23:37:37 INFO       \u2192 0 art teacher(s) found. Status: no_directory_found
23:37:37 INFO       \u2192 0 new staff records saved.
23:37:39 INFO     [1545/9192] RIDGETOP EL (http://www.austinisd.org/schools/ridgetop)
23:37:50 INFO       \u2192 0 art teacher(s) found. Status: no_directory_found
23:37:50 INFO       \u2192 0 new staff records saved.
23:37:53 INFO     [1546/9192] SANCHEZ EL (http://www.austinisd.org/schools/sanchez)
23:38:04 INFO       \u2192 0 art teacher(s) found. Status: no_directory_found
23:38:04 INFO       \u2192 0 new staff records saved.
23:38:07 INFO     [1547/9192] ST ELMO EL (http://www.austinisd.org/schools/stelmo)
23:38:16 INFO       Found directory at http://www.austinisd.org/schools/stelmo/directory
23:38:17 INFO       \u2192 0 art teacher(s) found. Status: no_art_teachers_found
23:38:17 INFO       \u2192 0 new staff records saved.
23:38:20 INFO     [1548/9192] SUMMITT EL (http://www.austinisd.org/schools/summitt)
23:38:29 INFO       Found directory at http://www.austinisd.org/schools/summitt/directory
23:38:30 INFO       \u2192 0 art teacher(s) found. Status: no_art_teachers_found
23:38:30 INFO       \u2192 0 new staff records saved.
23:38:33 INFO     [1549/9192] SUNSET VALLEY EL (http://www.austinisd.org/schools/sunsetvalley)
23:38:42 INFO       Found directory at http://www.austinisd.org/schools/sunsetvalley/directory
23:38:44 INFO       \u2192 0 art teacher(s) found. Status: no_art_teachers_found
23:38:44 INFO       \u2192 0 new staff records saved.
23:38:46 INFO     [1550/9192] TRAVIS EARLY COLLEGE H S (http://www.austinisd.org/schools/travis)
23:38:55 INFO       Found directory at http://www.austinisd.org/schools/travis/directory
23:38:57 INFO       \u2192 0 art teacher(s) found. Status: no_art_teachers_found
23:38:57 INFO       \u2192 0 new staff records saved.
23:39:00 INFO     [1551/9192] TRAVIS HTS EL (http://www.austinisd.org/schools/travisheights)
23:39:08 INFO       Found directory at http://www.austinisd.org/schools/travisheights/directory
23:39:10 INFO       \u2192 1 art teacher(s) found. Status: ok
23:39:10 INFO       \u2192 1 new staff records saved.
23:39:13 INFO     [1552/9192] WALNUT CREEK EL (http://www.austinisd.org/schools/walnutcreek)
23:39:22 INFO       Found directory at http://www.austinisd.org/schools/walnutcreek/directory
23:39:23 INFO       \u2192 0 art teacher(s) found. Status: no_art_teachers_found
23:39:23 INFO       \u2192 0 new staff records saved.
23:39:26 INFO     [1553/9192] WILLIAMS EL (http://www.austinisd.org/schools/williams)
23:39:35 INFO       Found directory at http://www.austinisd.org/schools/williams/directory
23:39:37 INFO       \u2192 0 art teacher(s) found. Status: no_art_teachers_found
23:39:37 INFO       \u2192 0 new staff records saved.
23:39:39 INFO     [1554/9192] WINN MONTESSORI (http://www.austinisd.org/schools/winn)
23:39:48 INFO       Found directory at http://www.austinisd.org/schools/winn/directory
23:39:50 INFO       \u2192 0 art teacher(s) found. Status: no_art_teachers_found
23:39:50 INFO       \u2192 0 new staff records saved.
23:39:52 INFO     [1555/9192] WOOLDRIDGE EL (http://www.austinisd.org/schools/wooldridge)
23:40:01 INFO       Found directory at http://www.austinisd.org/schools/wooldridge/directory
23:40:03 INFO       \u2192 0 art teacher(s) found. Status: no_art_teachers_found
23:40:03 INFO       \u2192 0 new staff records saved.
23:40:05 INFO     [1556/9192] WOOTEN EL (http://www.austinisd.org/schools/wooten)
23:40:14 INFO       Found directory at http://www.austinisd.org/schools/wooten/directory
23:40:16 INFO       \u2192 0 art teacher(s) found. Status: no_art_teachers_found
23:40:16 INFO       \u2192 0 new staff records saved.
23:40:19 INFO     [1557/9192] ZAVALA EL (http://www.austinisd.org/schools/zavala)
23:40:28 INFO       Found directory at http://www.austinisd.org/schools/zavala/directory
23:40:29 INFO       \u2192 0 art teacher(s) found. Status: no_art_teachers_found
23:40:29 INFO       \u2192 0 new staff records saved.
23:40:32 INFO     [1558/9192] ZILKER EL (http://www.austinisd.org/schools/zilker)
23:40:41 INFO       Found directory at http://www.austinisd.org/schools/zilker/directory
23:40:43 INFO       \u2192 0 art teacher(s) found. Status: no_art_teachers_found
23:40:43 INFO       \u2192 0 new staff records saved.
23:40:45 INFO     [1559/9192] WEBB MIDDLE (http://www.austinisd.org/schools/webb)
23:40:54 INFO       Found directory at http://www.austinisd.org/schools/webb/directory
23:40:56 INFO       \u2192 0 art teacher(s) found. Status: no_art_teachers_found
23:40:56 INFO       \u2192 0 new staff records saved.
23:40:58 INFO     [1560/9192] JORDAN EL (http://www.austinisd.org/schools/jordan)
23:41:08 INFO       Found directory at http://www.austinisd.org/schools/jordan/directory
23:41:09 INFO       \u2192 0 art teacher(s) found. Status: no_art_teachers_found
23:41:09 INFO       \u2192 0 new staff records saved.
23:41:12 INFO     [1561/9192] KIKER EL (http://www.austinisd.org/schools/kiker)
23:41:21 INFO       Found directory at http://www.austinisd.org/schools/kiker/directory
23:41:22 INFO       \u2192 0 art teacher(s) found. Status: no_art_teachers_found
23:41:22 INFO       \u2192 0 new staff records saved.
23:41:25 INFO     [1562/9192] ROSEDALE (http://www.austinisd.org/schools/rosedale)
23:41:34 INFO       Found directory at http://www.austinisd.org/schools/rosedale/directory
23:41:35 INFO       \u2192 1 art teacher(s) found. Status: ok
23:41:35 INFO       \u2192 1 new staff records saved.
23:41:38 INFO     [1563/9192] LANGFORD EL (http://www.austinisd.org/schools/langford)
23:41:47 INFO       Found directory at http://www.austinisd.org/schools/langford/directory
23:41:48 INFO       \u2192 0 art teacher(s) found. Status: no_art_teachers_found
23:41:49 INFO       \u2192 0 new staff records saved.
23:41:51 INFO     [1564/9192] BAILEY MIDDLE (http://www.austinisd.org/schools/bailey)
23:42:00 INFO       Found directory at http://www.austinisd.org/schools/bailey/directory
23:42:02 INFO       \u2192 0 art teacher(s) found. Status: no_art_teachers_found
23:42:02 INFO       \u2192 0 new staff records saved.
23:42:04 INFO     [1565/9192] AUSTIN ST HOSPITAL (http://www.austinisd.org/schools/austin-state-hospital)
23:42:13 INFO       Found directory at http://www.austinisd.org/schools/austin-state-hospital/directory
23:42:15 INFO       \u2192 0 art teacher(s) found. Status: no_art_teachers_found
23:42:15 INFO       \u2192 0 new staff records saved.
23:42:17 INFO     [1566/9192] PATTON EL (http://www.austinisd.org/schools/patton)
23:42:27 INFO       Found directory at http://www.austinisd.org/schools/patton/directory
23:42:28 INFO       \u2192 0 art teacher(s) found. Status: no_art_teachers_found
23:42:28 INFO       \u2192 0 new staff records saved.
23:42:31 INFO     [1567/9192] KEALING MIDDLE (http://www.austinisd.org/schools/kealing)
23:42:44 INFO       \u2192 0 art teacher(s) found. Status: no_directory_found
23:42:44 INFO       \u2192 0 new staff records saved.
23:42:46 INFO     [1568/9192] COVINGTON MIDDLE (http://www.austinisd.org/schools/covington)
23:42:57 INFO       \u2192 0 art teacher(s) found. Status: no_directory_found
23:42:57 INFO       \u2192 0 new staff records saved.
23:43:00 INFO     [1569/9192] MENDEZ MIDDLE (http://www.austinisd.org/schools/mendez)
23:43:11 INFO       \u2192 0 art teacher(s) found. Status: no_directory_found
23:43:11 INFO       \u2192 0 new staff records saved.
23:43:14 INFO     [1570/9192] BOONE EL (http://www.austinisd.org/schools/boone)
23:43:25 INFO       \u2192 0 art teacher(s) found. Status: no_directory_found
23:43:25 INFO       \u2192 0 new staff records saved.
23:43:28 INFO     [1571/9192] PALM EL (http://www.austinisd.org/schools/palm)
23:43:39 INFO       \u2192 0 art teacher(s) found. Status: no_directory_found
23:43:39 INFO       \u2192 0 new staff records saved.
23:43:41 INFO     [1572/9192] KOCUREK EL (http://www.austinisd.org/schools/kocurek)
23:43:49 INFO       Found directory at http://www.austinisd.org/schools/kocurek/directory
23:43:50 INFO       \u2192 0 art teacher(s) found. Status: no_art_teachers_found
23:43:50 INFO       \u2192 0 new staff records saved.
23:43:53 INFO     [1573/9192] WIDEN EL (http://www.austinisd.org/schools/widen)
23:44:02 INFO       Found directory at http://www.austinisd.org/schools/widen/directory
23:44:03 INFO       \u2192 0 art teacher(s) found. Status: no_art_teachers_found
23:44:03 INFO       \u2192 0 new staff records saved.
23:44:06 INFO     [1574/9192] DAEP- EL (None)
23:44:06 INFO       \u2192 0 art teacher(s) found. Status: no_url
23:44:06 INFO       \u2192 0 new staff records saved.
23:44:08 INFO     [1575/9192] BOWIE H S (http://www.austinisd.org/schools/bowie)
23:44:17 INFO       Found directory at http://www.austinisd.org/schools/bowie/directory
23:44:19 INFO       \u2192 2 art teacher(s) found. Status: ok
23:44:19 INFO       \u2192 2 new staff records saved.
23:44:21 INFO     [1576/9192] GALINDO EL (http://www.austinisd.org/schools/galindo)
23:44:30 INFO       Found directory at http://www.austinisd.org/schools/galindo/directory
23:44:32 INFO       \u2192 1 art teacher(s) found. Status: ok
23:44:32 INFO       \u2192 1 new staff records saved.
23:44:35 INFO     [1577/9192] LEADERSHIP ACADEMY (None)
23:44:35 INFO       \u2192 0 art teacher(s) found. Status: no_url
23:44:35 INFO       \u2192 0 new staff records saved.
23:44:37 INFO     [1578/9192] TRAVIS COUNTY J J A E P (None)
23:44:37 INFO       \u2192 0 art teacher(s) found. Status: no_url
23:44:37 INFO       \u2192 0 new staff records saved.
23:44:40 INFO     [1579/9192] GARZA INDEPENDENCE H S (http://www.austinisd.org/schools/garza)
23:44:49 INFO       Found directory at http://www.austinisd.org/schools/garza/directory
23:44:50 INFO       \u2192 0 art teacher(s) found. Status: no_art_teachers_found
23:44:50 INFO       \u2192 0 new staff records saved.
23:44:53 INFO     [1580/9192] HART EL (http://www.austinisd.org/schools/hart)
23:45:02 INFO       Found directory at http://www.austinisd.org/schools/hart/directory
23:45:03 INFO       \u2192 0 art teacher(s) found. Status: no_art_teachers_found
23:45:03 INFO       \u2192 0 new staff records saved.
23:45:06 INFO     [1581/9192] MILLS EL (http://www.austinisd.org/schools/mills)
23:45:15 INFO       Found directory at http://www.austinisd.org/schools/mills/directory
23:45:17 INFO       \u2192 0 art teacher(s) found. Status: no_art_teachers_found
23:45:17 INFO       \u2192 0 new staff records saved.
23:45:19 INFO     [1582/9192] SMALL MIDDLE (http://www.austinisd.org/schools/small)
23:45:28 INFO       Found directory at http://www.austinisd.org/schools/small/directory
23:45:30 INFO       \u2192 2 art teacher(s) found. Status: ok
23:45:30 INFO       \u2192 2 new staff records saved.
23:45:32 INFO     [1583/9192] CASEY EL (http://www.austinisd.org/schools/casey)
23:45:42 INFO       Found directory at http://www.austinisd.org/schools/casey/directory
23:45:43 INFO       \u2192 0 art teacher(s) found. Status: no_art_teachers_found
23:45:43 INFO       \u2192 0 new staff records saved.
23:45:46 INFO     [1584/9192] RODRIGUEZ EL (http://www.austinisd.org/schools/rodriguez)
23:45:55 INFO       Found directory at http://www.austinisd.org/schools/rodriguez/directory
23:45:56 INFO       \u2192 0 art teacher(s) found. Status: no_art_teachers_found
23:45:56 INFO       \u2192 0 new staff records saved.
23:45:59 INFO     [1585/9192] BARANOFF EL (http://www.austinisd.org/schools/baranoff)
23:46:08 INFO       Found directory at http://www.austinisd.org/schools/baranoff/directory
23:46:09 INFO       \u2192 0 art teacher(s) found. Status: no_art_teachers_found
23:46:09 INFO       \u2192 0 new staff records saved.
23:46:12 INFO     [1586/9192] AKINS EARLY COLLEGE H S (http://www.austinisd.org/schools/akins)
23:46:21 INFO       Found directory at http://www.austinisd.org/schools/akins/directory
23:46:22 INFO       \u2192 0 art teacher(s) found. Status: no_art_teachers_found
23:46:22 INFO       \u2192 0 new staff records saved.
23:46:25 INFO     [1587/9192] PAREDES MIDDLE (http://www.austinisd.org/schools/paredes)
23:46:34 INFO       Found directory at http://www.austinisd.org/schools/paredes/directory
23:46:36 INFO       \u2192 1 art teacher(s) found. Status: ok
23:46:36 INFO       \u2192 1 new staff records saved.
23:46:38 INFO     [1588/9192] MCBEE EL (http://www.austinisd.org/schools/mcbee)
23:46:47 INFO       Found directory at http://www.austinisd.org/schools/mcbee/directory
23:46:49 INFO       \u2192 0 art teacher(s) found. Status: no_art_teachers_found
23:46:49 INFO       \u2192 0 new staff records saved.
23:46:51 INFO     [1589/9192] COWAN EL (http://www.austinisd.org/schools/cowan)
23:47:01 INFO       Found directory at http://www.austinisd.org/schools/cowan/directory
23:47:02 INFO       \u2192 0 art teacher(s) found. Status: no_art_teachers_found
23:47:02 INFO       \u2192 0 new staff records saved.
23:47:05 INFO     [1590/9192] ALTERNATIVE LEARNING CENTER (http://www.austinisd.org/schools/alternativelearningcenter)
23:47:14 INFO       Found directory at http://www.austinisd.org/schools/alternativelearningcenter/directory
23:47:15 INFO       \u2192 0 art teacher(s) found. Status: no_art_teachers_found
23:47:15 INFO       \u2192 0 new staff records saved.
23:47:18 INFO     [1591/9192] TRAVIS COUNTY JUVENILE DETENTION CENTER (None)
23:47:18 INFO       \u2192 0 art teacher(s) found. Status: no_url
23:47:18 INFO       \u2192 0 new staff records saved.
23:47:20 INFO     [1592/9192] PICKLE EL (http://www.austinisd.org/schools/pickle)
23:47:29 INFO       Found directory at http://www.austinisd.org/schools/pickle/directory
23:47:31 INFO       \u2192 0 art teacher(s) found. Status: no_art_teachers_found
23:47:31 INFO       \u2192 0 new staff records saved.
23:47:33 INFO     [1593/9192] INTERNATIONAL H S (http://www.austinisd.org/schools/international)
23:47:43 INFO       Found directory at http://www.austinisd.org/schools/international/directory
23:47:44 INFO       \u2192 0 art teacher(s) found. Status: no_art_teachers_found
23:47:44 INFO       \u2192 0 new staff records saved.
23:47:47 INFO     [1594/9192] GORZYCKI MIDDLE (http://www.austinisd.org/schools/gorzycki)
23:47:56 INFO       Found directory at http://www.austinisd.org/schools/gorzycki/directory
23:47:57 INFO       \u2192 0 art teacher(s) found. Status: no_art_teachers_found
23:47:57 INFO       \u2192 0 new staff records saved.
23:48:00 INFO     [1595/9192] GENERAL MARSHALL MIDDLE (http://www.austinisd.org/schools/marshall)
23:48:09 INFO       Found directory at http://www.austinisd.org/schools/marshall/directory
23:48:11 INFO       \u2192 0 art teacher(s) found. Status: no_art_teachers_found
23:48:11 INFO       \u2192 0 new staff records saved.
23:48:13 INFO     [1596/9192] CLAYTON EL (http://www.austinisd.org/schools/clayton)
23:48:26 INFO       \u2192 0 art teacher(s) found. Status: no_directory_found
23:48:26 INFO       \u2192 0 new staff records saved.
23:48:28 INFO     [1597/9192] BLAZIER EL (http://www.austinisd.org/schools/blazier)
23:48:39 INFO       \u2192 0 art teacher(s) found. Status: no_directory_found
23:48:39 INFO       \u2192 0 new staff records saved.
23:48:42 INFO     [1598/9192] GUERRERO THOMPSON (http://www.austinisd.org/schools/guerrerothompson)
23:48:53 INFO       \u2192 0 art teacher(s) found. Status: no_directory_found
23:48:53 INFO       \u2192 0 new staff records saved.
23:48:56 INFO     [1599/9192] BALDWIN EL (http://www.austinisd.org/schools/baldwin)
23:49:07 INFO       \u2192 0 art teacher(s) found. Status: no_directory_found
23:49:07 INFO       \u2192 0 new staff records saved.
23:49:10 INFO     [1600/9192] PADRON EL (http://www.austinisd.org/schools/padron)
23:49:21 INFO       \u2192 0 art teacher(s) found. Status: no_directory_found
23:49:21 INFO       \u2192 0 new staff records saved.
23:49:23 INFO     [1601/9192] OVERTON EL (http://www.austinisd.org/schools/overton)
23:49:34 INFO       \u2192 0 art teacher(s) found. Status: no_directory_found
23:49:34 INFO       \u2192 0 new staff records saved.
23:49:37 INFO     [1602/9192] PEREZ EL (http://www.austinisd.org/schools/perez)
23:49:46 INFO       Found directory at http://www.austinisd.org/schools/perez/directory
23:49:48 INFO       \u2192 0 art teacher(s) found. Status: no_art_teachers_found
23:49:48 INFO       \u2192 0 new staff records saved.
23:49:50 INFO     [1603/9192] RICHARDS SCH FOR YOUNG WOMEN LEADERS (http://www.austinisd.org/schools/annrichards)
23:50:00 INFO       Found directory at http://www.austinisd.org/schools/annrichards/directory
23:50:01 INFO       \u2192 0 art teacher(s) found. Status: no_art_teachers_found
23:50:01 INFO       \u2192 0 new staff records saved.
23:50:04 INFO     [1604/9192] LBJ EARLY COLLEGE H S (http://www.austinisd.org/schools/lbj)
23:50:13 INFO       Found directory at http://www.austinisd.org/schools/lbj/directory
23:50:14 INFO       \u2192 0 art teacher(s) found. Status: no_art_teachers_found
23:50:14 INFO       \u2192 0 new staff records saved.
23:50:17 INFO     [1605/9192] LASA H S (http://www.austinisd.org/schools/lasa)
23:50:26 INFO       Found directory at http://www.austinisd.org/schools/lasa/directory
23:50:27 INFO       \u2192 1 art teacher(s) found. Status: ok
23:50:27 INFO       \u2192 1 new staff records saved.
23:50:30 INFO     [1606/9192] EASTSIDE EARLY COLLEGE H S (http://www.austinisd.org/schools/eastside)
23:50:39 INFO       Found directory at http://www.austinisd.org/schools/eastside/directory
23:50:41 INFO       \u2192 0 art teacher(s) found. Status: no_art_teachers_found
23:50:41 INFO       \u2192 0 new staff records saved.
23:50:43 INFO     [1607/9192] UPHAUS EARLY CHILDHOOD CENTER (http://www.austinisd.org/schools/uphaus)
23:50:52 INFO       Found directory at http://www.austinisd.org/schools/uphaus/directory
23:50:54 INFO       \u2192 0 art teacher(s) found. Status: no_art_teachers_found
23:50:54 INFO       \u2192 0 new staff records saved.
23:50:56 INFO     [1608/9192] GRADUATION PREP ACADEMY NAVARRO (http://www.austinisd.org/schools/gpanavarro)
23:51:12 INFO       \u2192 0 art teacher(s) found. Status: no_directory_found
23:51:12 INFO       \u2192 0 new staff records saved.
23:51:15 INFO     [1609/9192] SADLER MEANS YWLA (http://www.austinisd.org/schools/sadlermeansywla)
23:51:24 INFO       Found directory at http://www.austinisd.org/schools/sadlermeansywla/directory
23:51:25 INFO       \u2192 0 art teacher(s) found. Status: no_art_teachers_found
23:51:25 INFO       \u2192 0 new staff records saved.
23:51:28 INFO     [1610/9192] GARCIA YMLA (http://www.austinisd.org/schools/garciaymla)
23:51:37 INFO       Found directory at http://www.austinisd.org/schools/garciaymla/directory
23:51:38 INFO       \u2192 0 art teacher(s) found. Status: no_art_teachers_found
23:51:38 INFO       \u2192 0 new staff records saved.
23:51:41 INFO     [1611/9192] AUSTIN ISD PREK PARTNERSHIP (PKP) (None)
23:51:41 INFO       \u2192 0 art teacher(s) found. Status: no_url
23:51:41 INFO       \u2192 0 new staff records saved.
23:51:43 INFO     [1612/9192] JOSLIN EL (http://www.austinisd.org/schools/joslin)
23:51:53 INFO       Found directory at http://www.austinisd.org/schools/joslin/directory
23:51:54 INFO       \u2192 0 art teacher(s) found. Status: no_art_teachers_found
23:51:54 INFO       \u2192 0 new staff records saved.
23:51:57 INFO     [1613/9192] BEAR CREEK EL (http://www.austinisd.org/schools/bearcreek)
23:52:06 INFO       Found directory at http://www.austinisd.org/schools/bearcreek/directory
23:52:07 INFO       \u2192 0 art teacher(s) found. Status: no_art_teachers_found
23:52:07 INFO       \u2192 0 new staff records saved.
23:52:10 INFO     [1614/9192] GRADUATION PREPARATORY ACADEMY (http://www.austinisd.org/schools/gpatravis)
23:52:25 INFO       \u2192 0 art teacher(s) found. Status: no_directory_found
23:52:25 INFO       \u2192 0 new staff records saved.
23:52:28 INFO     [1615/9192] GREENLEAF NCC (None)
23:52:28 INFO       \u2192 0 art teacher(s) found. Status: no_url
23:52:28 INFO       \u2192 0 new staff records saved.
23:52:30 INFO     [1616/9192] DAVIS EL (http://www.austinisd.org/schools/davis)
23:52:39 INFO       Found directory at http://www.austinisd.org/schools/davis/directory
23:52:41 INFO       \u2192 0 art teacher(s) found. Status: no_art_teachers_found
23:52:41 INFO       \u2192 0 new staff records saved.
23:52:43 INFO     [1617/9192] AUSTWELL-TIVOLI H S (http://atisd.net)
23:52:45 INFO       Found directory at http://atisd.net/staff
23:52:48 INFO       \u2192 0 art teacher(s) found. Status: no_art_teachers_found
23:52:48 INFO       \u2192 0 new staff records saved.
23:52:51 INFO     [1618/9192] AUSTWELL-TIVOLI EL (http://atisd.net)
23:52:52 INFO       Found directory at http://atisd.net/staff
23:52:55 INFO       \u2192 0 art teacher(s) found. Status: no_art_teachers_found
23:52:55 INFO       \u2192 0 new staff records saved.
23:52:58 INFO     [1619/9192] AVALON SCHOOL (http://avalon.tx.schoolwebpages.com)
23:53:09 INFO       \u2192 0 art teacher(s) found. Status: no_directory_found
23:53:09 INFO       \u2192 0 new staff records saved.
23:53:11 INFO     [1620/9192] AVERY SCHOOL (http://www.averyisd.net)
23:53:13 INFO       Found directory at http://www.averyisd.net/staff
23:53:15 INFO       \u2192 0 art teacher(s) found. Status: no_art_teachers_found
23:53:15 INFO       \u2192 0 new staff records saved.
23:53:20 INFO     [1621/9192] AVINGER SCHOOL (http://www.avingerisd.net)
23:53:29 INFO       Found directory at http://www.avingerisd.net/administration
23:53:31 INFO       \u2192 0 art teacher(s) found. Status: no_art_teachers_found
23:53:31 INFO       \u2192 0 new staff records saved.
23:53:36 INFO     [1622/9192] AXTELL EL (None)
23:53:36 INFO       \u2192 0 art teacher(s) found. Status: no_url
23:53:36 INFO       \u2192 0 new staff records saved.
23:53:39 INFO     [1623/9192] AXTELL H S (None)
23:53:39 INFO       \u2192 0 art teacher(s) found. Status: no_url
23:53:39 INFO       \u2192 0 new staff records saved.
23:53:41 INFO     [1624/9192] WACO CTR FOR YOUTH (None)
23:53:41 INFO       \u2192 0 art teacher(s) found. Status: no_url
23:53:41 INFO       \u2192 0 new staff records saved.
23:53:44 INFO     [1625/9192] AXTELL MIDDLE SCHOOL (None)
23:53:44 INFO       \u2192 0 art teacher(s) found. Status: no_url
23:53:44 INFO       \u2192 0 new staff records saved.
23:53:46 INFO     [1626/9192] AZLE EL (http://www.azleisd.net)
23:53:48 INFO       Found directory at http://www.azleisd.net/staff
23:53:50 INFO       \u2192 0 art teacher(s) found. Status: no_art_teachers_found
23:53:50 INFO       \u2192 0 new staff records saved.
23:53:52 INFO     [1627/9192] AZLE H S (http://www.azleisd.net)
23:53:54 INFO       Found directory at http://www.azleisd.net/staff
23:53:56 INFO       \u2192 0 art teacher(s) found. Status: no_art_teachers_found
23:53:56 INFO       \u2192 0 new staff records saved.
23:53:58 INFO     [1628/9192] AZLE J H SOUTH (http://www.azleisd.net)
23:54:00 INFO       Found directory at http://www.azleisd.net/staff
23:54:01 INFO       \u2192 0 art teacher(s) found. Status: no_art_teachers_found
23:54:01 INFO       \u2192 0 new staff records saved.
23:54:04 INFO     [1629/9192] EAGLE HEIGHTS EL (http://www.azleisd.net)
23:54:05 INFO       Found directory at http://www.azleisd.net/staff
23:54:07 INFO       \u2192 0 art teacher(s) found. Status: no_art_teachers_found
23:54:07 INFO       \u2192 0 new staff records saved.
23:54:09 INFO     [1630/9192] WALNUT CREEK EL (http://www.azleisd.net)
23:54:11 INFO       Found directory at http://www.azleisd.net/staff
23:54:13 INFO       \u2192 0 art teacher(s) found. Status: no_art_teachers_found
23:54:13 INFO       \u2192 0 new staff records saved.
23:54:15 INFO     [1631/9192] LIBERTY EL (http://www.azleisd.net)
23:54:17 INFO       Found directory at http://www.azleisd.net/staff
23:54:18 INFO       \u2192 0 art teacher(s) found. Status: no_art_teachers_found
23:54:18 INFO       \u2192 0 new staff records saved.
23:54:21 INFO     [1632/9192] W E HOOVER EL (http://www.azleisd.net)
23:54:22 INFO       Found directory at http://www.azleisd.net/staff
23:54:24 INFO       \u2192 0 art teacher(s) found. Status: no_art_teachers_found
23:54:24 INFO       \u2192 0 new staff records saved.
23:54:27 INFO     [1633/9192] SILVER CREEK EL (http://www.azleisd.net)
23:54:28 INFO       Found directory at http://www.azleisd.net/staff
23:54:30 INFO       \u2192 0 art teacher(s) found. Status: no_art_teachers_found
23:54:30 INFO       \u2192 0 new staff records saved.
23:54:32 INFO     [1634/9192] CROSS TIMBERS EL (http://www.azleisd.net)
23:54:34 INFO       Found directory at http://www.azleisd.net/staff
23:54:36 INFO       \u2192 0 art teacher(s) found. Status: no_art_teachers_found
23:54:36 INFO       \u2192 0 new staff records saved.
23:54:38 INFO     [1635/9192] SANTO FORTE J H (http://www.azleisd.net)
23:54:40 INFO       Found directory at http://www.azleisd.net/staff
23:54:41 INFO       \u2192 0 art teacher(s) found. Status: no_art_teachers_found
23:54:41 INFO       \u2192 0 new staff records saved.
23:54:44 INFO     [1636/9192] AZLE HORNET ACADEMY (http://www.azleisd.net/o/ha)
23:54:46 INFO       Found directory at http://www.azleisd.net/o/ha/staff
23:54:47 INFO       \u2192 0 art teacher(s) found. Status: no_art_teachers_found
23:54:47 INFO       \u2192 0 new staff records saved.
23:54:50 INFO     [1637/9192] HILLTOP EL (http://www.azleisd.net/o/hte)
23:54:51 INFO       Found directory at http://www.azleisd.net/o/hte/staff
23:54:56 INFO       \u2192 0 art teacher(s) found. Status: no_art_teachers_found
23:54:56 INFO       \u2192 0 new staff records saved.
23:54:58 INFO     [1638/9192] BAIRD H S (http://www.bairdisd.net)
23:55:10 INFO       \u2192 0 art teacher(s) found. Status: no_directory_found
23:55:10 INFO       \u2192 0 new staff records saved.
23:55:12 INFO     [1639/9192] BAIRD EL (http://www.bairdisd.net)
23:55:23 INFO       \u2192 0 art teacher(s) found. Status: no_directory_found
23:55:23 INFO       \u2192 0 new staff records saved.
23:55:26 INFO     [1640/9192] BALLINGER EL (http://www.ballingerisd.net)
23:55:26 INFO       \u2192 0 art teacher(s) found. Status: robots_blocked
23:55:26 INFO       \u2192 0 new staff records saved.
23:55:29 INFO     [1641/9192] BALLINGER H S (http://www.ballingerisd.net)
23:55:29 INFO       \u2192 0 art teacher(s) found. Status: robots_blocked
23:55:29 INFO       \u2192 0 new staff records saved.
23:55:31 INFO     [1642/9192] BALLINGER J H (http://www.ballingerisd.net)
23:55:31 INFO       \u2192 0 art teacher(s) found. Status: robots_blocked
23:55:31 INFO       \u2192 0 new staff records saved.
23:55:34 INFO     [1643/9192] FAIRVIEW ACCELERATED (None)
23:55:34 INFO       \u2192 0 art teacher(s) found. Status: no_url
23:55:34 INFO       \u2192 0 new staff records saved.
23:55:36 INFO     [1644/9192] FAIRVIEW ACCELERATED (DAEP) (None)
23:55:36 INFO       \u2192 0 art teacher(s) found. Status: no_url
23:55:36 INFO       \u2192 0 new staff records saved.
23:55:39 INFO     [1645/9192] BALMORHEA ISD EDUCATIONAL COMMUNITY (http://www.bisdbears.esc18.net)
23:55:47 INFO       Found directory at http://www.bisdbears.esc18.net/administration
23:55:49 INFO       \u2192 0 art teacher(s) found. Status: no_art_teachers_found
23:55:49 INFO       \u2192 0 new staff records saved.
23:55:54 INFO     [1646/9192] ALKEK EL (http://banderaisd.net)
23:55:55 INFO       \u2192 0 art teacher(s) found. Status: robots_blocked
23:55:55 INFO       \u2192 0 new staff records saved.
23:55:57 INFO     [1647/9192] BANDERA H S (http://banderaisd.net)
23:55:57 INFO       \u2192 0 art teacher(s) found. Status: robots_blocked
23:55:57 INFO       \u2192 0 new staff records saved.
23:56:00 INFO     [1648/9192] BANDERA MIDDLE (http://banderaisd.net)
23:56:00 INFO       \u2192 0 art teacher(s) found. Status: robots_blocked
23:56:00 INFO       \u2192 0 new staff records saved.
23:56:02 INFO     [1649/9192] HILL COUNTRY EL (http://banderaisd.net)
23:56:02 INFO       \u2192 0 art teacher(s) found. Status: robots_blocked
23:56:02 INFO       \u2192 0 new staff records saved.
23:56:05 INFO     [1650/9192] J B STEPHENS EL (None)
23:56:05 INFO       \u2192 0 art teacher(s) found. Status: no_url
23:56:05 INFO       \u2192 0 new staff records saved.
23:56:07 INFO     [1651/9192] BANGS H S (None)
23:56:07 INFO       \u2192 0 art teacher(s) found. Status: no_url
23:56:07 INFO       \u2192 0 new staff records saved.
23:56:10 INFO     [1652/9192] BANGS MIDDLE (None)
23:56:10 INFO       \u2192 0 art teacher(s) found. Status: no_url
23:56:10 INFO       \u2192 0 new staff records saved.
23:56:12 INFO     [1653/9192] BANQUETE EL (None)
23:56:12 INFO       \u2192 0 art teacher(s) found. Status: no_url
23:56:12 INFO       \u2192 0 new staff records saved.
23:56:15 INFO     [1654/9192] BANQUETE H S (None)
23:56:15 INFO       \u2192 0 art teacher(s) found. Status: no_url
23:56:15 INFO       \u2192 0 new staff records saved.
23:56:17 INFO     [1655/9192] BANQUETE J H (None)
23:56:17 INFO       \u2192 0 art teacher(s) found. Status: no_url
23:56:17 INFO       \u2192 0 new staff records saved.
23:56:20 INFO     [1656/9192] BARBERS HILL H S (http://www.bhisd.net)
23:56:22 INFO       Found directory at http://www.bhisd.net/staff
23:56:24 INFO       \u2192 0 art teacher(s) found. Status: no_art_teachers_found
23:56:24 INFO       \u2192 0 new staff records saved.
23:56:29 INFO     [1657/9192] ALTERNATIVE SCHOOL (http://www.bhisd.net)
23:56:30 INFO       Found directory at http://www.bhisd.net/staff
23:56:31 INFO       \u2192 0 art teacher(s) found. Status: no_art_teachers_found
23:56:31 INFO       \u2192 0 new staff records saved.
23:56:36 INFO     [1658/9192] BARBERS HILL EL SOUTH (http://www.bhisd.net)
23:56:37 INFO       Found directory at http://www.bhisd.net/staff
23:56:39 INFO       \u2192 0 art teacher(s) found. Status: no_art_teachers_found
23:56:39 INFO       \u2192 0 new staff records saved.
23:56:44 INFO     [1659/9192] BARBERS HILL EL NORTH (http://www.bhisd.net)
23:56:45 INFO       Found directory at http://www.bhisd.net/staff
23:56:47 INFO       \u2192 0 art teacher(s) found. Status: no_art_teachers_found
23:56:47 INFO       \u2192 0 new staff records saved.
23:56:52 INFO     [1660/9192] BARBERS HILL MIDDLE SOUTH (http://www.bhisd.net)
23:56:53 INFO       Found directory at http://www.bhisd.net/staff
23:56:54 INFO       \u2192 0 art teacher(s) found. Status: no_art_teachers_found
23:56:54 INFO       \u2192 0 new staff records saved.
23:56:59 INFO     [1661/9192] BARBERS HILL MIDDLE NORTH (http://www.bhisd.net)
23:57:01 INFO       Found directory at http://www.bhisd.net/staff
23:57:02 INFO       \u2192 0 art teacher(s) found. Status: no_art_teachers_found
23:57:02 INFO       \u2192 0 new staff records saved.
23:57:07 INFO     [1662/9192] EARLY CHILDHOOD CENTER (http://www.bhisd.net)
23:57:08 INFO       Found directory at http://www.bhisd.net/staff
23:57:10 INFO       \u2192 0 art teacher(s) found. Status: no_art_teachers_found
23:57:10 INFO       \u2192 0 new staff records saved.
23:57:15 INFO     [1663/9192] BARBERS HILL INT NORTH (http://www.bhisd.net)
23:57:16 INFO       Found directory at http://www.bhisd.net/staff
23:57:18 INFO       \u2192 0 art teacher(s) found. Status: no_art_teachers_found
23:57:18 INFO       \u2192 0 new staff records saved.
23:57:23 INFO     [1664/9192] BARBERS HILL INT SOUTH (http://www.bhisd.net)
23:57:24 INFO       Found directory at http://www.bhisd.net/staff
23:57:25 INFO       \u2192 0 art teacher(s) found. Status: no_art_teachers_found
23:57:25 INFO       \u2192 0 new staff records saved.
23:57:30 INFO     [1665/9192] BARTLETT SCHOOLS (None)
23:57:30 INFO       \u2192 0 art teacher(s) found. Status: no_url
23:57:30 INFO       \u2192 0 new staff records saved.
23:57:33 INFO     [1666/9192] EMILE EL (http://www.bisdtx.org)
23:57:36 INFO       Found directory at http://www.bisdtx.org/staff
23:57:38 INFO       \u2192 0 art teacher(s) found. Status: no_art_teachers_found
23:57:38 INFO       \u2192 0 new staff records saved.
23:57:43 INFO     [1667/9192] BASTROP H S (http://www.bisdtx.org)
23:57:44 INFO       Found directory at http://www.bisdtx.org/staff
23:57:46 INFO       \u2192 0 art teacher(s) found. Status: no_art_teachers_found
23:57:46 INFO       \u2192 0 new staff records saved.
23:57:51 INFO     [1668/9192] BASTROP MIDDLE (http://www.bisdtx.org)
23:57:52 INFO       Found directory at http://www.bisdtx.org/staff
23:57:54 INFO       \u2192 0 art teacher(s) found. Status: no_art_teachers_found
23:57:54 INFO       \u2192 0 new staff records saved.
23:57:59 INFO     [1669/9192] MINA EL (http://www.bisdtx.org)
23:58:00 INFO       Found directory at http://www.bisdtx.org/staff
23:58:02 INFO       \u2192 0 art teacher(s) found. Status: no_art_teachers_found
23:58:02 INFO       \u2192 0 new staff records saved.
23:58:07 INFO     [1670/9192] CEDAR CREEK EL (http://www.bisdtx.org)
23:58:08 INFO       Found directory at http://www.bisdtx.org/staff
23:58:10 INFO       \u2192 0 art teacher(s) found. Status: no_art_teachers_found
23:58:10 INFO       \u2192 0 new staff records saved.
23:58:15 INFO     [1671/9192] BASTROP INT (http://www.bisdtx.org)
23:58:16 INFO       Found directory at http://www.bisdtx.org/staff
23:58:18 INFO       \u2192 0 art teacher(s) found. Status: no_art_teachers_found
23:58:18 INFO       \u2192 0 new staff records saved.
23:58:23 INFO     [1672/9192] CEDAR CREEK MIDDLE (http://www.bisdtx.org)
23:58:24 INFO       Found directory at http://www.bisdtx.org/staff
23:58:26 INFO       \u2192 0 art teacher(s) found. Status: no_art_teachers_found
23:58:26 INFO       \u2192 0 new staff records saved.
23:58:31 INFO     [1673/9192] RED ROCK EL (http://www.bisdtx.org)
23:58:32 INFO       Found directory at http://www.bisdtx.org/staff
23:58:34 INFO       \u2192 0 art teacher(s) found. Status: no_art_teachers_found
23:58:34 INFO       \u2192 0 new staff records saved.
23:58:39 INFO     [1674/9192] CEDAR CREEK INT (http://www.bisdtx.org)
23:58:40 INFO       Found directory at http://www.bisdtx.org/staff
23:58:42 INFO       \u2192 0 art teacher(s) found. Status: no_art_teachers_found
23:58:42 INFO       \u2192 0 new staff records saved.
23:58:47 INFO     [1675/9192] BLUEBONNET EL (http://www.bisdtx.org)
23:58:48 INFO       Found directory at http://www.bisdtx.org/staff
23:58:50 INFO       \u2192 0 art teacher(s) found. Status: no_art_teachers_found
23:58:50 INFO       \u2192 0 new staff records saved.
23:58:55 INFO     [1676/9192] LOST PINES EL (http://www.bisdtx.org)
23:58:56 INFO       Found directory at http://www.bisdtx.org/staff
23:58:58 INFO       \u2192 0 art teacher(s) found. Status: no_art_teachers_found
23:58:58 INFO       \u2192 0 new staff records saved.
23:59:03 INFO     [1677/9192] CEDAR CREEK H S (http://www.bisdtx.org)
23:59:05 INFO       Found directory at http://www.bisdtx.org/staff
23:59:06 INFO       \u2192 0 art teacher(s) found. Status: no_art_teachers_found
23:59:06 INFO       \u2192 0 new staff records saved.
23:59:11 INFO     [1678/9192] COLORADO RIVER COLLEGIATE ACADEMY (http://www.bisdtx.org)
23:59:13 INFO       Found directory at http://www.bisdtx.org/staff
23:59:14 INFO       \u2192 0 art teacher(s) found. Status: no_art_teachers_found
23:59:14 INFO       \u2192 0 new staff records saved.
23:59:19 INFO     [1679/9192] GENESIS H S (http://www.bisdtx.org)
23:59:21 INFO       Found directory at http://www.bisdtx.org/staff
23:59:23 INFO       \u2192 0 art teacher(s) found. Status: no_art_teachers_found
23:59:23 INFO       \u2192 0 new staff records saved.
23:59:28 INFO     [1680/9192] COLONY OAKS EL (None)
23:59:28 INFO       \u2192 0 art teacher(s) found. Status: no_url
23:59:28 INFO       \u2192 0 new staff records saved.
23:59:30 INFO     [1681/9192] CAMINO REAL EL (None)
23:59:30 INFO       \u2192 0 art teacher(s) found. Status: no_url
23:59:30 INFO       \u2192 0 new staff records saved.
23:59:33 INFO     [1682/9192] BAY CITY H S (http://www.bcblackcats.net)
23:59:33 INFO       \u2192 0 art teacher(s) found. Status: robots_blocked
23:59:33 INFO       \u2192 0 new staff records saved.
23:59:35 INFO     [1683/9192] BAY CITY J H (http://www.bcblackcats.net)
23:59:35 INFO       \u2192 0 art teacher(s) found. Status: robots_blocked
23:59:35 INFO       \u2192 0 new staff records saved.
23:59:38 INFO     [1684/9192] CHERRY EL (http://www.bcblackcats.net)
23:59:38 INFO       \u2192 0 art teacher(s) found. Status: robots_blocked
23:59:38 INFO       \u2192 0 new staff records saved.
23:59:40 INFO     [1685/9192] TENIE HOLMES EL (http://www.bcblackcats.net)
23:59:40 INFO       \u2192 0 art teacher(s) found. Status: robots_blocked
23:59:40 INFO       \u2192 0 new staff records saved.
23:59:43 INFO     [1686/9192] ROBERTS EL (http://www.bcblackcats.net)
23:59:43 INFO       \u2192 0 art teacher(s) found. Status: robots_blocked
23:59:43 INFO       \u2192 0 new staff records saved.
23:59:45 INFO     [1687/9192] AMELIA EL (http://www.bmtisd.com/amelia)
00:00:14 INFO       \u2192 0 art teacher(s) found. Status: no_directory_found
00:00:14 INFO       \u2192 0 new staff records saved.
00:00:19 INFO     [1688/9192] CALDWOOD EL (http://www.bmtisd.com/caldwood)
00:00:51 INFO       \u2192 0 art teacher(s) found. Status: no_directory_found
00:00:51 INFO       \u2192 0 new staff records saved.
00:00:56 INFO     [1689/9192] CURTIS EL (http://www.bmtisd.com/curtis)
00:01:26 INFO       \u2192 0 art teacher(s) found. Status: no_directory_found
00:01:26 INFO       \u2192 0 new staff records saved.
00:01:31 INFO     [1690/9192] SMITH MIDDLE (http://thirdfuture.org/schools/smith-middle-school/)
00:01:31 INFO       \u2192 0 art teacher(s) found. Status: robots_blocked
00:01:31 INFO       \u2192 0 new staff records saved.
00:01:33 INFO     [1691/9192] FLETCHER EL (http://www.bmtisd.com/fletcher)
00:02:03 INFO       \u2192 0 art teacher(s) found. Status: no_directory_found
00:02:03 INFO       \u2192 0 new staff records saved.
00:02:08 INFO     [1692/9192] WEST BROOK SR H S (http://www.bmtisd.com/westbrook/)
00:02:37 INFO       \u2192 0 art teacher(s) found. Status: no_directory_found
00:02:37 INFO       \u2192 0 new staff records saved.
00:02:42 INFO     [1693/9192] MARSHALL MIDDLE (http://www.bmtisd.com/marshall/)
00:03:12 INFO       \u2192 0 art teacher(s) found. Status: no_directory_found
00:03:12 INFO       \u2192 0 new staff records saved.
00:03:17 INFO     [1694/9192] ODOM MIDDLE (http://www.bmtisd.com/odom/)
00:03:53 INFO       \u2192 0 art teacher(s) found. Status: no_directory_found
00:03:53 INFO       \u2192 0 new staff records saved.
00:03:58 INFO     [1695/9192] GUESS EL (http://www.bmtisd.com/guess)
00:04:27 INFO       \u2192 0 art teacher(s) found. Status: no_directory_found
00:04:27 INFO       \u2192 0 new staff records saved.
00:04:32 INFO     [1696/9192] REGINA HOWELL EL (http://www.bmtisd.com/regina)
00:05:01 INFO       \u2192 0 art teacher(s) found. Status: no_directory_found
00:05:01 INFO       \u2192 0 new staff records saved.
00:05:06 INFO     [1697/9192] PATHWAYS LEARNING CTR (http://WWW.BMTISD.COM)
00:05:10 INFO       Found directory at http://WWW.BMTISD.COM/staff
00:05:12 INFO       \u2192 0 art teacher(s) found. Status: no_art_teachers_found
00:05:12 INFO       \u2192 0 new staff records saved.
00:05:17 INFO     [1698/9192] HOMER DR EL (http://www.bmtisd.com/homer)
00:05:47 INFO       \u2192 0 art teacher(s) found. Status: no_directory_found
00:05:47 INFO       \u2192 0 new staff records saved.
00:05:52 INFO     [1699/9192] JEFFERSON CO YOUTH ACAD (http://co.jefferson.tx.us/Sheriff/corrections/jefferson-county-youth-acade)
00:06:07 INFO       \u2192 0 art teacher(s) found. Status: no_directory_found
00:06:07 INFO       \u2192 0 new staff records saved.
00:06:09 INFO     [1700/9192] PIETZSCH/MAC ARTHUR EL (http://www.bmtisd.com/Pietzsch-MacArthur)
00:06:39 INFO       \u2192 0 art teacher(s) found. Status: no_directory_found
00:06:39 INFO       \u2192 0 new staff records saved.
00:06:44 INFO     [1701/9192] PAUL A BROWN ALTERNATIVE CENTER (None)
00:06:44 INFO       \u2192 0 art teacher(s) found. Status: no_url
00:06:44 INFO       \u2192 0 new staff records saved.
00:06:47 INFO     [1702/9192] DISHMAN EL (http://www.bmtisd.com/dishman/)
00:07:17 INFO       \u2192 0 art teacher(s) found. Status: no_directory_found
00:07:17 INFO       \u2192 0 new staff records saved.
00:07:22 INFO     [1703/9192] O C TAYLOR CTR (None)
00:07:22 INFO       \u2192 0 art teacher(s) found. Status: no_url
00:07:22 INFO       \u2192 0 new staff records saved.
00:07:25 INFO     [1704/9192] FEHL-PRICE EL (http://thirdfuture.org/schools/fehl-price/)
00:07:25 INFO       \u2192 0 art teacher(s) found. Status: robots_blocked
00:07:25 INFO       \u2192 0 new staff records saved.
00:07:27 INFO     [1705/9192] MARTIN EL (None)
00:07:27 INFO       \u2192 0 art teacher(s) found. Status: no_url
00:07:27 INFO       \u2192 0 new staff records saved.
00:07:30 INFO     [1706/9192] DR MAE E JONES-CLARK EL (http://thirdfuture.org/schools/fehl-price/)
00:07:30 INFO       \u2192 0 art teacher(s) found. Status: robots_blocked
00:07:30 INFO       \u2192 0 new staff records saved.
00:07:32 INFO     [1707/9192] BLANCHETTE EL (None)
00:07:32 INFO       \u2192 0 art teacher(s) found. Status: no_url
00:07:32 INFO       \u2192 0 new staff records saved.
00:07:35 INFO     [1708/9192] CHARLTON-POLLARD EL (http://www.bmtisd.com/Charlton-Pollard)
00:08:04 INFO       \u2192 0 art teacher(s) found. Status: no_directory_found
00:08:04 INFO       \u2192 0 new staff records saved.
00:08:09 INFO     [1709/9192] BINGMAN PK (http://www.bmtisd.com/Bingman)
00:08:38 INFO       \u2192 0 art teacher(s) found. Status: no_directory_found
00:08:38 INFO       \u2192 0 new staff records saved.
00:08:43 INFO     [1710/9192] BEAUMONT ISD EARLY COLLEGE H S (http://www.bmtisd.com)
00:08:45 INFO       Found directory at http://www.bmtisd.com/staff
00:08:46 INFO       \u2192 0 art teacher(s) found. Status: no_art_teachers_found
00:08:46 INFO       \u2192 0 new staff records saved.
00:08:51 INFO     [1711/9192] BEAUMONT NEW EL DAEP (http://www.bmtisd.com)
00:08:53 INFO       Found directory at http://www.bmtisd.com/staff
00:08:55 INFO       \u2192 0 art teacher(s) found. Status: no_art_teachers_found
00:08:55 INFO       \u2192 0 new staff records saved.
00:09:00 INFO     [1712/9192] BEAUMONT UNITED H S (http://www.bmtisd.com)
00:09:01 INFO       Found directory at http://www.bmtisd.com/staff
00:09:03 INFO       \u2192 0 art teacher(s) found. Status: no_art_teachers_found
00:09:03 INFO       \u2192 0 new staff records saved.
00:09:08 INFO     [1713/9192] VINCENT MIDDLE (http://www.bmtisd.com/vincent/)
00:09:37 INFO       \u2192 0 art teacher(s) found. Status: no_directory_found
00:09:37 INFO       \u2192 0 new staff records saved.
00:09:42 INFO     [1714/9192] BECKVILLE SUNSET EL (http://www.beckvilleisd.net)
00:09:43 INFO       \u2192 0 art teacher(s) found. Status: robots_blocked
00:09:43 INFO       \u2192 0 new staff records saved.
00:09:45 INFO     [1715/9192] BECKVILLE JR-SR HIGH SCHOOL (http://www.beckvilleisd.net)
00:09:45 INFO       \u2192 0 art teacher(s) found. Status: robots_blocked
00:09:45 INFO       \u2192 0 new staff records saved.
00:09:48 INFO     [1716/9192] FADDEN-MCKEOWN-CHAMBLISS EL (http://beevilleisd.net)
00:09:56 INFO       Found directory at http://beevilleisd.net/directory
00:09:58 INFO       \u2192 0 art teacher(s) found. Status: no_art_teachers_found
00:09:58 INFO       \u2192 0 new staff records saved.
00:10:03 INFO     [1717/9192] R A HALL EL (http://beevilleisd.net)
00:10:11 INFO       Found directory at http://beevilleisd.net/directory
00:10:13 INFO       \u2192 0 art teacher(s) found. Status: no_art_teachers_found
00:10:13 INFO       \u2192 0 new staff records saved.
00:10:18 INFO     [1718/9192] MORENO J H (http://beevilleisd.net)
00:10:27 INFO       Found directory at http://beevilleisd.net/directory
00:10:29 INFO       \u2192 0 art teacher(s) found. Status: no_art_teachers_found
00:10:29 INFO       \u2192 0 new staff records saved.
00:10:34 INFO     [1719/9192] A C JONES H S (http://beevilleisd.net)
00:10:42 INFO       Found directory at http://beevilleisd.net/directory
00:10:44 INFO       \u2192 0 art teacher(s) found. Status: no_art_teachers_found
00:10:44 INFO       \u2192 0 new staff records saved.
00:10:49 INFO     [1720/9192] HAMPTON-MORENO-DUGAT EARLY CHILDHOOD CENTER (http://beevilleisd.net)
00:10:57 INFO       Found directory at http://beevilleisd.net/directory
00:10:59 INFO       \u2192 0 art teacher(s) found. Status: no_art_teachers_found
00:10:59 INFO       \u2192 0 new staff records saved.
00:11:04 INFO     [1721/9192] BELLEVUE SCHOOL (http://www.bellevueisd.org)
00:11:18 INFO       \u2192 0 art teacher(s) found. Status: no_directory_found
00:11:18 INFO       \u2192 0 new staff records saved.
00:11:20 INFO     [1722/9192] BELLS EL (None)
00:11:20 INFO       \u2192 0 art teacher(s) found. Status: no_url
00:11:20 INFO       \u2192 0 new staff records saved.
00:11:23 INFO     [1723/9192] BELLS H S (http://BELLSISD.NET)
00:11:38 INFO       \u2192 0 art teacher(s) found. Status: no_directory_found
00:11:38 INFO       \u2192 0 new staff records saved.
00:11:43 INFO     [1724/9192] PRITCHARD J H (None)
00:11:43 INFO       \u2192 0 art teacher(s) found. Status: no_url
00:11:43 INFO       \u2192 0 new staff records saved.
00:11:45 INFO     [1725/9192] BELLVILLE H S (http://www.bellvilleisd.org)
00:11:59 INFO       \u2192 0 art teacher(s) found. Status: no_directory_found
00:11:59 INFO       \u2192 0 new staff records saved.
00:12:04 INFO     [1726/9192] BELLVILLE J H (http://www.bellvilleisd.org)
00:12:17 INFO       \u2192 0 art teacher(s) found. Status: no_directory_found
00:12:17 INFO       \u2192 0 new staff records saved.
00:12:22 INFO     [1727/9192] O'BRYANT PRI (http://www.bellvilleisd.org)
00:12:36 INFO       \u2192 0 art teacher(s) found. Status: no_directory_found
00:12:36 INFO       \u2192 0 new staff records saved.
00:12:41 INFO     [1728/9192] WEST END EL (http://www.bellvilleisd.org)
00:12:54 INFO       \u2192 0 art teacher(s) found. Status: no_directory_found
00:12:54 INFO       \u2192 0 new staff records saved.
00:12:59 INFO     [1729/9192] O'BRYANT INT (http://www.bellville.k12.tx.us)
00:13:03 INFO       \u2192 0 art teacher(s) found. Status: robots_blocked
00:13:03 INFO       \u2192 0 new staff records saved.
00:13:06 INFO     [1730/9192] SPICER ALTER ED CTR (http://www.bellvilleisd.org)
00:13:19 INFO       \u2192 0 art teacher(s) found. Status: no_directory_found
00:13:19 INFO       \u2192 0 new staff records saved.
00:13:24 INFO     [1731/9192] BELTON H S (http://www.bisd.net)
00:13:26 INFO       Found directory at http://www.bisd.net/staff
00:13:27 INFO       \u2192 0 art teacher(s) found. Status: no_art_teachers_found
00:13:27 INFO       \u2192 0 new staff records saved.
00:13:32 INFO     [1732/9192] LEON HEIGHTS EL (http://www.bisd.net)
00:13:33 INFO       Found directory at http://www.bisd.net/staff
00:13:35 INFO       \u2192 0 art teacher(s) found. Status: no_art_teachers_found
00:13:35 INFO       \u2192 0 new staff records saved.
00:13:40 INFO     [1733/9192] SOUTHWEST EL (http://www.bisd.net)
00:13:41 INFO       Found directory at http://www.bisd.net/staff
00:13:43 INFO       \u2192 0 art teacher(s) found. Status: no_art_teachers_found
00:13:43 INFO       \u2192 0 new staff records saved.
00:13:48 INFO     [1734/9192] LAKEWOOD EL (http://www.bisd.net)
00:13:49 INFO       Found directory at http://www.bisd.net/staff
00:13:51 INFO       \u2192 0 art teacher(s) found. Status: no_art_teachers_found
00:13:51 INFO       \u2192 0 new staff records saved.
00:13:56 INFO     [1735/9192] SPARTA EL (http://www.bisd.net)
00:13:57 INFO       Found directory at http://www.bisd.net/staff
00:13:59 INFO       \u2192 0 art teacher(s) found. Status: no_art_teachers_found
00:13:59 INFO       \u2192 0 new staff records saved.
00:14:04 INFO     [1736/9192] JOE M PIRTLE EL (http://www.bisd.net)
00:14:05 INFO       Found directory at http://www.bisd.net/staff
00:14:07 INFO       \u2192 0 art teacher(s) found. Status: no_art_teachers_found
00:14:07 INFO       \u2192 0 new staff records saved.
00:14:12 INFO     [1737/9192] LAKE BELTON MIDDLE (http://www.bisd.net)
00:14:13 INFO       Found directory at http://www.bisd.net/staff
00:14:14 INFO       \u2192 0 art teacher(s) found. Status: no_art_teachers_found
00:14:14 INFO       \u2192 0 new staff records saved.
00:14:19 INFO     [1738/9192] TARVER EL (http://www.bisd.net)
00:14:21 INFO       Found directory at http://www.bisd.net/staff
00:14:22 INFO       \u2192 0 art teacher(s) found. Status: no_art_teachers_found
00:14:22 INFO       \u2192 0 new staff records saved.
00:14:27 INFO     [1739/9192] SOUTH BELTON MIDDLE (None)
00:14:27 INFO       \u2192 0 art teacher(s) found. Status: no_url
00:14:27 INFO       \u2192 0 new staff records saved.
00:14:30 INFO     [1740/9192] NORTH BELTON MIDDLE (http://WWW.BISD.NET)
00:14:31 INFO       Found directory at http://WWW.BISD.NET/staff
00:14:34 INFO       \u2192 0 art teacher(s) found. Status: no_art_teachers_found
00:14:34 INFO       \u2192 0 new staff records saved.
00:14:39 INFO     [1741/9192] CHISHOLM TRAIL EL (http://www.bisd.net)
00:14:40 INFO       Found directory at http://www.bisd.net/staff
00:14:42 INFO       \u2192 0 art teacher(s) found. Status: no_art_teachers_found
00:14:42 INFO       \u2192 0 new staff records saved.
00:14:47 INFO     [1742/9192] HIGH POINT EL (None)
00:14:47 INFO       \u2192 0 art teacher(s) found. Status: no_url
00:14:47 INFO       \u2192 0 new staff records saved.
00:14:49 INFO     [1743/9192] BELTON EARLY CHILDHOOD SCHOOL (http://www.bisd.net)
00:14:51 INFO       Found directory at http://www.bisd.net/staff
00:14:52 INFO       \u2192 0 art teacher(s) found. Status: no_art_teachers_found
00:14:52 INFO       \u2192 0 new staff records saved.
00:14:57 INFO     [1744/9192] CHARTER OAK EL (http://www.bisd.net)
00:14:59 INFO       Found directory at http://www.bisd.net/staff
00:15:00 INFO       \u2192 0 art teacher(s) found. Status: no_art_teachers_found
00:15:00 INFO       \u2192 0 new staff records saved.
00:15:05 INFO     [1745/9192] BELTON MIDDLE (http://WWW.BISD.NET)
00:15:06 INFO       Found directory at http://WWW.BISD.NET/staff
00:15:08 INFO       \u2192 0 art teacher(s) found. Status: no_art_teachers_found
00:15:08 INFO       \u2192 0 new staff records saved.
00:15:13 INFO     [1746/9192] LAKE BELTON H S (http://WWW.BISD.NET)
00:15:14 INFO       Found directory at http://WWW.BISD.NET/staff
00:15:16 INFO       \u2192 0 art teacher(s) found. Status: no_art_teachers_found
00:15:16 INFO       \u2192 0 new staff records saved.
00:15:21 INFO     [1747/9192] BELTON NEW TECH H S AT WASKOW (http://www.bisd.net)
00:15:22 INFO       Found directory at http://www.bisd.net/staff
00:15:24 INFO       \u2192 0 art teacher(s) found. Status: no_art_teachers_found
00:15:24 INFO       \u2192 0 new staff records saved.
00:15:29 INFO     [1748/9192] JAMES L BURRELL EL (None)
00:15:29 INFO       \u2192 0 art teacher(s) found. Status: no_url
00:15:29 INFO       \u2192 0 new staff records saved.
00:15:31 INFO     [1749/9192] HUBBARD BRANCH EL (None)
00:15:31 INFO       \u2192 0 art teacher(s) found. Status: no_url
00:15:31 INFO       \u2192 0 new staff records saved.
00:15:34 INFO     [1750/9192] DISTRICT ALTERNATIVE EDUCATION PROGRAM (None)
00:15:34 INFO       \u2192 0 art teacher(s) found. Status: no_url
00:15:34 INFO       \u2192 0 new staff records saved.
00:15:36 INFO     [1751/9192] BEN BOLT-PALITO BLANCO H S (http://www.bbpbschools.net/)
00:15:54 INFO       \u2192 0 art teacher(s) found. Status: no_directory_found
00:15:54 INFO       \u2192 0 new staff records saved.
00:15:59 INFO     [1752/9192] BEN BOLT-PALITO BLANCO EL (http://www.bbpbschools.net/)
00:16:13 INFO       \u2192 0 art teacher(s) found. Status: no_directory_found
00:16:13 INFO       \u2192 0 new staff records saved.
00:16:18 INFO     [1753/9192] BENJAMIN SCHOOL (http://www.benjaminisd.net)
00:16:23 INFO       Found directory at http://www.benjaminisd.net/faculty-directory
00:16:24 INFO       \u2192 0 art teacher(s) found. Status: no_art_teachers_found
00:16:24 INFO       \u2192 0 new staff records saved.
00:16:29 INFO     [1754/9192] BIG SANDY EL (http://www.bigsandyisd.org)
00:16:32 INFO       Found directory at http://www.bigsandyisd.org/staff
00:16:40 INFO       \u2192 0 art teacher(s) found. Status: no_art_teachers_found
00:16:40 INFO       \u2192 0 new staff records saved.
00:16:42 INFO     [1755/9192] BIG SANDY H S (None)
00:16:42 INFO       \u2192 0 art teacher(s) found. Status: no_url
00:16:42 INFO       \u2192 0 new staff records saved.
00:16:45 INFO     [1756/9192] BIG SANDY J H (http://www.bigsandyisd.org)
00:16:47 INFO       Found directory at http://www.bigsandyisd.org/staff
00:16:54 INFO       \u2192 0 art teacher(s) found. Status: no_art_teachers_found
00:16:54 INFO       \u2192 0 new staff records saved.
00:16:57 INFO     [1757/9192] BIG SANDY SCHOOL (http://www.bigsandyisd.net)
00:16:58 INFO       Found directory at http://www.bigsandyisd.net/staff
00:17:00 INFO       \u2192 0 art teacher(s) found. Status: no_art_teachers_found
00:17:00 INFO       \u2192 0 new staff records saved.
00:17:05 INFO     [1758/9192] BIG SPRING H S (http://www.bsisd.esc18.net)
00:17:33 INFO       \u2192 0 art teacher(s) found. Status: no_directory_found
00:17:33 INFO       \u2192 0 new staff records saved.
00:17:38 INFO     [1759/9192] MARCY EL (http://www.bsisd.esc18.net)
00:17:51 INFO       \u2192 0 art teacher(s) found. Status: no_directory_found
00:17:51 INFO       \u2192 0 new staff records saved.
00:17:56 INFO     [1760/9192] MOSS EL (http://www.bsisd.esc18.net)
00:18:09 INFO       \u2192 0 art teacher(s) found. Status: no_directory_found
00:18:09 INFO       \u2192 0 new staff records saved.
00:18:14 INFO     [1761/9192] WASHINGTON EL (http://www.bsisd.esc18.net)
00:18:27 INFO       \u2192 0 art teacher(s) found. Status: no_directory_found
00:18:27 INFO       \u2192 0 new staff records saved.
00:18:32 INFO     [1762/9192] BIG SPRING J H (http://www.bsisd.esc18.net)
00:18:45 INFO       \u2192 0 art teacher(s) found. Status: no_directory_found
00:18:45 INFO       \u2192 0 new staff records saved.
00:18:50 INFO     [1763/9192] BIG SPRING DAEP (http://www.bsisd.esc18.net)
