23:35:47 INFO     Scraping 1326 schools…
23:35:48 INFO     [1/1326] Hiawatha Elem (http://www.hiawathaschools.org)
23:36:03 INFO       \u2192 0 art teacher(s) found. Status: no_directory_found
23:36:03 INFO       \u2192 0 new staff records saved.
23:36:06 INFO     [2/1326] Hiawatha Sr High (http://www.hiawathaschools.org)
23:36:21 INFO       \u2192 0 art teacher(s) found. Status: no_directory_found
23:36:21 INFO       \u2192 0 new staff records saved.
23:36:23 INFO     [3/1326] Hiawatha Middle School (http://www.hiawathaschools.org)
23:36:36 INFO       \u2192 0 art teacher(s) found. Status: no_directory_found
23:36:36 INFO       \u2192 0 new staff records saved.
23:36:38 INFO     [4/1326] Smith Center Elem (http://www.usd237.org)
23:36:54 INFO       \u2192 0 art teacher(s) found. Status: no_directory_found
23:36:54 INFO       \u2192 0 new staff records saved.
23:36:56 INFO     [5/1326] Smith Center Jr Sr High (http://www.usd237.org)
23:37:10 INFO       \u2192 0 art teacher(s) found. Status: no_directory_found
23:37:10 INFO       \u2192 0 new staff records saved.
23:37:13 INFO     [6/1326] Hanover Elem (http://www.usd223.org)
23:37:14 INFO       Found directory at http://www.usd223.org/staff
23:37:34 INFO       \u2192 0 art teacher(s) found. Status: timeout
23:37:34 INFO       \u2192 0 new staff records saved.
23:37:37 INFO     [7/1326] Hanover High (http://www.usd223.org)
23:37:38 INFO       Found directory at http://www.usd223.org/staff
23:37:59 INFO       \u2192 0 art teacher(s) found. Status: timeout
23:37:59 INFO       \u2192 0 new staff records saved.
23:38:01 INFO     [8/1326] Linn Elem (http://www.usd223.org)
23:38:03 INFO       Found directory at http://www.usd223.org/staff
23:38:23 INFO       \u2192 0 art teacher(s) found. Status: timeout
23:38:23 INFO       \u2192 0 new staff records saved.
23:38:25 INFO     [9/1326] Linn High (http://www.usd223.org)
23:38:27 INFO       Found directory at http://www.usd223.org/staff
23:38:47 INFO       \u2192 0 art teacher(s) found. Status: timeout
23:38:47 INFO       \u2192 0 new staff records saved.
23:38:49 INFO     [10/1326] Winona Elem (None)
23:38:49 INFO       \u2192 0 art teacher(s) found. Status: no_url
23:38:49 INFO       \u2192 0 new staff records saved.
23:38:52 INFO     [11/1326] Winona High (http://www.triplains.weebly.com)
23:38:53 INFO       Found directory at http://www.triplains.weebly.com/staff
23:38:54 INFO       \u2192 0 art teacher(s) found. Status: no_art_teachers_found
23:38:54 INFO       \u2192 0 new staff records saved.
23:38:56 INFO     [12/1326] Central Heights High (http://www.usd288.org)
23:38:58 INFO       Found directory at http://www.usd288.org/staff
23:39:18 INFO       \u2192 0 art teacher(s) found. Status: timeout
23:39:18 INFO       \u2192 0 new staff records saved.
23:39:21 INFO     [13/1326] Central Heights Elem (http://www.usd288.org)
23:39:22 INFO       Found directory at http://www.usd288.org/staff
23:39:42 INFO       \u2192 0 art teacher(s) found. Status: timeout
23:39:42 INFO       \u2192 0 new staff records saved.
23:39:45 INFO     [14/1326] Garfield Elem (http://www.usd290.org)
23:39:46 INFO       Found directory at http://www.usd290.org/staff
23:40:06 INFO       \u2192 0 art teacher(s) found. Status: timeout
23:40:06 INFO       \u2192 0 new staff records saved.
23:40:09 INFO     [15/1326] Lincoln Elem (http://www.usd290.org)
23:40:10 INFO       Found directory at http://www.usd290.org/staff
23:40:31 INFO       \u2192 0 art teacher(s) found. Status: timeout
23:40:31 INFO       \u2192 0 new staff records saved.
23:40:33 INFO     [16/1326] Ottawa Middle School (http://www.usd290.org)
23:40:36 INFO       Found directory at http://www.usd290.org/staff
23:40:56 INFO       \u2192 0 art teacher(s) found. Status: timeout
23:40:56 INFO       \u2192 0 new staff records saved.
23:40:59 INFO     [17/1326] Ottawa Sr High (http://www.usd290.org)
23:41:00 INFO       Found directory at http://www.usd290.org/staff
23:41:20 INFO       \u2192 0 art teacher(s) found. Status: timeout
23:41:20 INFO       \u2192 0 new staff records saved.
23:41:23 INFO     [18/1326] Sunflower Elementary School (http://www.usd290.org)
23:41:24 INFO       Found directory at http://www.usd290.org/staff
23:41:45 INFO       \u2192 0 art teacher(s) found. Status: timeout
23:41:45 INFO       \u2192 0 new staff records saved.
23:41:47 INFO     [19/1326] Ottawa Virtual School (http://www.usd290.org)
23:41:49 INFO       Found directory at http://www.usd290.org/staff
23:42:09 INFO       \u2192 0 art teacher(s) found. Status: timeout
23:42:09 INFO       \u2192 0 new staff records saved.
23:42:11 INFO     [20/1326] Marysville Jr/Sr High (http://www.usd364.org)
23:42:13 INFO       Found directory at http://www.usd364.org/staff
23:42:33 INFO       \u2192 0 art teacher(s) found. Status: timeout
23:42:33 INFO       \u2192 0 new staff records saved.
23:42:35 INFO     [21/1326] Marysville Elem (http://www.usd364.org)
23:42:37 INFO       Found directory at http://www.usd364.org/staff
23:42:57 INFO       \u2192 0 art teacher(s) found. Status: timeout
23:42:57 INFO       \u2192 0 new staff records saved.
23:42:59 INFO     [22/1326] Scott City Lower Elem (http://www.usd466.com/)
23:43:01 INFO       Found directory at http://www.usd466.com/staff
23:43:02 INFO       \u2192 0 art teacher(s) found. Status: no_art_teachers_found
23:43:02 INFO       \u2192 0 new staff records saved.
23:43:05 INFO     [23/1326] Scott City Middle (http://www.usd466.com/)
23:43:06 INFO       Found directory at http://www.usd466.com/staff
23:43:08 INFO       \u2192 0 art teacher(s) found. Status: no_art_teachers_found
23:43:08 INFO       \u2192 0 new staff records saved.
23:43:10 INFO     [24/1326] Scott City High (http://www.usd466.com/)
23:43:12 INFO       Found directory at http://www.usd466.com/staff
23:43:13 INFO       \u2192 0 art teacher(s) found. Status: no_art_teachers_found
23:43:13 INFO       \u2192 0 new staff records saved.
23:43:15 INFO     [25/1326] School for Blind Elementary (http://kssb.net)
23:44:37 INFO       \u2192 0 art teacher(s) found. Status: no_directory_found
23:44:37 INFO       \u2192 0 new staff records saved.
23:44:40 INFO     [26/1326] School for Blind High (http://kssb.net)
23:45:46 INFO       \u2192 0 art teacher(s) found. Status: no_directory_found
23:45:46 INFO       \u2192 0 new staff records saved.
23:45:49 INFO     [27/1326] School for Deaf Elementary (http://www.ksdeaf.org)
23:45:54 INFO       \u2192 0 art teacher(s) found. Status: no_directory_found
23:45:54 INFO       \u2192 0 new staff records saved.
23:45:57 INFO     [28/1326] School for Deaf High (http://www.ksdeaf.org)
23:46:02 INFO       \u2192 0 art teacher(s) found. Status: no_directory_found
23:46:02 INFO       \u2192 0 new staff records saved.
23:46:04 INFO     [29/1326] Western Plains North Elem (http://www.usd106.org)
23:46:06 INFO       Found directory at http://www.usd106.org/staff
23:46:26 INFO       \u2192 0 art teacher(s) found. Status: timeout
23:46:26 INFO       \u2192 0 new staff records saved.
23:46:29 INFO     [30/1326] Western Plains High (http://www.usd106.org)
23:46:31 INFO       Found directory at http://www.usd106.org/staff
23:46:51 INFO       \u2192 0 art teacher(s) found. Status: timeout
23:46:51 INFO       \u2192 0 new staff records saved.
23:46:53 INFO     [31/1326] Western Plains South Elem/Jr High (http://www.usd106.org)
23:46:55 INFO       Found directory at http://www.usd106.org/staff
23:47:15 INFO       \u2192 0 art teacher(s) found. Status: timeout
23:47:15 INFO       \u2192 0 new staff records saved.
23:47:17 INFO     [32/1326] St. Hosp. Training Center Parsons (http://www.greenbush.org/student-learning-services/day-programs/)
23:47:17 INFO       \u2192 0 art teacher(s) found. Status: robots_blocked
23:47:17 INFO       \u2192 0 new staff records saved.
23:47:20 INFO     [33/1326] Rawlins County Elementary (http://www.usd105.org)
23:47:22 INFO       Found directory at http://www.usd105.org/staff
23:47:42 INFO       \u2192 0 art teacher(s) found. Status: timeout
23:47:42 INFO       \u2192 0 new staff records saved.
23:47:44 INFO     [34/1326] Rawlins County Jr/Sr High School (http://www.usd105.org)
23:47:46 INFO       Found directory at http://www.usd105.org/staff
23:48:06 INFO       \u2192 0 art teacher(s) found. Status: timeout
23:48:06 INFO       \u2192 0 new staff records saved.
23:48:09 INFO     [35/1326] Lawrence Gardner High School (None)
23:48:09 INFO       \u2192 0 art teacher(s) found. Status: no_url
23:48:09 INFO       \u2192 0 new staff records saved.
23:48:11 INFO     [36/1326] Washington County High School (http://www.usd108.org)
23:48:13 INFO       Found directory at http://www.usd108.org/staff
23:48:33 INFO       \u2192 0 art teacher(s) found. Status: timeout
23:48:33 INFO       \u2192 0 new staff records saved.
23:48:36 INFO     [37/1326] Washington Elementary (http://www.usd108.org)
23:48:37 INFO       Found directory at http://www.usd108.org/staff
23:48:57 INFO       \u2192 0 art teacher(s) found. Status: timeout
23:48:57 INFO       \u2192 0 new staff records saved.
23:49:00 INFO     [38/1326] Rock Hills Elementary School (http://www.usd107.org)
23:49:14 INFO       \u2192 0 art teacher(s) found. Status: no_directory_found
23:49:14 INFO       \u2192 0 new staff records saved.
23:49:17 INFO     [39/1326] Rock Hills Jr/Sr High School (http://www.usd107.org)
23:49:32 INFO       \u2192 0 art teacher(s) found. Status: no_directory_found
23:49:32 INFO       \u2192 0 new staff records saved.
23:49:34 INFO     [40/1326] Belleville East Elementary (http://www.usd109.org)
23:49:36 INFO       Found directory at http://www.usd109.org/staff
23:49:56 INFO       \u2192 0 art teacher(s) found. Status: timeout
23:49:56 INFO       \u2192 0 new staff records saved.
23:49:59 INFO     [41/1326] Republic County Jr./Sr. High School (http://www.usd109.org)
23:50:00 INFO       Found directory at http://www.usd109.org/staff
23:50:20 INFO       \u2192 0 art teacher(s) found. Status: timeout
23:50:20 INFO       \u2192 0 new staff records saved.
23:50:23 INFO     [42/1326] THUNDER RIDGE MIDDLE SCHOOL (http://usd110.net)
23:50:25 INFO       Found directory at http://usd110.net/staff
23:50:27 INFO       \u2192 0 art teacher(s) found. Status: no_art_teachers_found
23:50:27 INFO       \u2192 0 new staff records saved.
23:50:29 INFO     [43/1326] THUNDER RIDGE ELEMENTARY (http://usd110.net)
23:50:31 INFO       Found directory at http://usd110.net/staff
23:50:33 INFO       \u2192 0 art teacher(s) found. Status: no_art_teachers_found
23:50:33 INFO       \u2192 0 new staff records saved.
23:50:35 INFO     [44/1326] THUNDER RIDGE HIGH SCHOOL (http://usd110.net)
23:50:38 INFO       Found directory at http://usd110.net/staff
23:50:39 INFO       \u2192 0 art teacher(s) found. Status: no_art_teachers_found
23:50:39 INFO       \u2192 0 new staff records saved.
23:50:42 INFO     [45/1326] Doniphan West JR/SR High School (http://www.usd111.org)
23:50:44 INFO       Found directory at http://www.usd111.org/staff
23:51:04 INFO       \u2192 0 art teacher(s) found. Status: timeout
23:51:04 INFO       \u2192 0 new staff records saved.
23:51:06 INFO     [46/1326] Doniphan West Elementary School (http://www.usd111.org)
23:51:08 INFO       Found directory at http://www.usd111.org/staff
23:51:28 INFO       \u2192 0 art teacher(s) found. Status: timeout
23:51:28 INFO       \u2192 0 new staff records saved.
23:51:30 INFO     [47/1326] Wilson Elementary School (http://www.usd112.org)
23:51:34 INFO       Found directory at http://www.usd112.org/staff
23:51:54 INFO       \u2192 0 art teacher(s) found. Status: timeout
23:51:54 INFO       \u2192 0 new staff records saved.
23:51:57 INFO     [48/1326] Central Plains Jr. Sr. High School (http://www.usd112.org)
23:51:59 INFO       Found directory at http://www.usd112.org/staff
23:52:19 INFO       \u2192 0 art teacher(s) found. Status: timeout
23:52:19 INFO       \u2192 0 new staff records saved.
23:52:21 INFO     [49/1326] Central Plains Elementary School - Holyrood (http://www.usd112.org)
23:52:23 INFO       Found directory at http://www.usd112.org/staff
23:52:43 INFO       \u2192 0 art teacher(s) found. Status: timeout
23:52:43 INFO       \u2192 0 new staff records saved.
23:52:45 INFO     [50/1326] Central Plains Adult Diploma Program (http://www.kansasdiploma.com/)
23:52:45 INFO       \u2192 0 art teacher(s) found. Status: robots_blocked
23:52:45 INFO       \u2192 0 new staff records saved.
23:52:48 INFO     [51/1326] Sabetha Elementary School (None)
23:52:48 INFO       \u2192 0 art teacher(s) found. Status: no_url
23:52:48 INFO       \u2192 0 new staff records saved.
23:52:50 INFO     [52/1326] Sabetha High School (http://www.usd113.org/pages/shs/default.html)
23:53:04 INFO       \u2192 0 art teacher(s) found. Status: no_directory_found
23:53:04 INFO       \u2192 0 new staff records saved.
23:53:06 INFO     [53/1326] Axtell High (http://www.usd113.org/vnews/display.v/SEC/Axtell)
23:53:34 INFO       \u2192 0 art teacher(s) found. Status: no_directory_found
23:53:34 INFO       \u2192 0 new staff records saved.
23:53:36 INFO     [54/1326] Sabetha Middle School (http://www.usd113.org/vnews/display.v/SEC/Sabetha%20MS)
23:56:27 INFO       \u2192 0 art teacher(s) found. Status: no_directory_found
23:56:27 INFO       \u2192 0 new staff records saved.
23:56:29 INFO     [55/1326] Axtell Elementary School (http://www.usd113.org/vnews/display.v/SEC/Axtell)
23:59:20 INFO       \u2192 0 art teacher(s) found. Status: no_directory_found
23:59:20 INFO       \u2192 0 new staff records saved.
23:59:22 INFO     [56/1326] Riverside Middle School (http://www.usd114.org)
23:59:24 INFO       Found directory at http://www.usd114.org/staff
23:59:44 INFO       \u2192 0 art teacher(s) found. Status: timeout
23:59:44 INFO       \u2192 0 new staff records saved.
23:59:47 INFO     [57/1326] Riverside Primary School (http://www.usd114.org)
23:59:48 INFO       Found directory at http://www.usd114.org/staff
00:00:08 INFO       \u2192 0 art teacher(s) found. Status: timeout
00:00:08 INFO       \u2192 0 new staff records saved.
00:00:11 INFO     [58/1326] Riverside Intermediate (http://www.usd114.org)
00:00:12 INFO       Found directory at http://www.usd114.org/staff
00:00:32 INFO       \u2192 0 art teacher(s) found. Status: timeout
00:00:32 INFO       \u2192 0 new staff records saved.
00:00:35 INFO     [59/1326] Riverside High School (http://www.usd114.org)
00:00:37 INFO       Found directory at http://www.usd114.org/staff
00:00:57 INFO       \u2192 0 art teacher(s) found. Status: timeout
00:00:57 INFO       \u2192 0 new staff records saved.
00:00:59 INFO     [60/1326] Riverside Virtual High School (http://www.usd114.org)
00:01:01 INFO       Found directory at http://www.usd114.org/staff
00:01:21 INFO       \u2192 0 art teacher(s) found. Status: timeout
00:01:21 INFO       \u2192 0 new staff records saved.
00:01:23 INFO     [61/1326] Nemaha Central Elementary and Middle School (http://www.usd115.org)
00:01:26 INFO       Found directory at http://www.usd115.org/staff
00:01:46 INFO       \u2192 0 art teacher(s) found. Status: timeout
00:01:46 INFO       \u2192 0 new staff records saved.
00:01:48 INFO     [62/1326] Nemaha Central High School (http://www.usd115.org)
00:01:50 INFO       Found directory at http://www.usd115.org/staff
00:02:10 INFO       \u2192 0 art teacher(s) found. Status: timeout
00:02:10 INFO       \u2192 0 new staff records saved.
00:02:12 INFO     [63/1326] Dwight D. Eisenhower Elementary (http://www.abileneschools.org)
00:02:14 INFO       Found directory at http://www.abileneschools.org/staff
00:02:34 INFO       \u2192 0 art teacher(s) found. Status: timeout
00:02:34 INFO       \u2192 0 new staff records saved.
00:02:37 INFO     [64/1326] Kennedy Elem (http://www.abileneschools.org)
00:02:38 INFO       Found directory at http://www.abileneschools.org/staff
00:02:58 INFO       \u2192 0 art teacher(s) found. Status: timeout
00:02:58 INFO       \u2192 0 new staff records saved.
00:03:01 INFO     [65/1326] McKinley Elem (http://www.abileneschools.org)
00:03:02 INFO       Found directory at http://www.abileneschools.org/staff
00:03:22 INFO       \u2192 0 art teacher(s) found. Status: timeout
00:03:22 INFO       \u2192 0 new staff records saved.
00:03:25 INFO     [66/1326] Abilene Middle School (http://www.abileneschools.org)
00:03:27 INFO       Found directory at http://www.abileneschools.org/staff
00:03:47 INFO       \u2192 0 art teacher(s) found. Status: timeout
00:03:47 INFO       \u2192 0 new staff records saved.
00:03:49 INFO     [67/1326] Abilene High School (http://www.abileneschools.org)
00:03:51 INFO       Found directory at http://www.abileneschools.org/staff
00:04:11 INFO       \u2192 0 art teacher(s) found. Status: timeout
00:04:11 INFO       \u2192 0 new staff records saved.
00:04:14 INFO     [68/1326] Abilene Virtual School (http://www.abileneschools.org)
00:04:15 INFO       Found directory at http://www.abileneschools.org/staff
00:04:35 INFO       \u2192 0 art teacher(s) found. Status: timeout
00:04:35 INFO       \u2192 0 new staff records saved.
00:04:38 INFO     [69/1326] Auburn Elementary (http://www.auburnelementary.net)
00:04:48 INFO       Found directory at http://www.auburnelementary.net/contact
00:04:50 INFO       \u2192 0 art teacher(s) found. Status: no_art_teachers_found
00:04:50 INFO       \u2192 0 new staff records saved.
00:04:52 INFO     [70/1326] Pauline Central Primary (http://www.paulinecentral.net)
00:05:02 INFO       Found directory at http://www.paulinecentral.net/contact
00:05:04 INFO       \u2192 0 art teacher(s) found. Status: no_art_teachers_found
00:05:04 INFO       \u2192 0 new staff records saved.
00:05:07 INFO     [71/1326] Pauline South Intermediate (http://www.paulinesouth.net)
00:05:16 INFO       Found directory at http://www.paulinesouth.net/contact
00:05:18 INFO       \u2192 0 art teacher(s) found. Status: no_art_teachers_found
00:05:18 INFO       \u2192 0 new staff records saved.
00:05:21 INFO     [72/1326] Wanamaker Elem (http://www.wanamakerelementary.net)
00:05:30 INFO       Found directory at http://www.wanamakerelementary.net/contact
00:05:32 INFO       \u2192 0 art teacher(s) found. Status: no_art_teachers_found
00:05:32 INFO       \u2192 0 new staff records saved.
00:05:35 INFO     [73/1326] Jay Shideler Elementary (http://www.jayshideler.net)
00:05:44 INFO       Found directory at http://www.jayshideler.net/contact
00:05:46 INFO       \u2192 0 art teacher(s) found. Status: no_art_teachers_found
00:05:46 INFO       \u2192 0 new staff records saved.
00:05:49 INFO     [74/1326] Washburn Rural High (http://www.wrhs.net)
00:05:59 INFO       Found directory at http://www.wrhs.net/contact
00:06:02 INFO       \u2192 0 art teacher(s) found. Status: no_art_teachers_found
00:06:02 INFO       \u2192 0 new staff records saved.
00:06:05 INFO     [75/1326] Indian Hills Elementary (http://www.indianhillselementary.net)
00:06:15 INFO       Found directory at http://www.indianhillselementary.net/contact
00:06:17 INFO       \u2192 0 art teacher(s) found. Status: no_art_teachers_found
00:06:17 INFO       \u2192 0 new staff records saved.
00:06:19 INFO     [76/1326] Washburn Rural Middle School (http://www.wrms.net)
00:06:29 INFO       Found directory at http://www.wrms.net/contact
00:06:32 INFO       \u2192 0 art teacher(s) found. Status: no_art_teachers_found
00:06:32 INFO       \u2192 0 new staff records saved.
00:06:34 INFO     [77/1326] Farley Elementary (http://www.farleyelementary.net)
00:06:44 INFO       Found directory at http://www.farleyelementary.net/contact
00:06:46 INFO       \u2192 0 art teacher(s) found. Status: no_art_teachers_found
00:06:46 INFO       \u2192 0 new staff records saved.
00:06:49 INFO     [78/1326] NLC Elementary School (http://www.usd251.org)
00:06:51 INFO       Found directory at http://www.usd251.org/staff
00:07:11 INFO       \u2192 0 art teacher(s) found. Status: timeout
00:07:11 INFO       \u2192 0 new staff records saved.
00:07:13 INFO     [79/1326] Northern Heights (http://www.usd251.org)
00:07:15 INFO       Found directory at http://www.usd251.org/staff
00:07:35 INFO       \u2192 0 art teacher(s) found. Status: timeout
00:07:35 INFO       \u2192 0 new staff records saved.
00:07:37 INFO     [80/1326] Wabaunsee Elementary School (http://www.usd329.org)
00:07:39 INFO       Found directory at http://www.usd329.org/staff
00:07:59 INFO       \u2192 0 art teacher(s) found. Status: timeout
00:07:59 INFO       \u2192 0 new staff records saved.
00:08:02 INFO     [81/1326] Wabaunsee Sr High (http://www.usd329.org)
00:08:04 INFO       Found directory at http://www.usd329.org/staff
00:08:24 INFO       \u2192 0 art teacher(s) found. Status: timeout
00:08:24 INFO       \u2192 0 new staff records saved.
00:08:26 INFO     [82/1326] Wabaunsee Junior High (http://www.usd329.org)
00:08:28 INFO       Found directory at http://www.usd329.org/staff
00:08:48 INFO       \u2192 0 art teacher(s) found. Status: timeout
00:08:48 INFO       \u2192 0 new staff records saved.
00:08:50 INFO     [83/1326] Almena Elem (http://www.nvhuskies.org)
00:08:52 INFO       Found directory at http://www.nvhuskies.org/staff
00:09:12 INFO       \u2192 0 art teacher(s) found. Status: timeout
00:09:12 INFO       \u2192 0 new staff records saved.
00:09:15 INFO     [84/1326] Northern Valley High (http://www.nvhuskies.org)
00:09:16 INFO       Found directory at http://www.nvhuskies.org/staff
00:09:36 INFO       \u2192 0 art teacher(s) found. Status: timeout
00:09:36 INFO       \u2192 0 new staff records saved.
00:09:39 INFO     [85/1326] Long Island Middle School (http://www.nvhuskies.org)
00:09:40 INFO       Found directory at http://www.nvhuskies.org/staff
00:10:00 INFO       \u2192 0 art teacher(s) found. Status: timeout
00:10:00 INFO       \u2192 0 new staff records saved.
00:10:03 INFO     [86/1326] Altamont Elem (http://www.usd506.org)
00:10:03 INFO       \u2192 0 art teacher(s) found. Status: robots_blocked
00:10:03 INFO       \u2192 0 new staff records saved.
00:10:05 INFO     [87/1326] Labette County High School (http://www.usd506.org)
00:10:05 INFO       \u2192 0 art teacher(s) found. Status: robots_blocked
00:10:05 INFO       \u2192 0 new staff records saved.
00:10:08 INFO     [88/1326] Bartlett Elem (http://www.usd506.org)
00:10:08 INFO       \u2192 0 art teacher(s) found. Status: robots_blocked
00:10:08 INFO       \u2192 0 new staff records saved.
00:10:10 INFO     [89/1326] Edna Elem (http://www.usd506.org)
00:10:10 INFO       \u2192 0 art teacher(s) found. Status: robots_blocked
00:10:10 INFO       \u2192 0 new staff records saved.
00:10:13 INFO     [90/1326] Meadowview Elem (http://www.usd506.org)
00:10:13 INFO       \u2192 0 art teacher(s) found. Status: robots_blocked
00:10:13 INFO       \u2192 0 new staff records saved.
00:10:15 INFO     [91/1326] Mound Valley Elem (http://www.usd506.org)
00:10:15 INFO       \u2192 0 art teacher(s) found. Status: robots_blocked
00:10:15 INFO       \u2192 0 new staff records saved.
00:10:18 INFO     [92/1326] Labette County Virtual School (http://www.usd506.org)
00:10:18 INFO       \u2192 0 art teacher(s) found. Status: robots_blocked
00:10:18 INFO       \u2192 0 new staff records saved.
00:10:20 INFO     [93/1326] Andover Middle School (None)
00:10:20 INFO       \u2192 0 art teacher(s) found. Status: no_url
00:10:20 INFO       \u2192 0 new staff records saved.
00:10:23 INFO     [94/1326] Andover High (None)
00:10:23 INFO       \u2192 0 art teacher(s) found. Status: no_url
00:10:23 INFO       \u2192 0 new staff records saved.
00:10:25 INFO     [95/1326] Robert M. Martin Elementary (None)
00:10:25 INFO       \u2192 0 art teacher(s) found. Status: no_url
00:10:25 INFO       \u2192 0 new staff records saved.
00:10:28 INFO     [96/1326] Meadowlark Elementary (None)
00:10:28 INFO       \u2192 0 art teacher(s) found. Status: no_url
00:10:28 INFO       \u2192 0 new staff records saved.
00:10:31 INFO     [97/1326] Andover Central Middle School (None)
00:10:31 INFO       \u2192 0 art teacher(s) found. Status: no_url
00:10:31 INFO       \u2192 0 new staff records saved.
00:10:33 INFO     [98/1326] Andover Central High School (None)
00:10:33 INFO       \u2192 0 art teacher(s) found. Status: no_url
00:10:33 INFO       \u2192 0 new staff records saved.
00:10:36 INFO     [99/1326] Cottonwood Elementary (None)
00:10:36 INFO       \u2192 0 art teacher(s) found. Status: no_url
00:10:36 INFO       \u2192 0 new staff records saved.
00:10:38 INFO     [100/1326] Sunflower Elementary School (None)
00:10:38 INFO       \u2192 0 art teacher(s) found. Status: no_url
00:10:38 INFO       \u2192 0 new staff records saved.
00:10:41 INFO     [101/1326] Wheatland Elementary (None)
00:10:41 INFO       \u2192 0 art teacher(s) found. Status: no_url
00:10:41 INFO       \u2192 0 new staff records saved.
00:10:43 INFO     [102/1326] Prairie Creek Elementary (None)
00:10:43 INFO       \u2192 0 art teacher(s) found. Status: no_url
00:10:43 INFO       \u2192 0 new staff records saved.
00:10:46 INFO     [103/1326] Andover eCademy (None)
00:10:46 INFO       \u2192 0 art teacher(s) found. Status: no_url
00:10:46 INFO       \u2192 0 new staff records saved.
00:10:48 INFO     [104/1326] Anthony Elem (http://www.usd361.org)
00:10:50 INFO       Found directory at http://www.usd361.org/staff
00:11:10 INFO       \u2192 0 art teacher(s) found. Status: timeout
00:11:10 INFO       \u2192 0 new staff records saved.
00:11:13 INFO     [105/1326] Chaparral Jr/Sr High (http://www.usd361.org)
00:11:14 INFO       Found directory at http://www.usd361.org/staff
00:11:34 INFO       \u2192 0 art teacher(s) found. Status: timeout
00:11:34 INFO       \u2192 0 new staff records saved.
00:11:37 INFO     [106/1326] Harper Elem (http://www.usd361.org)
00:11:39 INFO       Found directory at http://www.usd361.org/staff
00:11:59 INFO       \u2192 0 art teacher(s) found. Status: timeout
00:11:59 INFO       \u2192 0 new staff records saved.
00:12:01 INFO     [107/1326] Chaparral Virtual School (http://www.usd361.org)
00:12:03 INFO       Found directory at http://www.usd361.org/staff
00:12:23 INFO       \u2192 0 art teacher(s) found. Status: timeout
00:12:23 INFO       \u2192 0 new staff records saved.
00:12:26 INFO     [108/1326] Argonia Elem (http://www.argonia359.org)
00:12:32 INFO       \u2192 0 art teacher(s) found. Status: no_directory_found
00:12:32 INFO       \u2192 0 new staff records saved.
00:12:34 INFO     [109/1326] Argonia High (http://www.argonia359.org)
00:12:40 INFO       \u2192 0 art teacher(s) found. Status: no_directory_found
00:12:40 INFO       \u2192 0 new staff records saved.
00:12:42 INFO     [110/1326] Adams Elem (None)
00:12:42 INFO       \u2192 0 art teacher(s) found. Status: no_url
00:12:42 INFO       \u2192 0 new staff records saved.
00:12:45 INFO     [111/1326] Frances Willard Elem (None)
00:12:45 INFO       \u2192 0 art teacher(s) found. Status: no_url
00:12:45 INFO       \u2192 0 new staff records saved.
00:12:47 INFO     [112/1326] Jefferson Elem (None)
00:12:47 INFO       \u2192 0 art teacher(s) found. Status: no_url
00:12:47 INFO       \u2192 0 new staff records saved.
00:12:50 INFO     [113/1326] Roosevelt Elem (None)
00:12:50 INFO       \u2192 0 art teacher(s) found. Status: no_url
00:12:50 INFO       \u2192 0 new staff records saved.
00:12:52 INFO     [114/1326] Arkansas City Middle Sch (None)
00:12:52 INFO       \u2192 0 art teacher(s) found. Status: no_url
00:12:52 INFO       \u2192 0 new staff records saved.
00:12:55 INFO     [115/1326] Arkansas City High (None)
00:12:55 INFO       \u2192 0 art teacher(s) found. Status: no_url
00:12:55 INFO       \u2192 0 new staff records saved.
00:12:57 INFO     [116/1326] C 4 Elem (None)
00:12:57 INFO       \u2192 0 art teacher(s) found. Status: no_url
00:12:57 INFO       \u2192 0 new staff records saved.
00:13:00 INFO     [117/1326] I X L Elem (None)
00:13:00 INFO       \u2192 0 art teacher(s) found. Status: no_url
00:13:00 INFO       \u2192 0 new staff records saved.
00:13:02 INFO     [118/1326] Northeast Elem (http://www.usd246.org)
00:13:05 INFO       Found directory at http://www.usd246.org/staff
00:13:25 INFO       \u2192 0 art teacher(s) found. Status: timeout
00:13:25 INFO       \u2192 0 new staff records saved.
00:13:27 INFO     [119/1326] North East High (http://www.usd246.org)
00:13:30 INFO       Found directory at http://www.usd246.org/staff
00:13:50 INFO       \u2192 0 art teacher(s) found. Status: timeout
00:13:50 INFO       \u2192 0 new staff records saved.
00:13:52 INFO     [120/1326] Northeast Virtual School (http://www.usd246.org)
00:13:54 INFO       Found directory at http://www.usd246.org/staff
00:14:14 INFO       \u2192 0 art teacher(s) found. Status: timeout
00:14:14 INFO       \u2192 0 new staff records saved.
00:14:17 INFO     [121/1326] Ashland Elem (http://usd220.net)
00:14:18 INFO       Found directory at http://usd220.net/staff
00:14:19 INFO       \u2192 0 art teacher(s) found. Status: no_art_teachers_found
00:14:19 INFO       \u2192 0 new staff records saved.
00:14:22 INFO     [122/1326] Ashland High (http://usd220.net)
00:14:23 INFO       Found directory at http://usd220.net/staff
00:14:24 INFO       \u2192 0 art teacher(s) found. Status: no_art_teachers_found
00:14:24 INFO       \u2192 0 new staff records saved.
00:14:27 INFO     [123/1326] Ashland Junior High School (http://usd220.net)
00:14:28 INFO       Found directory at http://usd220.net/staff
00:14:29 INFO       \u2192 0 art teacher(s) found. Status: no_art_teachers_found
00:14:29 INFO       \u2192 0 new staff records saved.
00:14:31 INFO     [124/1326] Atchison High  School (http://www.usd409.net/o/ahs)
00:14:33 INFO       Found directory at http://www.usd409.net/o/ahs/staff
00:14:53 INFO       \u2192 0 art teacher(s) found. Status: timeout
00:14:53 INFO       \u2192 0 new staff records saved.
00:14:56 INFO     [125/1326] Atchison Middle School (http://www.usd409.net/o/ams)
00:14:57 INFO       Found directory at http://www.usd409.net/o/ams/staff
00:15:17 INFO       \u2192 0 art teacher(s) found. Status: timeout
00:15:17 INFO       \u2192 0 new staff records saved.
00:15:20 INFO     [126/1326] Atchison Elementary School (http://www.usd409.net/o/aes)
00:15:22 INFO       Found directory at http://www.usd409.net/o/aes/staff
00:15:42 INFO       \u2192 0 art teacher(s) found. Status: timeout
00:15:42 INFO       \u2192 0 new staff records saved.
00:15:44 INFO     [127/1326] Central School (http://www.usd409.net/o/cs)
00:15:46 INFO       Found directory at http://www.usd409.net/o/cs/staff
00:16:06 INFO       \u2192 0 art teacher(s) found. Status: timeout
00:16:06 INFO       \u2192 0 new staff records saved.
00:16:09 INFO     [128/1326] Puls Elem (http://www.usd511.net)
00:18:59 INFO       \u2192 0 art teacher(s) found. Status: no_directory_found
00:18:59 INFO       \u2192 0 new staff records saved.
00:19:02 INFO     [129/1326] Attica High (http://www.usd511.net)
00:21:52 INFO       \u2192 0 art teacher(s) found. Status: no_directory_found
00:21:52 INFO       \u2192 0 new staff records saved.
00:21:55 INFO     [130/1326] Ewalt Elementary (http://www.usd402.com)
00:22:10 INFO       \u2192 0 art teacher(s) found. Status: no_directory_found
00:22:10 INFO       \u2192 0 new staff records saved.
00:22:12 INFO     [131/1326] Garfield Elem (http://www.usd402.com)
00:22:26 INFO       \u2192 0 art teacher(s) found. Status: no_directory_found
00:22:26 INFO       \u2192 0 new staff records saved.
00:22:29 INFO     [132/1326] Lincoln Elem (http://www.usd402.com)
00:22:44 INFO       \u2192 0 art teacher(s) found. Status: no_directory_found
00:22:44 INFO       \u2192 0 new staff records saved.
00:22:47 INFO     [133/1326] Augusta Middle School (http://www.usd402.com)
00:23:02 INFO       \u2192 0 art teacher(s) found. Status: no_directory_found
00:23:02 INFO       \u2192 0 new staff records saved.
00:23:04 INFO     [134/1326] Augusta Sr High (http://www.usd402.com)
00:23:20 INFO       \u2192 0 art teacher(s) found. Status: no_directory_found
00:23:20 INFO       \u2192 0 new staff records saved.
00:23:22 INFO     [135/1326] Baldwin Junior High School (http://usd348.com)
00:23:25 INFO       Found directory at http://usd348.com/staff
00:23:45 INFO       \u2192 0 art teacher(s) found. Status: timeout
00:23:45 INFO       \u2192 0 new staff records saved.
00:23:48 INFO     [136/1326] Baldwin High School (http://usd348.com)
00:23:50 INFO       Found directory at http://usd348.com/staff
00:24:10 INFO       \u2192 0 art teacher(s) found. Status: timeout
00:24:10 INFO       \u2192 0 new staff records saved.
00:24:13 INFO     [137/1326] Baldwin Elementary Primary Center (http://usd348.com)
00:24:15 INFO       Found directory at http://usd348.com/staff
00:24:35 INFO       \u2192 0 art teacher(s) found. Status: timeout
00:24:35 INFO       \u2192 0 new staff records saved.
00:24:38 INFO     [138/1326] Baldwin Elementary Intermediate Center (None)
00:24:38 INFO       \u2192 0 art teacher(s) found. Status: no_url
00:24:38 INFO       \u2192 0 new staff records saved.
00:24:40 INFO     [139/1326] Basehor Elementary School (http://www.usd458.org/BES/)
00:24:40 INFO       \u2192 0 art teacher(s) found. Status: robots_blocked
00:24:40 INFO       \u2192 0 new staff records saved.
00:24:43 INFO     [140/1326] Basehor-Linwood High School (http://www.usd458.org/BLHS/)
00:24:43 INFO       \u2192 0 art teacher(s) found. Status: robots_blocked
00:24:43 INFO       \u2192 0 new staff records saved.
00:24:45 INFO     [141/1326] Linwood Elementary School (http://www.usd458.org/LES/)
00:24:45 INFO       \u2192 0 art teacher(s) found. Status: robots_blocked
00:24:45 INFO       \u2192 0 new staff records saved.
00:24:48 INFO     [142/1326] Basehor-Linwood Middle School (http://www.usd458.org/BLMS/)
00:24:48 INFO       \u2192 0 art teacher(s) found. Status: robots_blocked
00:24:48 INFO       \u2192 0 new staff records saved.
00:24:50 INFO     [143/1326] Glenwood Ridge Elementary School (http://www.usd458.org/GRES/)
00:24:50 INFO       \u2192 0 art teacher(s) found. Status: robots_blocked
00:24:50 INFO       \u2192 0 new staff records saved.
00:24:53 INFO     [144/1326] Gray Hawk Elementary School (http://www.usd458.org/GhES/)
00:24:53 INFO       \u2192 0 art teacher(s) found. Status: robots_blocked
00:24:53 INFO       \u2192 0 new staff records saved.
00:24:55 INFO     [145/1326] Basehor-Linwood Virtual School (http://www.blvs.org)
00:24:56 INFO       \u2192 0 art teacher(s) found. Status: robots_blocked
00:24:56 INFO       \u2192 0 new staff records saved.
00:24:58 INFO     [146/1326] Central Elem (http://www.usd508.org)
00:24:58 INFO       \u2192 0 art teacher(s) found. Status: robots_blocked
00:24:58 INFO       \u2192 0 new staff records saved.
00:25:01 INFO     [147/1326] Lincoln Elem (http://www.usd508.org)
00:25:01 INFO       \u2192 0 art teacher(s) found. Status: robots_blocked
00:25:01 INFO       \u2192 0 new staff records saved.
00:25:04 INFO     [148/1326] Baxter Springs High (http://www.usd508.org)
00:25:04 INFO       \u2192 0 art teacher(s) found. Status: robots_blocked
00:25:04 INFO       \u2192 0 new staff records saved.
00:25:07 INFO     [149/1326] USD 508 eAcademy (http://usd508.org)
00:25:15 INFO       \u2192 0 art teacher(s) found. Status: no_directory_found
00:25:15 INFO       \u2192 0 new staff records saved.
00:25:17 INFO     [150/1326] Beloit Elem (http://www.usd273.org)
00:28:08 INFO       \u2192 0 art teacher(s) found. Status: no_directory_found
00:28:08 INFO       \u2192 0 new staff records saved.
00:28:10 INFO     [151/1326] Beloit Jr-Sr High (http://www.usd273.org)
00:31:01 INFO       \u2192 0 art teacher(s) found. Status: no_directory_found
00:31:01 INFO       \u2192 0 new staff records saved.
00:31:03 INFO     [152/1326] Belle Plaine Elem (http://www.usd357.org)
00:31:06 INFO       Found directory at http://www.usd357.org/staff
00:31:07 INFO       \u2192 0 art teacher(s) found. Status: no_art_teachers_found
00:31:07 INFO       \u2192 0 new staff records saved.
00:31:10 INFO     [153/1326] Belle Plaine High (http://www.usd357.org)
00:31:12 INFO       Found directory at http://www.usd357.org/staff
00:31:13 INFO       \u2192 0 art teacher(s) found. Status: no_art_teachers_found
00:31:13 INFO       \u2192 0 new staff records saved.
00:31:16 INFO     [154/1326] Belle Plaine Middle (http://www.usd357.org)
00:31:18 INFO       Found directory at http://www.usd357.org/staff
00:31:19 INFO       \u2192 0 art teacher(s) found. Status: no_art_teachers_found
00:31:19 INFO       \u2192 0 new staff records saved.
00:31:22 INFO     [155/1326] Bennington Elem (http://www.usd240.org)
00:31:24 INFO       Found directory at http://www.usd240.org/staff
00:31:44 INFO       \u2192 0 art teacher(s) found. Status: timeout
00:31:44 INFO       \u2192 0 new staff records saved.
00:31:46 INFO     [156/1326] Bennington Junior High/High School (http://www.usd240.org)
00:31:48 INFO       Found directory at http://www.usd240.org/staff
00:32:08 INFO       \u2192 0 art teacher(s) found. Status: timeout
00:32:08 INFO       \u2192 0 new staff records saved.
00:32:10 INFO     [157/1326] Tescott Elem (http://www.usd240.org)
00:32:12 INFO       Found directory at http://www.usd240.org/staff
00:32:32 INFO       \u2192 0 art teacher(s) found. Status: timeout
00:32:32 INFO       \u2192 0 new staff records saved.
00:32:34 INFO     [158/1326] Tescott Junior High/High School (http://www.usd240.org)
00:32:36 INFO       Found directory at http://www.usd240.org/staff
00:32:56 INFO       \u2192 0 art teacher(s) found. Status: timeout
00:32:56 INFO       \u2192 0 new staff records saved.
00:32:58 INFO     [159/1326] Otis-Bison Elementary (http://www.usd403.org)
00:33:00 INFO       Found directory at http://www.usd403.org/staff
00:33:20 INFO       \u2192 0 art teacher(s) found. Status: timeout
00:33:20 INFO       \u2192 0 new staff records saved.
00:33:22 INFO     [160/1326] Otis-Bison Junior/Senior High School (http://www.usd403.org)
00:33:23 INFO       Found directory at http://www.usd403.org/staff
00:33:43 INFO       \u2192 0 art teacher(s) found. Status: timeout
00:33:43 INFO       \u2192 0 new staff records saved.
00:33:46 INFO     [161/1326] Otis Bison Academy (None)
00:33:46 INFO       \u2192 0 art teacher(s) found. Status: no_url
00:33:46 INFO       \u2192 0 new staff records saved.
00:33:48 INFO     [162/1326] Bonner Springs Elementary (http://www.usd204.net)
00:33:50 INFO       Found directory at http://www.usd204.net/staff
00:34:10 INFO       \u2192 0 art teacher(s) found. Status: timeout
00:34:10 INFO       \u2192 0 new staff records saved.
00:34:13 INFO     [163/1326] Robert E Clark Middle (http://www.usd204.net)
00:34:14 INFO       Found directory at http://www.usd204.net/staff
00:34:34 INFO       \u2192 0 art teacher(s) found. Status: timeout
00:34:34 INFO       \u2192 0 new staff records saved.
00:34:37 INFO     [164/1326] Bonner Springs High (http://www.usd204.net)
00:34:39 INFO       Found directory at http://www.usd204.net/staff
00:34:59 INFO       \u2192 0 art teacher(s) found. Status: timeout
00:34:59 INFO       \u2192 0 new staff records saved.
00:35:01 INFO     [165/1326] Edwardsville Elem (http://www.usd204.net)
00:35:03 INFO       Found directory at http://www.usd204.net/staff
00:35:23 INFO       \u2192 0 art teacher(s) found. Status: timeout
00:35:23 INFO       \u2192 0 new staff records saved.
00:35:25 INFO     [166/1326] Delaware Ridge Elementary (http://www.usd204.net)
00:35:27 INFO       Found directory at http://www.usd204.net/staff
00:35:47 INFO       \u2192 0 art teacher(s) found. Status: timeout
00:35:47 INFO       \u2192 0 new staff records saved.
00:35:49 INFO     [167/1326] Brewster Elem (http://www.usd314.weebly.com)
00:35:53 INFO       Found directory at http://www.usd314.weebly.com/staff-directory
00:35:54 INFO       \u2192 0 art teacher(s) found. Status: no_art_teachers_found
00:35:54 INFO       \u2192 0 new staff records saved.
00:35:57 INFO     [168/1326] Brewster High (http://www.usd314.weebly.com)
00:36:00 INFO       Found directory at http://www.usd314.weebly.com/staff-directory
00:36:01 INFO       \u2192 0 art teacher(s) found. Status: no_art_teachers_found
00:36:01 INFO       \u2192 0 new staff records saved.
00:36:04 INFO     [169/1326] Bucklin Elem (http://www.bucklinschools.com)
00:36:19 INFO       \u2192 0 art teacher(s) found. Status: no_directory_found
00:36:19 INFO       \u2192 0 new staff records saved.
00:36:21 INFO     [170/1326] Bucklin High (http://www.bucklinschools.com)
00:36:35 INFO       \u2192 0 art teacher(s) found. Status: no_directory_found
00:36:35 INFO       \u2192 0 new staff records saved.
00:36:38 INFO     [171/1326] Altoona-Midway Middle/High School (http://www.usd387.org)
00:36:40 INFO       Found directory at http://www.usd387.org/staff
00:37:00 INFO       \u2192 0 art teacher(s) found. Status: timeout
00:37:00 INFO       \u2192 0 new staff records saved.
00:37:02 INFO     [172/1326] Altoona-Midway Elementary (http://www.usd387.org)
00:37:04 INFO       Found directory at http://www.usd387.org/staff
00:37:24 INFO       \u2192 0 art teacher(s) found. Status: timeout
00:37:24 INFO       \u2192 0 new staff records saved.
00:37:27 INFO     [173/1326] Buhler Grade School (http://bgs.usd313.org/)
00:37:28 INFO       Found directory at http://bgs.usd313.org/staff
00:37:48 INFO       \u2192 0 art teacher(s) found. Status: timeout
00:37:48 INFO       \u2192 0 new staff records saved.
00:37:51 INFO     [174/1326] Buhler High (http://bhs.usd313.org/o/bhs)
00:37:53 INFO       Found directory at http://bhs.usd313.org/o/bhs/staff
00:38:13 INFO       \u2192 0 art teacher(s) found. Status: timeout
00:38:13 INFO       \u2192 0 new staff records saved.
00:38:15 INFO     [175/1326] Union Valley Elem (http://uv.usd313.org/o/uve)
00:38:17 INFO       Found directory at http://uv.usd313.org/o/uve/staff
00:38:37 INFO       \u2192 0 art teacher(s) found. Status: timeout
00:38:37 INFO       \u2192 0 new staff records saved.
00:38:40 INFO     [176/1326] Prairie Hills Middle (http://phms.usd313.org/o/phms)
00:38:42 INFO       Found directory at http://phms.usd313.org/o/phms/staff
00:39:02 INFO       \u2192 0 art teacher(s) found. Status: timeout
00:39:02 INFO       \u2192 0 new staff records saved.
00:39:04 INFO     [177/1326] Plum Creek Elementary (http://pc.usd313.org/o/pce)
00:39:06 INFO       Found directory at http://pc.usd313.org/o/pce/staff
00:39:26 INFO       \u2192 0 art teacher(s) found. Status: timeout
00:39:26 INFO       \u2192 0 new staff records saved.
00:39:29 INFO     [178/1326] Ad Astra Virtual Academy (http://aava.usd313.org/o/aava)
00:39:31 INFO       Found directory at http://aava.usd313.org/o/aava/staff
00:39:51 INFO       \u2192 0 art teacher(s) found. Status: timeout
00:39:51 INFO       \u2192 0 new staff records saved.
00:39:53 INFO     [179/1326] Ad Astra Alternative Academy (http://www.usd313.org)
00:39:55 INFO       Found directory at http://www.usd313.org/staff
00:40:15 INFO       \u2192 0 art teacher(s) found. Status: timeout
00:40:15 INFO       \u2192 0 new staff records saved.
00:40:18 INFO     [180/1326] Central Elem (http://www.usd462.org)
00:40:20 INFO       Found directory at http://www.usd462.org/staff
00:40:40 INFO       \u2192 0 art teacher(s) found. Status: timeout
00:40:40 INFO       \u2192 0 new staff records saved.
00:40:42 INFO     [181/1326] Central Jr-Sr High (http://www.usd462.org)
00:40:44 INFO       Found directory at http://www.usd462.org/staff
00:41:04 INFO       \u2192 0 art teacher(s) found. Status: timeout
00:41:04 INFO       \u2192 0 new staff records saved.
00:41:06 INFO     [182/1326] Burlingame Elementary (http://usd454.net)
00:41:08 INFO       Found directory at http://usd454.net/staff
00:41:28 INFO       \u2192 0 art teacher(s) found. Status: timeout
00:41:28 INFO       \u2192 0 new staff records saved.
00:41:31 INFO     [183/1326] Burlingame Junior/Senior High (http://www.usd454.net)
00:41:33 INFO       Found directory at http://www.usd454.net/staff
00:41:53 INFO       \u2192 0 art teacher(s) found. Status: timeout
00:41:53 INFO       \u2192 0 new staff records saved.
00:41:55 INFO     [184/1326] Burlington High (http://usd244ks.org)
00:42:08 INFO       \u2192 0 art teacher(s) found. Status: no_directory_found
00:42:08 INFO       \u2192 0 new staff records saved.
00:42:10 INFO     [185/1326] Burlington Middle School 5 - 8 (http://usd244ks.org)
00:42:22 INFO       \u2192 0 art teacher(s) found. Status: no_directory_found
00:42:22 INFO       \u2192 0 new staff records saved.
00:42:25 INFO     [186/1326] Burlington Elementary School (http://usd244ks.org)
00:42:37 INFO       \u2192 0 art teacher(s) found. Status: no_directory_found
00:42:37 INFO       \u2192 0 new staff records saved.
00:42:39 INFO     [187/1326] Burrton Elem (http://burrton.usd369.org)
00:42:41 INFO       Found directory at http://burrton.usd369.org/staff
00:43:01 INFO       \u2192 0 art teacher(s) found. Status: timeout
00:43:01 INFO       \u2192 0 new staff records saved.
00:43:03 INFO     [188/1326] Burrton MS/HS (http://burrton.usd369.org)
00:43:04 INFO       Found directory at http://burrton.usd369.org/staff
00:43:24 INFO       \u2192 0 art teacher(s) found. Status: timeout
00:43:24 INFO       \u2192 0 new staff records saved.
00:43:27 INFO     [189/1326] Caldwell Elem (http://www.usd360.com)
00:43:42 INFO       \u2192 0 art teacher(s) found. Status: no_directory_found
00:43:42 INFO       \u2192 0 new staff records saved.
00:43:44 INFO     [190/1326] Caldwell Secondary School (http://www.usd360.com)
00:43:59 INFO       \u2192 0 art teacher(s) found. Status: no_directory_found
00:43:59 INFO       \u2192 0 new staff records saved.
00:44:01 INFO     [191/1326] Caldwell Secondary School-Chisholm Trail eLea (http://www.usd360.com)
00:44:16 INFO       \u2192 0 art teacher(s) found. Status: no_directory_found
00:44:16 INFO       \u2192 0 new staff records saved.
00:44:19 INFO     [192/1326] Lincoln Memorial Elem (http://www.caney.com)
00:44:21 INFO       Found directory at http://www.caney.com/staff
00:44:41 INFO       \u2192 0 art teacher(s) found. Status: timeout
00:44:41 INFO       \u2192 0 new staff records saved.
00:44:44 INFO     [193/1326] Caney Valley High (http://www.caney.com)
00:44:46 INFO       Found directory at http://www.caney.com/staff
00:45:06 INFO       \u2192 0 art teacher(s) found. Status: timeout
00:45:06 INFO       \u2192 0 new staff records saved.
00:45:08 INFO     [194/1326] Caney Valley Charter Academy (http://www.caney.com)
00:45:10 INFO       Found directory at http://www.caney.com/staff
00:45:30 INFO       \u2192 0 art teacher(s) found. Status: timeout
00:45:30 INFO       \u2192 0 new staff records saved.
00:45:33 INFO     [195/1326] Canton-Galva Jr./Sr. High (http://www.usd419.org)
00:45:46 INFO       \u2192 0 art teacher(s) found. Status: no_directory_found
00:45:46 INFO       \u2192 0 new staff records saved.
00:45:49 INFO     [196/1326] Canton-Galva Elementary (http://usd419.org)
00:46:01 INFO       \u2192 0 art teacher(s) found. Status: no_directory_found
00:46:01 INFO       \u2192 0 new staff records saved.
00:46:03 INFO     [197/1326] Lakeside Junior/Senior High School (http://www.usd272.org)
00:46:05 INFO       Found directory at http://www.usd272.org/staff
00:46:06 INFO       \u2192 0 art teacher(s) found. Status: no_art_teachers_found
00:46:06 INFO       \u2192 0 new staff records saved.
00:46:09 INFO     [198/1326] Lakeside Elementary (http://www.usd272.org)
00:46:11 INFO       Found directory at http://www.usd272.org/staff
00:46:12 INFO       \u2192 0 art teacher(s) found. Status: no_art_teachers_found
00:46:12 INFO       \u2192 0 new staff records saved.
00:46:15 INFO     [199/1326] Tipton Community School (http://www.usd272.org/)
00:46:17 INFO       Found directory at http://www.usd272.org/staff
00:46:18 INFO       \u2192 0 art teacher(s) found. Status: no_art_teachers_found
00:46:18 INFO       \u2192 0 new staff records saved.
00:46:21 INFO     [200/1326] Cedar Vale Elem (http://www.cvs285.net)
00:46:23 INFO       Found directory at http://www.cvs285.net/staff
00:46:43 INFO       \u2192 0 art teacher(s) found. Status: timeout
00:46:43 INFO       \u2192 0 new staff records saved.
00:46:45 INFO     [201/1326] Cedar Vale High (http://www.cvs285.org)
00:46:56 INFO       \u2192 0 art teacher(s) found. Status: no_directory_found
00:46:56 INFO       \u2192 0 new staff records saved.
00:46:59 INFO     [202/1326] Centralia Elem (http://www.usd380.com)
00:47:01 INFO       Found directory at http://www.usd380.com/staff
00:47:21 INFO       \u2192 0 art teacher(s) found. Status: timeout
00:47:21 INFO       \u2192 0 new staff records saved.
00:47:24 INFO     [203/1326] Centralia High (http://usd380.com)
00:47:25 INFO       Found directory at http://usd380.com/staff
00:47:45 INFO       \u2192 0 art teacher(s) found. Status: timeout
00:47:45 INFO       \u2192 0 new staff records saved.
00:47:48 INFO     [204/1326] Frankfort Elem (http://www.usd380.com)
00:47:50 INFO       Found directory at http://www.usd380.com/staff
00:48:10 INFO       \u2192 0 art teacher(s) found. Status: timeout
00:48:10 INFO       \u2192 0 new staff records saved.
00:48:12 INFO     [205/1326] Frankfort High (http://www.usd380.com)
00:48:14 INFO       Found directory at http://www.usd380.com/staff
00:48:34 INFO       \u2192 0 art teacher(s) found. Status: timeout
00:48:34 INFO       \u2192 0 new staff records saved.
00:48:37 INFO     [206/1326] Royster Middle School (http://www.usd413.org)
00:48:37 INFO       \u2192 0 art teacher(s) found. Status: robots_blocked
00:48:37 INFO       \u2192 0 new staff records saved.
00:48:39 INFO     [207/1326] Chanute High (http://www.usd413.org)
00:48:39 INFO       \u2192 0 art teacher(s) found. Status: robots_blocked
00:48:39 INFO       \u2192 0 new staff records saved.
00:48:42 INFO     [208/1326] Chanute Elementary School (http://www.usd413.org/o/ces)
00:48:42 INFO       \u2192 0 art teacher(s) found. Status: robots_blocked
00:48:42 INFO       \u2192 0 new staff records saved.
00:48:44 INFO     [209/1326] Blue Ridge Elem (http://usd473.net)
00:48:56 INFO       Found directory at http://usd473.net/teachers
00:49:16 INFO       \u2192 0 art teacher(s) found. Status: timeout
00:49:16 INFO       \u2192 0 new staff records saved.
00:49:19 INFO     [210/1326] Chapman Elem (http://usd473.net)
00:49:30 INFO       Found directory at http://usd473.net/teachers
00:49:50 INFO       \u2192 0 art teacher(s) found. Status: timeout
00:49:50 INFO       \u2192 0 new staff records saved.
00:49:53 INFO     [211/1326] Chapman Middle School (http://usd473.net)
00:50:04 INFO       Found directory at http://usd473.net/teachers
00:50:24 INFO       \u2192 0 art teacher(s) found. Status: timeout
00:50:24 INFO       \u2192 0 new staff records saved.
00:50:27 INFO     [212/1326] Chapman High (http://www.chapmanirish.net)
00:50:29 INFO       Found directory at http://www.chapmanirish.net/faculty
00:50:30 INFO       \u2192 0 art teacher(s) found. Status: no_art_teachers_found
00:50:30 INFO       \u2192 0 new staff records saved.
00:50:32 INFO     [213/1326] Enterprise Elem (http://usd473.net)
00:50:44 INFO       Found directory at http://usd473.net/teachers
00:51:04 INFO       \u2192 0 art teacher(s) found. Status: timeout
00:51:04 INFO       \u2192 0 new staff records saved.
00:51:06 INFO     [214/1326] Rural Center Elem (http://usd473.net)
00:51:18 INFO       Found directory at http://usd473.net/teachers
00:51:38 INFO       \u2192 0 art teacher(s) found. Status: timeout
00:51:38 INFO       \u2192 0 new staff records saved.
00:51:40 INFO     [215/1326] Chase Raymond Primary Intermediate School (http://www.usd401.com)
00:51:42 INFO       Found directory at http://www.usd401.com/staff
00:52:02 INFO       \u2192 0 art teacher(s) found. Status: timeout
00:52:02 INFO       \u2192 0 new staff records saved.
00:52:05 INFO     [216/1326] Chase High (http://www.usd401.com)
00:52:06 INFO       Found directory at http://www.usd401.com/staff
00:52:26 INFO       \u2192 0 art teacher(s) found. Status: timeout
00:52:26 INFO       \u2192 0 new staff records saved.
00:52:29 INFO     [217/1326] Cheney Elem (http://www.usd268.org)
00:52:31 INFO       Found directory at http://www.usd268.org/staff
00:52:51 INFO       \u2192 0 art teacher(s) found. Status: timeout
00:52:51 INFO       \u2192 0 new staff records saved.
00:52:53 INFO     [218/1326] Cheney Middle School  6-8 (http://www.usd268.org)
00:52:55 INFO       Found directory at http://www.usd268.org/staff
00:53:15 INFO       \u2192 0 art teacher(s) found. Status: timeout
00:53:15 INFO       \u2192 0 new staff records saved.
00:53:17 INFO     [219/1326] Cheney High (http://www.usd268.org)
00:53:19 INFO       Found directory at http://www.usd268.org/staff
00:53:39 INFO       \u2192 0 art teacher(s) found. Status: timeout
00:53:39 INFO       \u2192 0 new staff records saved.
00:53:41 INFO     [220/1326] Southeast Middle School (http://www.usd247.com)
00:53:43 INFO       Found directory at http://www.usd247.com/staff
00:53:44 INFO       \u2192 0 art teacher(s) found. Status: no_art_teachers_found
00:53:44 INFO       \u2192 0 new staff records saved.
00:53:47 INFO     [221/1326] Southeast High (http://www.usd247.com)
00:53:48 INFO       Found directory at http://www.usd247.com/staff
00:53:49 INFO       \u2192 0 art teacher(s) found. Status: no_art_teachers_found
00:53:49 INFO       \u2192 0 new staff records saved.
00:53:52 INFO     [222/1326] Southeast Elementary School (http://www.usd247.com)
00:53:53 INFO       Found directory at http://www.usd247.com/staff
00:53:54 INFO       \u2192 0 art teacher(s) found. Status: no_art_teachers_found
00:53:54 INFO       \u2192 0 new staff records saved.
00:53:57 INFO     [223/1326] Lincoln Central Elem (http://www.usd447schools.org)
00:53:59 INFO       Found directory at http://www.usd447schools.org/staff
00:54:19 INFO       \u2192 0 art teacher(s) found. Status: timeout
00:54:19 INFO       \u2192 0 new staff records saved.
00:54:21 INFO     [224/1326] Cherryvale Sr / Middle School (http://www.usd447.org)
00:54:26 INFO       \u2192 0 art teacher(s) found. Status: no_directory_found
00:54:26 INFO       \u2192 0 new staff records saved.
00:54:28 INFO     [225/1326] Thayer Schools (http://www.usd447.org)
00:54:32 INFO       \u2192 0 art teacher(s) found. Status: no_directory_found
00:54:32 INFO       \u2192 0 new staff records saved.
00:54:35 INFO     [226/1326] Chetopa Elem (http://www.usd505.org)
00:54:47 INFO       \u2192 0 art teacher(s) found. Status: no_directory_found
00:54:47 INFO       \u2192 0 new staff records saved.
00:54:49 INFO     [227/1326] Chetopa High (http://www.usd505.org)
00:55:01 INFO       \u2192 0 art teacher(s) found. Status: no_directory_found
00:55:01 INFO       \u2192 0 new staff records saved.
00:55:04 INFO     [228/1326] St. Paul Elementary School (http://www.usd505.org)
00:55:16 INFO       \u2192 0 art teacher(s) found. Status: no_directory_found
00:55:16 INFO       \u2192 0 new staff records saved.
00:55:18 INFO     [229/1326] St. Paul Middle School (http://www.usd505.org)
00:55:30 INFO       \u2192 0 art teacher(s) found. Status: no_directory_found
00:55:30 INFO       \u2192 0 new staff records saved.
00:55:33 INFO     [230/1326] St. Paul High School (http://www.usd505.org)
00:55:45 INFO       \u2192 0 art teacher(s) found. Status: no_directory_found
00:55:45 INFO       \u2192 0 new staff records saved.
00:55:47 INFO     [231/1326] Cheylin Jr/Sr High (http://www.cheylin.com/)
00:58:38 INFO       \u2192 0 art teacher(s) found. Status: no_directory_found
00:58:38 INFO       \u2192 0 new staff records saved.
00:58:40 INFO     [232/1326] Cheylin Elementary (http://www.cheylin.com/)
01:01:30 INFO       \u2192 0 art teacher(s) found. Status: no_directory_found
01:01:30 INFO       \u2192 0 new staff records saved.
01:01:33 INFO     [233/1326] Cimarron Elem (http://www.cimarronschools.net)
01:01:35 INFO       Found directory at http://www.cimarronschools.net/staff
01:01:55 INFO       \u2192 0 art teacher(s) found. Status: timeout
01:01:55 INFO       \u2192 0 new staff records saved.
01:01:57 INFO     [234/1326] Cimarron High (http://www.cimarronschools.net)
01:01:59 INFO       Found directory at http://www.cimarronschools.net/staff
01:02:19 INFO       \u2192 0 art teacher(s) found. Status: timeout
01:02:19 INFO       \u2192 0 new staff records saved.
01:02:22 INFO     [235/1326] Jackson Heights High School and Middle School (http://www.jhcobras.net)
01:02:23 INFO       Found directory at http://www.jhcobras.net/staff
01:02:43 INFO       \u2192 0 art teacher(s) found. Status: timeout
01:02:43 INFO       \u2192 0 new staff records saved.
01:02:46 INFO     [236/1326] Jackson Heights Elementary School (http://www.jhcobras.net)
01:02:48 INFO       Found directory at http://www.jhcobras.net/staff
01:03:08 INFO       \u2192 0 art teacher(s) found. Status: timeout
01:03:08 INFO       \u2192 0 new staff records saved.
01:03:10 INFO     [237/1326] Garfield Elem (None)
01:03:10 INFO       \u2192 0 art teacher(s) found. Status: no_url
01:03:10 INFO       \u2192 0 new staff records saved.
01:03:13 INFO     [238/1326] Lincoln Elem (http://www.usd379.org/les)
01:03:29 INFO       \u2192 0 art teacher(s) found. Status: no_directory_found
01:03:29 INFO       \u2192 0 new staff records saved.
01:03:31 INFO     [239/1326] Clay Center Community Middle (None)
01:03:31 INFO       \u2192 0 art teacher(s) found. Status: no_url
01:03:31 INFO       \u2192 0 new staff records saved.
01:03:34 INFO     [240/1326] Clay Center Community High (None)
01:03:34 INFO       \u2192 0 art teacher(s) found. Status: no_url
01:03:34 INFO       \u2192 0 new staff records saved.
01:03:36 INFO     [241/1326] Wakefield Elem (http://www.usd379.org/wakefield)
01:03:52 INFO       \u2192 0 art teacher(s) found. Status: no_directory_found
01:03:52 INFO       \u2192 0 new staff records saved.
01:03:54 INFO     [242/1326] Wakefield High (http://www.usd379.org/wakefield)
01:04:08 INFO       \u2192 0 art teacher(s) found. Status: no_directory_found
01:04:08 INFO       \u2192 0 new staff records saved.
01:04:11 INFO     [243/1326] Clearwater Intermediate - Middle School (http://www.usd264.org)
01:04:25 INFO       \u2192 0 art teacher(s) found. Status: no_directory_found
01:04:25 INFO       \u2192 0 new staff records saved.
01:04:28 INFO     [244/1326] Clearwater Elementary West (http://www.usd264.org)
01:04:43 INFO       \u2192 0 art teacher(s) found. Status: no_directory_found
01:04:43 INFO       \u2192 0 new staff records saved.
01:04:45 INFO     [245/1326] Clearwater High (http://www.usd264.org)
01:05:00 INFO       \u2192 0 art teacher(s) found. Status: no_directory_found
01:05:00 INFO       \u2192 0 new staff records saved.
01:05:02 INFO     [246/1326] Clifton-Clyde Grade School K-3 (http://www.usd224.com)
01:05:05 INFO       Found directory at http://www.usd224.com/staff
01:05:25 INFO       \u2192 0 art teacher(s) found. Status: timeout
01:05:25 INFO       \u2192 0 new staff records saved.
01:05:27 INFO     [247/1326] Clifton-Clyde Sr High (http://www.usd224.com)
01:05:29 INFO       Found directory at http://www.usd224.com/staff
01:05:49 INFO       \u2192 0 art teacher(s) found. Status: timeout
01:05:49 INFO       \u2192 0 new staff records saved.
01:05:51 INFO     [248/1326] Clifton-Clyde Middle School (http://www.usd224.com)
01:05:53 INFO       Found directory at http://www.usd224.com/staff
01:06:13 INFO       \u2192 0 art teacher(s) found. Status: timeout
01:06:13 INFO       \u2192 0 new staff records saved.
01:06:15 INFO     [249/1326] Field Kindley High (http://www.cvilleschools.com)
01:06:15 INFO       \u2192 0 art teacher(s) found. Status: robots_blocked
01:06:15 INFO       \u2192 0 new staff records saved.
01:06:18 INFO     [250/1326] Roosevelt Middle (http://www.cvilleschools.com)
01:06:18 INFO       \u2192 0 art teacher(s) found. Status: robots_blocked
01:06:18 INFO       \u2192 0 new staff records saved.
01:06:21 INFO     [251/1326] Community Elementary (http://www.cvilleschools.com)
01:06:21 INFO       \u2192 0 art teacher(s) found. Status: robots_blocked
01:06:21 INFO       \u2192 0 new staff records saved.
01:06:23 INFO     [252/1326] Coffeyville Virtual Program (http://www.cvilleschools.com)
01:06:23 INFO       \u2192 0 art teacher(s) found. Status: robots_blocked
01:06:23 INFO       \u2192 0 new staff records saved.
01:06:26 INFO     [253/1326] Colby Elem (http://www.colbyeagles.org)
01:06:28 INFO       Found directory at http://www.colbyeagles.org/staff
01:06:48 INFO       \u2192 0 art teacher(s) found. Status: timeout
01:06:48 INFO       \u2192 0 new staff records saved.
01:06:50 INFO     [254/1326] Colby Middle School (http://www.colbyeagles.org)
01:06:52 INFO       Found directory at http://www.colbyeagles.org/staff
01:07:12 INFO       \u2192 0 art teacher(s) found. Status: timeout
01:07:12 INFO       \u2192 0 new staff records saved.
01:07:15 INFO     [255/1326] Colby Senior High (http://www.colbyeagles.org)
01:07:17 INFO       Found directory at http://www.colbyeagles.org/staff
01:07:37 INFO       \u2192 0 art teacher(s) found. Status: timeout
01:07:37 INFO       \u2192 0 new staff records saved.
01:07:39 INFO     [256/1326] South Central High School (http://usd300ks.com)
01:07:42 INFO       Found directory at http://usd300ks.com/staff
01:07:43 INFO       \u2192 0 art teacher(s) found. Status: no_art_teachers_found
01:07:43 INFO       \u2192 0 new staff records saved.
01:07:46 INFO     [257/1326] South Central Elementary School (http://usd300ks.com)
01:07:48 INFO       Found directory at http://usd300ks.com/staff
01:07:49 INFO       \u2192 0 art teacher(s) found. Status: no_art_teachers_found
01:07:49 INFO       \u2192 0 new staff records saved.
01:07:52 INFO     [258/1326] South Central Middle School (http://usd300ks.com)
01:07:54 INFO       Found directory at http://usd300ks.com/staff
01:07:55 INFO       \u2192 0 art teacher(s) found. Status: no_art_teachers_found
01:07:55 INFO       \u2192 0 new staff records saved.
01:07:57 INFO     [259/1326] Park Elem (http://sites.google.com/a/usd493.com/park-elementary/)
01:08:13 INFO       \u2192 0 art teacher(s) found. Status: no_directory_found
01:08:13 INFO       \u2192 0 new staff records saved.
01:08:15 INFO     [260/1326] Central Elem (http://sites.google.com/a/usd493.com/central/)
01:08:30 INFO       \u2192 0 art teacher(s) found. Status: no_directory_found
01:08:30 INFO       \u2192 0 new staff records saved.
01:08:33 INFO     [261/1326] Columbus Junior High and High School (http://sites.google.com/a/usd493.com/cuhs/)
01:08:48 INFO       \u2192 0 art teacher(s) found. Status: no_directory_found
01:08:48 INFO       \u2192 0 new staff records saved.
01:08:50 INFO     [262/1326] Concordia Middle (http://www.usd333.com)
01:09:05 INFO       \u2192 0 art teacher(s) found. Status: no_directory_found
01:09:05 INFO       \u2192 0 new staff records saved.
01:09:08 INFO     [263/1326] Concordia Jr-Sr High (http://www.usd333.com)
01:09:22 INFO       \u2192 0 art teacher(s) found. Status: no_directory_found
01:09:22 INFO       \u2192 0 new staff records saved.
01:09:25 INFO     [264/1326] Concordia Elementary (http://www.usd333.com)
01:09:40 INFO       \u2192 0 art teacher(s) found. Status: no_directory_found
01:09:40 INFO       \u2192 0 new staff records saved.
01:09:42 INFO     [265/1326] Conway Springs Kyle Trueblood (http://usd356.org)
01:09:54 INFO       \u2192 0 art teacher(s) found. Status: no_directory_found
01:09:54 INFO       \u2192 0 new staff records saved.
01:09:57 INFO     [266/1326] Conway Springs High School (http://usd356.org)
01:10:08 INFO       \u2192 0 art teacher(s) found. Status: no_directory_found
01:10:08 INFO       \u2192 0 new staff records saved.
01:10:11 INFO     [267/1326] Conway Springs Middle School (http://usd356.org)
01:10:22 INFO       \u2192 0 art teacher(s) found. Status: no_directory_found
01:10:22 INFO       \u2192 0 new staff records saved.
01:10:25 INFO     [268/1326] Copeland Elem (http://usd371.org)
01:10:28 INFO       Found directory at http://usd371.org/staff
01:10:48 INFO       \u2192 0 art teacher(s) found. Status: timeout
01:10:48 INFO       \u2192 0 new staff records saved.
01:10:50 INFO     [269/1326] South Gray Jr High (http://usd371.org)
01:10:52 INFO       Found directory at http://usd371.org/staff
01:11:12 INFO       \u2192 0 art teacher(s) found. Status: timeout
01:11:12 INFO       \u2192 0 new staff records saved.
01:11:14 INFO     [270/1326] Chase County Elementary School (http://www.usd284.org)
01:11:16 INFO       Found directory at http://www.usd284.org/staff
01:11:17 INFO       \u2192 0 art teacher(s) found. Status: no_art_teachers_found
01:11:17 INFO       \u2192 0 new staff records saved.
01:11:20 INFO     [271/1326] Chase County Junior Senior High School (http://www.usd284.org)
01:11:21 INFO       Found directory at http://www.usd284.org/staff
01:11:23 INFO       \u2192 0 art teacher(s) found. Status: no_art_teachers_found
01:11:23 INFO       \u2192 0 new staff records saved.
01:11:25 INFO     [272/1326] Prairie Heights Elementary School (http://www.usd417.net)
01:11:37 INFO       \u2192 0 art teacher(s) found. Status: no_directory_found
01:11:37 INFO       \u2192 0 new staff records saved.
01:11:39 INFO     [273/1326] Council Grove Elementary School (http://www.usd417.net)
01:11:50 INFO       \u2192 0 art teacher(s) found. Status: no_directory_found
01:11:50 INFO       \u2192 0 new staff records saved.
01:11:53 INFO     [274/1326] Council Grove Junior Senior High School (http://www.usd417.net)
01:12:04 INFO       \u2192 0 art teacher(s) found. Status: no_directory_found
01:12:04 INFO       \u2192 0 new staff records saved.
01:12:07 INFO     [275/1326] Pike Valley Elem (http://www.pikevalley.com)
01:12:09 INFO       Found directory at http://www.pikevalley.com/staff
01:12:29 INFO       \u2192 0 art teacher(s) found. Status: timeout
01:12:29 INFO       \u2192 0 new staff records saved.
01:12:31 INFO     [276/1326] Pike Valley High (http://www.pikevalley.com)
01:12:33 INFO       Found directory at http://www.pikevalley.com/staff
01:12:53 INFO       \u2192 0 art teacher(s) found. Status: timeout
01:12:53 INFO       \u2192 0 new staff records saved.
01:12:56 INFO     [277/1326] Pike Valley Jr High (http://www.pikevalley.com)
01:12:57 INFO       Found directory at http://www.pikevalley.com/staff
01:13:17 INFO       \u2192 0 art teacher(s) found. Status: timeout
01:13:17 INFO       \u2192 0 new staff records saved.
01:13:20 INFO     [278/1326] Cunningham Elem (http://www.usd332.org)
01:16:10 INFO       \u2192 0 art teacher(s) found. Status: no_directory_found
01:16:10 INFO       \u2192 0 new staff records saved.
01:16:13 INFO     [279/1326] Cunningham High (http://www.usd332.org)
01:19:03 INFO       \u2192 0 art teacher(s) found. Status: no_directory_found
01:19:03 INFO       \u2192 0 new staff records saved.
01:19:06 INFO     [280/1326] Deerfield Middle School (http://www.usd216.org)
01:19:07 INFO       Found directory at http://www.usd216.org/staff
01:19:27 INFO       \u2192 0 art teacher(s) found. Status: timeout
01:19:27 INFO       \u2192 0 new staff records saved.
01:19:30 INFO     [281/1326] Deerfield Elem (http://www.usd216.org)
01:19:32 INFO       Found directory at http://www.usd216.org/staff
01:19:52 INFO       \u2192 0 art teacher(s) found. Status: timeout
01:19:52 INFO       \u2192 0 new staff records saved.
01:19:54 INFO     [282/1326] Deerfield High (http://www.usd216.org)
01:19:56 INFO       Found directory at http://www.usd216.org/staff
01:20:16 INFO       \u2192 0 art teacher(s) found. Status: timeout
01:20:16 INFO       \u2192 0 new staff records saved.
01:20:18 INFO     [283/1326] El Paso Elem (http://www.derbyschools.com/)
01:20:18 INFO       \u2192 0 art teacher(s) found. Status: robots_blocked
01:20:18 INFO       \u2192 0 new staff records saved.
01:20:21 INFO     [284/1326] Oaklawn Elem (http://www.derbyschools.com/)
01:20:21 INFO       \u2192 0 art teacher(s) found. Status: robots_blocked
01:20:21 INFO       \u2192 0 new staff records saved.
01:20:23 INFO     [285/1326] Paul B Cooper Elem (http://www.derbyschools.com/)
01:20:23 INFO       \u2192 0 art teacher(s) found. Status: robots_blocked
01:20:23 INFO       \u2192 0 new staff records saved.
01:20:26 INFO     [286/1326] Swaney Elem (http://www.derbyschools.com/)
01:20:26 INFO       \u2192 0 art teacher(s) found. Status: robots_blocked
01:20:26 INFO       \u2192 0 new staff records saved.
01:20:29 INFO     [287/1326] Wineteer Elem (http://www.derbyschools.com/)
01:20:29 INFO       \u2192 0 art teacher(s) found. Status: robots_blocked
01:20:29 INFO       \u2192 0 new staff records saved.
01:20:31 INFO     [288/1326] Derby High School (http://www.derbyschools.com/)
01:20:31 INFO       \u2192 0 art teacher(s) found. Status: robots_blocked
01:20:31 INFO       \u2192 0 new staff records saved.
01:20:34 INFO     [289/1326] Derby Middle Sch (http://www.derbyschools.com/)
01:20:34 INFO       \u2192 0 art teacher(s) found. Status: robots_blocked
01:20:34 INFO       \u2192 0 new staff records saved.
01:20:36 INFO     [290/1326] Tanglewood Elem (http://www.derbyschools.com/)
01:20:36 INFO       \u2192 0 art teacher(s) found. Status: robots_blocked
01:20:36 INFO       \u2192 0 new staff records saved.
01:20:39 INFO     [291/1326] Derby Hills Elem (http://www.derbyschools.com/)
01:20:39 INFO       \u2192 0 art teacher(s) found. Status: robots_blocked
01:20:39 INFO       \u2192 0 new staff records saved.
01:20:41 INFO     [292/1326] Park Hill Elementary (http://www.derbyschools.com/)
01:20:41 INFO       \u2192 0 art teacher(s) found. Status: robots_blocked
01:20:41 INFO       \u2192 0 new staff records saved.
01:20:44 INFO     [293/1326] Derby North Middle School (http://www.derbyschools.com/)
01:20:44 INFO       \u2192 0 art teacher(s) found. Status: robots_blocked
01:20:44 INFO       \u2192 0 new staff records saved.
01:20:46 INFO     [294/1326] Stone Creek Elementary (http://www.derbyschools.com/)
01:20:46 INFO       \u2192 0 art teacher(s) found. Status: robots_blocked
01:20:46 INFO       \u2192 0 new staff records saved.
01:20:49 INFO     [295/1326] Derby Virtual School (http://derbyschools.com)
01:20:49 INFO       \u2192 0 art teacher(s) found. Status: robots_blocked
01:20:49 INFO       \u2192 0 new staff records saved.
01:20:51 INFO     [296/1326] De Soto  High  School (http://dhs.usd232.org)
01:20:51 INFO       \u2192 0 art teacher(s) found. Status: robots_blocked
01:20:51 INFO       \u2192 0 new staff records saved.
01:20:54 INFO     [297/1326] Monticello Trails Middle School (http://mtms.usd232.org)
01:20:54 INFO       \u2192 0 art teacher(s) found. Status: robots_blocked
01:20:54 INFO       \u2192 0 new staff records saved.
01:20:57 INFO     [298/1326] Lexington Trails Middle School (http://ltms.usd232.org)
01:20:57 INFO       \u2192 0 art teacher(s) found. Status: robots_blocked
01:20:57 INFO       \u2192 0 new staff records saved.
01:20:59 INFO     [299/1326] Clear Creek Elem (http://cce.usd232.org)
01:20:59 INFO       \u2192 0 art teacher(s) found. Status: robots_blocked
01:20:59 INFO       \u2192 0 new staff records saved.
01:21:02 INFO     [300/1326] Starside Elem (http://se.usd232.org)
01:21:02 INFO       \u2192 0 art teacher(s) found. Status: robots_blocked
01:21:02 INFO       \u2192 0 new staff records saved.
01:21:04 INFO     [301/1326] Riverview Elementary (http://re.usd232.org)
01:21:04 INFO       \u2192 0 art teacher(s) found. Status: robots_blocked
01:21:04 INFO       \u2192 0 new staff records saved.
01:21:07 INFO     [302/1326] Mill Valley High School (http://mvhs.usd232.org)
01:21:07 INFO       \u2192 0 art teacher(s) found. Status: robots_blocked
01:21:07 INFO       \u2192 0 new staff records saved.
01:21:09 INFO     [303/1326] Mize Elementary School (http://me.usd232.org)
01:21:09 INFO       \u2192 0 art teacher(s) found. Status: robots_blocked
01:21:09 INFO       \u2192 0 new staff records saved.
01:21:12 INFO     [304/1326] Prairie Ridge Elementary School (http://pre.usd232.org)
01:21:12 INFO       \u2192 0 art teacher(s) found. Status: robots_blocked
01:21:12 INFO       \u2192 0 new staff records saved.
01:21:15 INFO     [305/1326] Mill Creek Middle School (http://mcms.usd232.org)
01:21:15 INFO       \u2192 0 art teacher(s) found. Status: robots_blocked
01:21:15 INFO       \u2192 0 new staff records saved.
01:21:17 INFO     [306/1326] Horizon Elementary (http://he.usd232.org)
01:21:17 INFO       \u2192 0 art teacher(s) found. Status: robots_blocked
01:21:17 INFO       \u2192 0 new staff records saved.
01:21:20 INFO     [307/1326] Belmont Elementary School (http://be.usd232.org)
01:21:20 INFO       \u2192 0 art teacher(s) found. Status: robots_blocked
01:21:20 INFO       \u2192 0 new staff records saved.
01:21:22 INFO     [308/1326] Virtual Education Program (http://www.usd232.org/Page/250)
01:21:22 INFO       \u2192 0 art teacher(s) found. Status: robots_blocked
01:21:22 INFO       \u2192 0 new staff records saved.
01:21:25 INFO     [309/1326] Dexter Elem (http://www.usd471.org)
01:21:27 INFO       Found directory at http://www.usd471.org/staff
01:21:47 INFO       \u2192 0 art teacher(s) found. Status: timeout
01:21:47 INFO       \u2192 0 new staff records saved.
01:21:49 INFO     [310/1326] Dexter High (http://www.usd471.org)
01:21:51 INFO       Found directory at http://www.usd471.org/staff
01:22:11 INFO       \u2192 0 art teacher(s) found. Status: timeout
01:22:11 INFO       \u2192 0 new staff records saved.
01:22:14 INFO     [311/1326] Dighton Elem (None)
01:22:14 INFO       \u2192 0 art teacher(s) found. Status: no_url
01:22:14 INFO       \u2192 0 new staff records saved.
01:22:16 INFO     [312/1326] Dighton High (http://www.usd482.org)
01:22:18 INFO       Found directory at http://www.usd482.org/staff
01:22:20 INFO       \u2192 0 art teacher(s) found. Status: no_art_teachers_found
01:22:20 INFO       \u2192 0 new staff records saved.
01:22:22 INFO     [313/1326] Beeson Elementary (http://usd443.org/542372_3)
01:22:34 INFO       \u2192 0 art teacher(s) found. Status: no_directory_found
01:22:34 INFO       \u2192 0 new staff records saved.
01:22:37 INFO     [314/1326] Linn Elementary (http://usd443.org/543274_3)
01:22:49 INFO       \u2192 0 art teacher(s) found. Status: no_directory_found
01:22:49 INFO       \u2192 0 new staff records saved.
01:22:52 INFO     [315/1326] Soule Elementary School (http://usd443.org/543512_3)
01:23:04 INFO       \u2192 0 art teacher(s) found. Status: no_directory_found
01:23:04 INFO       \u2192 0 new staff records saved.
01:23:06 INFO     [316/1326] Central Elem (http://usd443.org/543228_3)
01:23:19 INFO       \u2192 0 art teacher(s) found. Status: no_directory_found
01:23:19 INFO       \u2192 0 new staff records saved.
01:23:21 INFO     [317/1326] Miller Elem (http://usd443.org/543282_3)
01:23:33 INFO       \u2192 0 art teacher(s) found. Status: no_directory_found
01:23:33 INFO       \u2192 0 new staff records saved.
01:23:36 INFO     [318/1326] Northwest Elem (http://usd443.org/543509_3)
01:23:48 INFO       \u2192 0 art teacher(s) found. Status: no_directory_found
01:23:48 INFO       \u2192 0 new staff records saved.
01:23:51 INFO     [319/1326] Sunnyside Elem (http://usd443.org/543513_3)
01:24:03 INFO       \u2192 0 art teacher(s) found. Status: no_directory_found
01:24:03 INFO       \u2192 0 new staff records saved.
01:24:05 INFO     [320/1326] Dodge City Middle School (http://usd443.org/542155_3)
01:24:17 INFO       \u2192 0 art teacher(s) found. Status: no_directory_found
01:24:17 INFO       \u2192 0 new staff records saved.
01:24:20 INFO     [321/1326] Dodge City High School (http://usd443.org/541706_3)
01:24:32 INFO       \u2192 0 art teacher(s) found. Status: no_directory_found
01:24:32 INFO       \u2192 0 new staff records saved.
01:24:35 INFO     [322/1326] Comanche Middle School (http://usd443.org/543232_3)
01:24:47 INFO       \u2192 0 art teacher(s) found. Status: no_directory_found
01:24:47 INFO       \u2192 0 new staff records saved.
01:24:49 INFO     [323/1326] Ross Elementary School (http://usd443.org/543510_3)
01:25:01 INFO       \u2192 0 art teacher(s) found. Status: no_directory_found
01:25:02 INFO       \u2192 0 new staff records saved.
01:25:04 INFO     [324/1326] Marvin Sisk Middle School (http://www.usd396.net)
01:25:05 INFO       Found directory at http://www.usd396.net/staff
01:25:06 INFO       \u2192 0 art teacher(s) found. Status: no_art_teachers_found
01:25:06 INFO       \u2192 0 new staff records saved.
01:25:09 INFO     [325/1326] Leonard C Seal Elem (http://www.usd396.net)
01:25:10 INFO       Found directory at http://www.usd396.net/staff
01:25:11 INFO       \u2192 0 art teacher(s) found. Status: no_art_teachers_found
01:25:11 INFO       \u2192 0 new staff records saved.
01:25:14 INFO     [326/1326] Douglass High (http://www.usd396.net)
01:25:15 INFO       Found directory at http://www.usd396.net/staff
01:25:16 INFO       \u2192 0 art teacher(s) found. Status: no_art_teachers_found
01:25:16 INFO       \u2192 0 new staff records saved.
01:25:19 INFO     [327/1326] Pleasant Ridge Middle (http://www.easton449.org)
01:25:34 INFO       \u2192 0 art teacher(s) found. Status: no_directory_found
01:25:34 INFO       \u2192 0 new staff records saved.
01:25:36 INFO     [328/1326] Pleasant Ridge High (http://www.easton449.org)
01:25:51 INFO       \u2192 0 art teacher(s) found. Status: no_directory_found
01:25:51 INFO       \u2192 0 new staff records saved.
01:25:54 INFO     [329/1326] Pleasant Ridge Elementary (http://www.easton449.org)
01:26:08 INFO       \u2192 0 art teacher(s) found. Status: no_directory_found
01:26:09 INFO       \u2192 0 new staff records saved.
01:26:11 INFO     [330/1326] Atchison County Community JR/SR High (http://www.usd377.org)
01:26:24 INFO       Found directory at http://www.usd377.org/about-us/staff
01:26:25 INFO       \u2192 0 art teacher(s) found. Status: no_art_teachers_found
01:26:25 INFO       \u2192 0 new staff records saved.
01:26:28 INFO     [331/1326] Atchison County Community Elementary School (http://www.usd377.org)
01:26:40 INFO       Found directory at http://www.usd377.org/about-us/staff
01:26:41 INFO       \u2192 0 art teacher(s) found. Status: no_art_teachers_found
01:26:41 INFO       \u2192 0 new staff records saved.
01:26:44 INFO     [332/1326] Grandview Elem (http://www.usd490.org)
01:26:46 INFO       Found directory at http://www.usd490.org/staff
01:27:06 INFO       \u2192 0 art teacher(s) found. Status: timeout
01:27:06 INFO       \u2192 0 new staff records saved.
01:27:08 INFO     [333/1326] El Dorado Middle (http://www.usd490.org)
01:27:10 INFO       Found directory at http://www.usd490.org/staff
01:27:30 INFO       \u2192 0 art teacher(s) found. Status: timeout
01:27:30 INFO       \u2192 0 new staff records saved.
01:27:32 INFO     [334/1326] El Dorado High (http://www.usd490.org)
01:27:34 INFO       Found directory at http://www.usd490.org/staff
01:27:54 INFO       \u2192 0 art teacher(s) found. Status: timeout
01:27:54 INFO       \u2192 0 new staff records saved.
01:27:57 INFO     [335/1326] Skelly Elementary School (http://www.usd490.org)
01:27:59 INFO       Found directory at http://www.usd490.org/staff
01:28:19 INFO       \u2192 0 art teacher(s) found. Status: timeout
01:28:19 INFO       \u2192 0 new staff records saved.
01:28:21 INFO     [336/1326] Blackmore Elementary (http://www.usd490.org)
01:28:23 INFO       Found directory at http://www.usd490.org/staff
01:28:43 INFO       \u2192 0 art teacher(s) found. Status: timeout
01:28:43 INFO       \u2192 0 new staff records saved.
01:28:45 INFO     [337/1326] El Dorado Virtual School (http://www.usd490.org)
01:28:47 INFO       Found directory at http://www.usd490.org/staff
01:29:07 INFO       \u2192 0 art teacher(s) found. Status: timeout
01:29:07 INFO       \u2192 0 new staff records saved.
01:29:10 INFO     [338/1326] Elk Valley Elementary (http://www.usd283.org)
01:29:11 INFO       Found directory at http://www.usd283.org/staff
01:29:31 INFO       \u2192 0 art teacher(s) found. Status: timeout
01:29:31 INFO       \u2192 0 new staff records saved.
01:29:34 INFO     [339/1326] Elk Valley High School (http://www.usd283.org)
01:29:36 INFO       Found directory at http://www.usd283.org/staff
01:29:56 INFO       \u2192 0 art teacher(s) found. Status: timeout
01:29:56 INFO       \u2192 0 new staff records saved.
01:29:58 INFO     [340/1326] Rocket Online Schools (ROCS) (http://rocs.org)
01:29:59 INFO       Found directory at http://rocs.org/staff
01:30:20 INFO       \u2192 0 art teacher(s) found. Status: timeout
01:30:20 INFO       \u2192 0 new staff records saved.
01:30:22 INFO     [341/1326] Elkhart Middle School (http://www.usd218.org)
01:30:24 INFO       Found directory at http://www.usd218.org/staff
01:30:44 INFO       \u2192 0 art teacher(s) found. Status: timeout
01:30:44 INFO       \u2192 0 new staff records saved.
01:30:47 INFO     [342/1326] Elkhart Elem (http://www.usd218.org)
01:30:48 INFO       Found directory at http://www.usd218.org/staff
01:31:08 INFO       \u2192 0 art teacher(s) found. Status: timeout
01:31:08 INFO       \u2192 0 new staff records saved.
01:31:11 INFO     [343/1326] Elkhart High (http://www.usd218.org)
01:31:12 INFO       Found directory at http://www.usd218.org/staff
01:31:32 INFO       \u2192 0 art teacher(s) found. Status: timeout
01:31:33 INFO       \u2192 0 new staff records saved.
01:31:35 INFO     [344/1326] Kansas Connections Academy (http://www.connectionsacademy.com/kansas-online-school)
01:31:56 INFO       \u2192 0 art teacher(s) found. Status: no_directory_found
01:31:56 INFO       \u2192 0 new staff records saved.
01:31:58 INFO     [345/1326] Point Rock Alternative Learning Center (http://www.usd218.org)
01:32:00 INFO       Found directory at http://www.usd218.org/staff
01:32:21 INFO       \u2192 0 art teacher(s) found. Status: timeout
01:32:21 INFO       \u2192 0 new staff records saved.
01:32:23 INFO     [346/1326] Ell-Saline Middle/High School (http://www.ellsaline.org)
01:35:14 INFO       \u2192 0 art teacher(s) found. Status: no_directory_found
01:35:14 INFO       \u2192 0 new staff records saved.
01:35:16 INFO     [347/1326] Ell-Saline Elementary (http://www.ellsaline.org)
01:38:06 INFO       \u2192 0 art teacher(s) found. Status: no_directory_found
01:38:06 INFO       \u2192 0 new staff records saved.
01:38:09 INFO     [348/1326] Ellinwood Elem (http://www.usd355.org)
01:38:23 INFO       \u2192 0 art teacher(s) found. Status: no_directory_found
01:38:23 INFO       \u2192 0 new staff records saved.
01:38:25 INFO     [349/1326] Ellinwood  Middle School (http://www.usd355.org)
01:38:39 INFO       \u2192 0 art teacher(s) found. Status: no_directory_found
01:38:39 INFO       \u2192 0 new staff records saved.
01:38:41 INFO     [350/1326] Ellinwood High (http://www.usd355.org)
01:38:55 INFO       \u2192 0 art teacher(s) found. Status: no_directory_found
01:38:55 INFO       \u2192 0 new staff records saved.
01:38:57 INFO     [351/1326] Washington Elem (http://www.usd388.com)
01:39:00 INFO       Found directory at http://www.usd388.com/staff
01:39:20 INFO       \u2192 0 art teacher(s) found. Status: timeout
01:39:20 INFO       \u2192 0 new staff records saved.
01:39:22 INFO     [352/1326] Ellis Jr/Sr High (http://www.usd388.com)
01:39:24 INFO       Found directory at http://www.usd388.com/staff
01:39:44 INFO       \u2192 0 art teacher(s) found. Status: timeout
01:39:44 INFO       \u2192 0 new staff records saved.
01:39:47 INFO     [353/1326] Ellsworth Elem (http://www.usd327.org)
01:39:53 INFO       Found directory at http://www.usd327.org/about/staff
01:39:53 INFO       \u2192 0 art teacher(s) found. Status: no_art_teachers_found
01:39:53 INFO       \u2192 0 new staff records saved.
01:39:56 INFO     [354/1326] Ellsworth High (http://www.usd327.org)
01:40:02 INFO       Found directory at http://www.usd327.org/about/staff
01:40:03 INFO       \u2192 0 art teacher(s) found. Status: no_art_teachers_found
01:40:03 INFO       \u2192 0 new staff records saved.
01:40:05 INFO     [355/1326] Kanopolis Middle (http://www.usd327.org)
01:40:11 INFO       Found directory at http://www.usd327.org/about/staff
01:40:12 INFO       \u2192 0 art teacher(s) found. Status: no_art_teachers_found
01:40:12 INFO       \u2192 0 new staff records saved.
01:40:15 INFO     [356/1326] Village Elem (http://www.usd253.org/home/village)
01:40:15 INFO       \u2192 0 art teacher(s) found. Status: robots_blocked
01:40:15 INFO       \u2192 0 new staff records saved.
01:40:17 INFO     [357/1326] Walnut Elem (http://www.usd253.org/home/walnut)
01:40:17 INFO       \u2192 0 art teacher(s) found. Status: robots_blocked
01:40:17 INFO       \u2192 0 new staff records saved.
01:40:20 INFO     [358/1326] W A White Elem (http://www.usd253.org/home/waw)
01:40:20 INFO       \u2192 0 art teacher(s) found. Status: robots_blocked
01:40:20 INFO       \u2192 0 new staff records saved.
01:40:22 INFO     [359/1326] Emporia Middle School (http://www.usd253.org/ems/)
01:40:22 INFO       \u2192 0 art teacher(s) found. Status: robots_blocked
01:40:22 INFO       \u2192 0 new staff records saved.
01:40:25 INFO     [360/1326] Emporia High (http://www.usd253.org/ehs/)
01:40:25 INFO       \u2192 0 art teacher(s) found. Status: robots_blocked
01:40:25 INFO       \u2192 0 new staff records saved.
01:40:27 INFO     [361/1326] Logan Ave Elem (http://www.usd253.org/home/logan-avenue)
01:40:27 INFO       \u2192 0 art teacher(s) found. Status: robots_blocked
01:40:27 INFO       \u2192 0 new staff records saved.
01:40:30 INFO     [362/1326] Riverside Elementary (http://www.usd253.org/home/riverside)
01:40:30 INFO       \u2192 0 art teacher(s) found. Status: robots_blocked
01:40:30 INFO       \u2192 0 new staff records saved.
01:40:32 INFO     [363/1326] Timmerman Elementary (http://www.usd253.org/home/timmerman)
01:40:32 INFO       \u2192 0 art teacher(s) found. Status: robots_blocked
01:40:32 INFO       \u2192 0 new staff records saved.
01:40:35 INFO     [364/1326] Galesburg Middle School (http://www.usd101.com)
01:40:37 INFO       Found directory at http://www.usd101.com/staff
01:40:57 INFO       \u2192 0 art teacher(s) found. Status: timeout
01:40:57 INFO       \u2192 0 new staff records saved.
01:40:59 INFO     [365/1326] Erie Elementary (http://www.usd101.com)
01:41:01 INFO       Found directory at http://www.usd101.com/staff
01:41:21 INFO       \u2192 0 art teacher(s) found. Status: timeout
01:41:21 INFO       \u2192 0 new staff records saved.
01:41:23 INFO     [366/1326] Erie High School (http://www.usd101.com)
01:41:25 INFO       Found directory at http://www.usd101.com/staff
01:41:45 INFO       \u2192 0 art teacher(s) found. Status: timeout
01:41:45 INFO       \u2192 0 new staff records saved.
01:41:47 INFO     [367/1326] Mission Valley Junior and Senior High School (http://www.mv330.org)
01:41:49 INFO       Found directory at http://www.mv330.org/staff
01:42:09 INFO       \u2192 0 art teacher(s) found. Status: timeout
01:42:09 INFO       \u2192 0 new staff records saved.
01:42:12 INFO     [368/1326] Mission  Valley Elementary (http://www.mv330.org)
01:42:13 INFO       Found directory at http://www.mv330.org/staff
01:42:33 INFO       \u2192 0 art teacher(s) found. Status: timeout
01:42:33 INFO       \u2192 0 new staff records saved.
01:42:36 INFO     [369/1326] Eudora High  School (http://ehs.eudoraschools.org)
01:42:36 INFO       \u2192 0 art teacher(s) found. Status: robots_blocked
01:42:36 INFO       \u2192 0 new staff records saved.
01:42:38 INFO     [370/1326] Eudora Middle School (http://ems.eudoraschools.org)
01:42:38 INFO       \u2192 0 art teacher(s) found. Status: robots_blocked
01:42:39 INFO       \u2192 0 new staff records saved.
01:42:41 INFO     [371/1326] Eudora Elementary School (http://ees.eudoraschools.org)
01:42:41 INFO       \u2192 0 art teacher(s) found. Status: robots_blocked
01:42:41 INFO       \u2192 0 new staff records saved.
01:42:44 INFO     [372/1326] Eudora Schools Virtual Learning (http://esvl.eudoraschools.org)
01:42:44 INFO       \u2192 0 art teacher(s) found. Status: robots_blocked
01:42:44 INFO       \u2192 0 new staff records saved.
01:42:46 INFO     [373/1326] Eudora Early Learning Center (http://elc.eudoraschools.org/)
01:42:46 INFO       \u2192 0 art teacher(s) found. Status: robots_blocked
01:42:46 INFO       \u2192 0 new staff records saved.
01:42:49 INFO     [374/1326] Eureka Jr/Sr High (http://www.usd389.net)
01:45:39 INFO       \u2192 0 art teacher(s) found. Status: no_directory_found
01:45:39 INFO       \u2192 0 new staff records saved.
01:45:42 INFO     [375/1326] Marshall Elementary School (http://www.usd389.net)
01:48:32 INFO       \u2192 0 art teacher(s) found. Status: no_directory_found
01:48:32 INFO       \u2192 0 new staff records saved.
01:48:35 INFO     [376/1326] Eugene Ware Elem (http://www.usd234.org)
01:48:37 INFO       Found directory at http://www.usd234.org/staff
01:48:57 INFO       \u2192 0 art teacher(s) found. Status: timeout
01:48:57 INFO       \u2192 0 new staff records saved.
01:48:59 INFO     [377/1326] Winfield Scott Elem (http://www.usd234.org)
01:49:01 INFO       Found directory at http://www.usd234.org/staff
01:49:21 INFO       \u2192 0 art teacher(s) found. Status: timeout
01:49:21 INFO       \u2192 0 new staff records saved.
01:49:23 INFO     [378/1326] Fort Scott Middle School (http://www.usd234.org)
01:49:25 INFO       Found directory at http://www.usd234.org/staff
01:49:45 INFO       \u2192 0 art teacher(s) found. Status: timeout
01:49:45 INFO       \u2192 0 new staff records saved.
01:49:47 INFO     [379/1326] Fort Scott Sr High (http://www.usd234.org)
01:49:49 INFO       Found directory at http://www.usd234.org/staff
01:50:09 INFO       \u2192 0 art teacher(s) found. Status: timeout
01:50:09 INFO       \u2192 0 new staff records saved.
01:50:11 INFO     [380/1326] Fort Scott Preschool Center (http://usd234.org)
01:50:13 INFO       Found directory at http://usd234.org/staff
01:50:33 INFO       \u2192 0 art teacher(s) found. Status: timeout
01:50:33 INFO       \u2192 0 new staff records saved.
01:50:36 INFO     [381/1326] Fowler Elem (http://www.usd225.org)
01:53:26 INFO       \u2192 0 art teacher(s) found. Status: no_directory_found
01:53:26 INFO       \u2192 0 new staff records saved.
01:53:29 INFO     [382/1326] Fowler High (http://www.usd225.org)
01:56:19 INFO       \u2192 0 art teacher(s) found. Status: no_directory_found
01:56:19 INFO       \u2192 0 new staff records saved.
01:56:21 INFO     [383/1326] Frederic Remington High (http://www.usd206.org)
01:56:33 INFO       \u2192 0 art teacher(s) found. Status: no_directory_found
01:56:33 INFO       \u2192 0 new staff records saved.
01:56:36 INFO     [384/1326] Remington Elementary at Potwin (http://www.usd206.org)
01:56:47 INFO       \u2192 0 art teacher(s) found. Status: no_directory_found
01:56:47 INFO       \u2192 0 new staff records saved.
01:56:50 INFO     [385/1326] Remington Middle School (http://www.usd206.org)
01:57:01 INFO       \u2192 0 art teacher(s) found. Status: no_directory_found
01:57:01 INFO       \u2192 0 new staff records saved.
01:57:04 INFO     [386/1326] Lincoln Elementary (http://www.fredoniaks.com)
01:57:06 INFO       Found directory at http://www.fredoniaks.com/staff
01:57:26 INFO       \u2192 0 art teacher(s) found. Status: timeout
01:57:26 INFO       \u2192 0 new staff records saved.
01:57:29 INFO     [387/1326] Fredonia Jr./Sr. High School (http://www.fredoniaks.com)
01:57:30 INFO       Found directory at http://www.fredoniaks.com/staff
01:57:50 INFO       \u2192 0 art teacher(s) found. Status: timeout
01:57:50 INFO       \u2192 0 new staff records saved.
01:57:53 INFO     [388/1326] Fredonia Early Learning Center (http://www.fredoniaks.com)
01:57:54 INFO       Found directory at http://www.fredoniaks.com/staff
01:58:14 INFO       \u2192 0 art teacher(s) found. Status: timeout
01:58:14 INFO       \u2192 0 new staff records saved.
01:58:17 INFO     [389/1326] Fredonia Virtual Academy (http://www.fredoniaks.com)
01:58:19 INFO       Found directory at http://www.fredoniaks.com/staff
01:58:39 INFO       \u2192 0 art teacher(s) found. Status: timeout
01:58:39 INFO       \u2192 0 new staff records saved.
01:58:41 INFO     [390/1326] Frank Layden Elem (http://www.frontenac249.org)
01:58:54 INFO       \u2192 0 art teacher(s) found. Status: no_directory_found
01:58:54 INFO       \u2192 0 new staff records saved.
01:58:57 INFO     [391/1326] Frontenac Sr. High School (http://www.frontenac249.org)
01:59:10 INFO       \u2192 0 art teacher(s) found. Status: no_directory_found
01:59:10 INFO       \u2192 0 new staff records saved.
01:59:12 INFO     [392/1326] Frontenac Jr. High (http://www.frontenac249.org)
01:59:25 INFO       \u2192 0 art teacher(s) found. Status: no_directory_found
01:59:25 INFO       \u2192 0 new staff records saved.
01:59:28 INFO     [393/1326] Bradley Elem (http://bradley.usd207.org/)
01:59:28 INFO       \u2192 0 art teacher(s) found. Status: robots_blocked
01:59:28 INFO       \u2192 0 new staff records saved.
01:59:30 INFO     [394/1326] Eisenhower Elem (http://eisenhower.usd207.org/)
01:59:30 INFO       \u2192 0 art teacher(s) found. Status: robots_blocked
01:59:30 INFO       \u2192 0 new staff records saved.
01:59:33 INFO     [395/1326] MacArthur Elem (http://macarthur.usd207.org/)
01:59:33 INFO       \u2192 0 art teacher(s) found. Status: robots_blocked
01:59:33 INFO       \u2192 0 new staff records saved.
01:59:35 INFO     [396/1326] Patton Jr High (http://patton.usd207.org/)
01:59:35 INFO       \u2192 0 art teacher(s) found. Status: robots_blocked
01:59:35 INFO       \u2192 0 new staff records saved.
01:59:38 INFO     [397/1326] Liberty Elem (http://usd499.org)
01:59:50 INFO       \u2192 0 art teacher(s) found. Status: no_directory_found
01:59:50 INFO       \u2192 0 new staff records saved.
01:59:52 INFO     [398/1326] Spring Grove Primary Center (http://usd499.org)
02:00:05 INFO       \u2192 0 art teacher(s) found. Status: no_directory_found
02:00:05 INFO       \u2192 0 new staff records saved.
02:00:08 INFO     [399/1326] Galena High (http://usd499.org)
02:00:19 INFO       \u2192 0 art teacher(s) found. Status: no_directory_found
02:00:19 INFO       \u2192 0 new staff records saved.
02:00:22 INFO     [400/1326] Galena Middle School (http://usd499.org)
02:00:33 INFO       \u2192 0 art teacher(s) found. Status: no_directory_found
02:00:33 INFO       \u2192 0 new staff records saved.
02:00:36 INFO     [401/1326] Galena Virtual School (http://www.usd499.org/)
02:03:26 INFO       \u2192 0 art teacher(s) found. Status: no_directory_found
02:03:26 INFO       \u2192 0 new staff records saved.
02:03:29 INFO     [402/1326] Alta Brown Elem (http://www.gckschools.com/)
02:03:31 INFO       Found directory at http://www.gckschools.com/staff
02:03:51 INFO       \u2192 0 art teacher(s) found. Status: timeout
02:03:51 INFO       \u2192 0 new staff records saved.
02:03:53 INFO     [403/1326] Abe Hubert Elementary School (http://www.gckschools.com/)
02:03:55 INFO       Found directory at http://www.gckschools.com/staff
02:04:15 INFO       \u2192 0 art teacher(s) found. Status: timeout
02:04:15 INFO       \u2192 0 new staff records saved.
02:04:17 INFO     [404/1326] Buffalo Jones Elem (http://www.gckschools.com/)
02:04:19 INFO       Found directory at http://www.gckschools.com/staff
02:04:39 INFO       \u2192 0 art teacher(s) found. Status: timeout
02:04:39 INFO       \u2192 0 new staff records saved.
02:04:41 INFO     [405/1326] Georgia Matthews Elem (http://www.gckschools.com/)
02:04:43 INFO       Found directory at http://www.gckschools.com/staff
02:05:03 INFO       \u2192 0 art teacher(s) found. Status: timeout
02:05:03 INFO       \u2192 0 new staff records saved.
02:05:06 INFO     [406/1326] Horace J. Good Middle School (http://www.gckschools.com/)
02:05:07 INFO       Found directory at http://www.gckschools.com/staff
02:05:27 INFO       \u2192 0 art teacher(s) found. Status: timeout
02:05:27 INFO       \u2192 0 new staff records saved.
02:05:30 INFO     [407/1326] Garden City High School (http://www.gckschools.com/)
02:05:32 INFO       Found directory at http://www.gckschools.com/staff
02:05:52 INFO       \u2192 0 art teacher(s) found. Status: timeout
02:05:52 INFO       \u2192 0 new staff records saved.
02:05:54 INFO     [408/1326] Gertrude Walker Elem (http://www.gckschools.com/)
02:05:56 INFO       Found directory at http://www.gckschools.com/staff
02:06:16 INFO       \u2192 0 art teacher(s) found. Status: timeout
02:06:16 INFO       \u2192 0 new staff records saved.
02:06:18 INFO     [409/1326] Jennie Barker Elem (http://www.gckschools.com/)
02:06:20 INFO       Found directory at http://www.gckschools.com/staff
02:06:40 INFO       \u2192 0 art teacher(s) found. Status: timeout
02:06:40 INFO       \u2192 0 new staff records saved.
02:06:42 INFO     [410/1326] Jennie Wilson Elem (http://www.gckschools.com/)
02:06:44 INFO       Found directory at http://www.gckschools.com/staff
02:07:04 INFO       \u2192 0 art teacher(s) found. Status: timeout
02:07:04 INFO       \u2192 0 new staff records saved.
02:07:07 INFO     [411/1326] Kenneth Henderson Middle (http://www.gckschools.com/)
02:07:08 INFO       Found directory at http://www.gckschools.com/staff
02:07:28 INFO       \u2192 0 art teacher(s) found. Status: timeout
02:07:28 INFO       \u2192 0 new staff records saved.
02:07:31 INFO     [412/1326] Plymell Elementary (http://www.gckschools.com/)
02:07:32 INFO       Found directory at http://www.gckschools.com/staff
02:07:52 INFO       \u2192 0 art teacher(s) found. Status: timeout
02:07:52 INFO       \u2192 0 new staff records saved.
02:07:55 INFO     [413/1326] Bernadine Sitts Intermediate Ctr (http://www.gckschools.com/)
02:07:57 INFO       Found directory at http://www.gckschools.com/staff
02:08:17 INFO       \u2192 0 art teacher(s) found. Status: timeout
02:08:17 INFO       \u2192 0 new staff records saved.
02:08:20 INFO     [414/1326] Charles O Stones Intermediate Ctr (http://www.gckschools.com/)
02:08:22 INFO       Found directory at http://www.gckschools.com/staff
02:08:42 INFO       \u2192 0 art teacher(s) found. Status: timeout
02:08:42 INFO       \u2192 0 new staff records saved.
02:08:44 INFO     [415/1326] Florence Wilson Elem (http://www.gckschools.com/)
02:08:46 INFO       Found directory at http://www.gckschools.com/staff
02:09:06 INFO       \u2192 0 art teacher(s) found. Status: timeout
02:09:06 INFO       \u2192 0 new staff records saved.
02:09:08 INFO     [416/1326] Edith Scheuerman Elem (http://www.gckschools.com/)
02:09:10 INFO       Found directory at http://www.gckschools.com/staff
02:09:30 INFO       \u2192 0 art teacher(s) found. Status: timeout
02:09:30 INFO       \u2192 0 new staff records saved.
02:09:33 INFO     [417/1326] Victor Ornelas Elem (http://www.gckschools.com/)
02:09:34 INFO       Found directory at http://www.gckschools.com/staff
02:09:54 INFO       \u2192 0 art teacher(s) found. Status: timeout
02:09:54 INFO       \u2192 0 new staff records saved.
02:09:57 INFO     [418/1326] GC Achieve at J.D. Adams Hall (http://www.gckschools.com/)
02:09:58 INFO       Found directory at http://www.gckschools.com/staff
02:10:18 INFO       \u2192 0 art teacher(s) found. Status: timeout
02:10:18 INFO       \u2192 0 new staff records saved.
02:10:21 INFO     [419/1326] USD 457 Virtual Academy (http://www.gckschools.com)
02:10:23 INFO       Found directory at http://www.gckschools.com/staff
02:10:43 INFO       \u2192 0 art teacher(s) found. Status: timeout
02:10:43 INFO       \u2192 0 new staff records saved.
02:10:45 INFO     [420/1326] Gardner Elem (http://www.usd231.com)
02:10:48 INFO       Found directory at http://www.usd231.com/staff
02:11:08 INFO       \u2192 0 art teacher(s) found. Status: timeout
02:11:08 INFO       \u2192 0 new staff records saved.
02:11:10 INFO     [421/1326] Gardner Edgerton High (http://www.usd231.com)
02:11:12 INFO       Found directory at http://www.usd231.com/staff
02:11:32 INFO       \u2192 0 art teacher(s) found. Status: timeout
02:11:32 INFO       \u2192 0 new staff records saved.
02:11:34 INFO     [422/1326] Edgerton Elem (http://www.usd231.com)
02:11:36 INFO       Found directory at http://www.usd231.com/staff
02:11:56 INFO       \u2192 0 art teacher(s) found. Status: timeout
02:11:56 INFO       \u2192 0 new staff records saved.
02:11:59 INFO     [423/1326] Sunflower Elementary (http://www.usd231.com)
02:12:01 INFO       Found directory at http://www.usd231.com/staff
02:12:21 INFO       \u2192 0 art teacher(s) found. Status: timeout
02:12:21 INFO       \u2192 0 new staff records saved.
02:12:23 INFO     [424/1326] Moonlight Elementary School (http://www.usd231.com)
02:12:25 INFO       Found directory at http://www.usd231.com/staff
02:12:45 INFO       \u2192 0 art teacher(s) found. Status: timeout
02:12:45 INFO       \u2192 0 new staff records saved.
02:12:47 INFO     [425/1326] Madison Elementary (http://www.usd231.com)
02:12:49 INFO       Found directory at http://www.usd231.com/staff
02:13:09 INFO       \u2192 0 art teacher(s) found. Status: timeout
02:13:09 INFO       \u2192 0 new staff records saved.
02:13:12 INFO     [426/1326] Pioneer Ridge Middle School (http://www.usd231.com)
02:13:14 INFO       Found directory at http://www.usd231.com/staff
02:13:34 INFO       \u2192 0 art teacher(s) found. Status: timeout
02:13:34 INFO       \u2192 0 new staff records saved.
02:13:36 INFO     [427/1326] Nike Elementary (http://www.usd231.com)
02:13:38 INFO       Found directory at http://www.usd231.com/staff
02:13:58 INFO       \u2192 0 art teacher(s) found. Status: timeout
02:13:58 INFO       \u2192 0 new staff records saved.
02:14:00 INFO     [428/1326] Wheatridge Middle School (http://www.usd231.com)
02:14:02 INFO       Found directory at http://www.usd231.com/staff
02:14:22 INFO       \u2192 0 art teacher(s) found. Status: timeout
02:14:22 INFO       \u2192 0 new staff records saved.
02:14:25 INFO     [429/1326] Grand Star Elementary (http://www.usd231.com)
02:14:27 INFO       Found directory at http://www.usd231.com/staff
02:14:47 INFO       \u2192 0 art teacher(s) found. Status: timeout
02:14:47 INFO       \u2192 0 new staff records saved.
02:14:49 INFO     [430/1326] Trail Ridge Middle School (http://www.usd231.com)
02:14:51 INFO       Found directory at http://www.usd231.com/staff
02:15:11 INFO       \u2192 0 art teacher(s) found. Status: timeout
02:15:11 INFO       \u2192 0 new staff records saved.
02:15:14 INFO     [431/1326] Anderson County Jr/Sr High School (http://www.usd365.org)
02:15:28 INFO       \u2192 0 art teacher(s) found. Status: no_directory_found
02:15:28 INFO       \u2192 0 new staff records saved.
02:15:31 INFO     [432/1326] Greeley Elem (None)
02:15:31 INFO       \u2192 0 art teacher(s) found. Status: no_url
02:15:31 INFO       \u2192 0 new staff records saved.
02:15:33 INFO     [433/1326] Westphalia (None)
02:15:33 INFO       \u2192 0 art teacher(s) found. Status: no_url
02:15:33 INFO       \u2192 0 new staff records saved.
02:15:36 INFO     [434/1326] Garnett Elementary School (http://usd365.org)
02:15:50 INFO       \u2192 0 art teacher(s) found. Status: no_directory_found
02:15:50 INFO       \u2192 0 new staff records saved.
02:15:53 INFO     [435/1326] R V Haderlein Elem (http://www.girard248.org)
02:18:43 INFO       \u2192 0 art teacher(s) found. Status: no_directory_found
02:18:43 INFO       \u2192 0 new staff records saved.
02:18:46 INFO     [436/1326] Girard Middle (http://www.girard248.org)
02:21:36 INFO       \u2192 0 art teacher(s) found. Status: no_directory_found
02:21:36 INFO       \u2192 0 new staff records saved.
02:21:39 INFO     [437/1326] Girard High (http://www.girard248.org)
02:24:29 INFO       \u2192 0 art teacher(s) found. Status: no_directory_found
02:24:29 INFO       \u2192 0 new staff records saved.
02:24:32 INFO     [438/1326] Glasco Elem (http://www.sc334.org)
02:27:22 INFO       \u2192 0 art teacher(s) found. Status: no_directory_found
02:27:22 INFO       \u2192 0 new staff records saved.
02:27:24 INFO     [439/1326] Miltonvale Elem (http://www.sc334.org)
02:30:15 INFO       \u2192 0 art teacher(s) found. Status: no_directory_found
02:30:15 INFO       \u2192 0 new staff records saved.
02:30:17 INFO     [440/1326] Oak Street Elementary School K-4 (http://www.goddardusd.com)
02:30:19 INFO       Found directory at http://www.goddardusd.com/staff
02:30:39 INFO       \u2192 0 art teacher(s) found. Status: timeout
02:30:39 INFO       \u2192 0 new staff records saved.
02:30:42 INFO     [441/1326] Goddard High (http://www.goddardusd.com)
02:30:43 INFO       Found directory at http://www.goddardusd.com/staff
02:31:04 INFO       \u2192 0 art teacher(s) found. Status: timeout
02:31:04 INFO       \u2192 0 new staff records saved.
02:31:06 INFO     [442/1326] Goddard Middle School (http://www.goddardusd.com)
02:31:08 INFO       Found directory at http://www.goddardusd.com/staff
02:31:28 INFO       \u2192 0 art teacher(s) found. Status: timeout
02:31:28 INFO       \u2192 0 new staff records saved.
02:31:30 INFO     [443/1326] Challenger Intermediate School (http://www.goddardusd.com)
02:31:32 INFO       Found directory at http://www.goddardusd.com/staff
02:31:52 INFO       \u2192 0 art teacher(s) found. Status: timeout
02:31:52 INFO       \u2192 0 new staff records saved.
02:31:55 INFO     [444/1326] Amelia Earhart Elementary School (http://www.goddardusd.com)
02:31:56 INFO       Found directory at http://www.goddardusd.com/staff
02:32:16 INFO       \u2192 0 art teacher(s) found. Status: timeout
02:32:16 INFO       \u2192 0 new staff records saved.
02:32:19 INFO     [445/1326] Discovery Intermediate School (http://www.goddardusd.com)
02:32:20 INFO       Found directory at http://www.goddardusd.com/staff
02:32:40 INFO       \u2192 0 art teacher(s) found. Status: timeout
02:32:40 INFO       \u2192 0 new staff records saved.
02:32:43 INFO     [446/1326] Clark Davidson Elem (http://www.goddardusd.com)
02:32:45 INFO       Found directory at http://www.goddardusd.com/staff
02:33:05 INFO       \u2192 0 art teacher(s) found. Status: timeout
02:33:05 INFO       \u2192 0 new staff records saved.
02:33:07 INFO     [447/1326] Dwight D. Eisenhower Middle School (http://www.goddardusd.com)
02:33:09 INFO       Found directory at http://www.goddardusd.com/staff
02:33:29 INFO       \u2192 0 art teacher(s) found. Status: timeout
02:33:29 INFO       \u2192 0 new staff records saved.
02:33:31 INFO     [448/1326] Explorer Elementary School (http://www.goddardusd.com)
02:33:33 INFO       Found directory at http://www.goddardusd.com/staff
02:33:53 INFO       \u2192 0 art teacher(s) found. Status: timeout
02:33:53 INFO       \u2192 0 new staff records saved.
02:33:56 INFO     [449/1326] Apollo Elementary School (http://www.goddardusd.com)
02:33:57 INFO       Found directory at http://www.goddardusd.com/staff
02:34:17 INFO       \u2192 0 art teacher(s) found. Status: timeout
02:34:17 INFO       \u2192 0 new staff records saved.
02:34:20 INFO     [450/1326] Eisenhower High School (http://www.goddardusd.com)
02:34:22 INFO       Found directory at http://www.goddardusd.com/staff
02:34:42 INFO       \u2192 0 art teacher(s) found. Status: timeout
02:34:42 INFO       \u2192 0 new staff records saved.
02:34:44 INFO     [451/1326] USD 265 - Goddard Virtual School (http://goddardusd.com)
02:34:46 INFO       Found directory at http://goddardusd.com/staff
02:35:06 INFO       \u2192 0 art teacher(s) found. Status: timeout
02:35:06 INFO       \u2192 0 new staff records saved.
02:35:08 INFO     [452/1326] Goessel Elem (http://www.usd411.org)
02:37:59 INFO       \u2192 0 art teacher(s) found. Status: no_directory_found
02:37:59 INFO       \u2192 0 new staff records saved.
02:38:01 INFO     [453/1326] Goessel High (http://www.usd411.org)
02:40:52 INFO       \u2192 0 art teacher(s) found. Status: no_directory_found
02:40:52 INFO       \u2192 0 new staff records saved.
02:40:54 INFO     [454/1326] Goodland Jr-Sr. High School (http://www.usd352.org)
02:40:56 INFO       Found directory at http://www.usd352.org/staff
02:41:16 INFO       \u2192 0 art teacher(s) found. Status: timeout
02:41:16 INFO       \u2192 0 new staff records saved.
02:41:18 INFO     [455/1326] West Elementary (http://www.usd352.org)
02:41:20 INFO       Found directory at http://www.usd352.org/staff
02:41:40 INFO       \u2192 0 art teacher(s) found. Status: timeout
02:41:40 INFO       \u2192 0 new staff records saved.
02:41:43 INFO     [456/1326] North Elementary (http://www.usd352.org)
02:41:44 INFO       Found directory at http://www.usd352.org/staff
02:42:04 INFO       \u2192 0 art teacher(s) found. Status: timeout
02:42:04 INFO       \u2192 0 new staff records saved.
02:42:07 INFO     [457/1326] Goodland Virtual School (http://www.usd352.org)
02:42:08 INFO       Found directory at http://www.usd352.org/staff
02:42:28 INFO       \u2192 0 art teacher(s) found. Status: timeout
02:42:28 INFO       \u2192 0 new staff records saved.
02:42:31 INFO     [458/1326] Goodland Learning Center (http://www.usd352.org)
02:42:32 INFO       Found directory at http://www.usd352.org/staff
02:42:52 INFO       \u2192 0 art teacher(s) found. Status: timeout
02:42:52 INFO       \u2192 0 new staff records saved.
02:42:55 INFO     [459/1326] Wheatland Elementary School (http://www.thunderhawks.net)
02:43:07 INFO       \u2192 0 art teacher(s) found. Status: no_directory_found
02:43:07 INFO       \u2192 0 new staff records saved.
02:43:10 INFO     [460/1326] Wheatland High School (http://www.thunderhawks.net)
02:43:22 INFO       \u2192 0 art teacher(s) found. Status: no_directory_found
02:43:22 INFO       \u2192 0 new staff records saved.
02:43:24 INFO     [461/1326] Eisenhower Elem (None)
02:43:24 INFO       \u2192 0 art teacher(s) found. Status: no_url
02:43:24 INFO       \u2192 0 new staff records saved.
02:43:27 INFO     [462/1326] Jefferson Elem (None)
02:43:27 INFO       \u2192 0 art teacher(s) found. Status: no_url
02:43:27 INFO       \u2192 0 new staff records saved.
02:43:29 INFO     [463/1326] Lincoln Elem (None)
02:43:29 INFO       \u2192 0 art teacher(s) found. Status: no_url
02:43:29 INFO       \u2192 0 new staff records saved.
02:43:32 INFO     [464/1326] Park Elem (None)
02:43:32 INFO       \u2192 0 art teacher(s) found. Status: no_url
02:43:32 INFO       \u2192 0 new staff records saved.
02:43:34 INFO     [465/1326] Riley Elem (None)
02:43:34 INFO       \u2192 0 art teacher(s) found. Status: no_url
02:43:34 INFO       \u2192 0 new staff records saved.
02:43:37 INFO     [466/1326] Great Bend Middle School (None)
02:43:37 INFO       \u2192 0 art teacher(s) found. Status: no_url
02:43:37 INFO       \u2192 0 new staff records saved.
02:43:39 INFO     [467/1326] Great Bend High School (None)
02:43:39 INFO       \u2192 0 art teacher(s) found. Status: no_url
02:43:39 INFO       \u2192 0 new staff records saved.
02:43:42 INFO     [468/1326] Greeley County Elem School (http://www.tribuneschools.org)
02:43:50 INFO       Found directory at http://www.tribuneschools.org/directory
02:43:51 INFO       \u2192 0 art teacher(s) found. Status: no_art_teachers_found
02:43:51 INFO       \u2192 0 new staff records saved.
02:43:54 INFO     [469/1326] Greeley County Jr./Sr. High (http://www.tribuneschools.org)
02:44:02 INFO       Found directory at http://www.tribuneschools.org/directory
02:44:04 INFO       \u2192 0 art teacher(s) found. Status: no_art_teachers_found
02:44:04 INFO       \u2192 0 new staff records saved.
02:44:06 INFO     [470/1326] Kiowa County Elementary School (None)
02:44:06 INFO       \u2192 0 art teacher(s) found. Status: no_url
02:44:06 INFO       \u2192 0 new staff records saved.
02:44:09 INFO     [471/1326] Kiowa County Junior High/High School (http://www.usd422.org)
02:46:59 INFO       \u2192 0 art teacher(s) found. Status: no_directory_found
02:46:59 INFO       \u2192 0 new staff records saved.
02:47:01 INFO     [472/1326] Grinnell Grade School (None)
02:47:01 INFO       \u2192 0 art teacher(s) found. Status: no_url
02:47:01 INFO       \u2192 0 new staff records saved.
02:47:04 INFO     [473/1326] Grinnell Middle School (None)
02:47:04 INFO       \u2192 0 art teacher(s) found. Status: no_url
02:47:04 INFO       \u2192 0 new staff records saved.
02:47:06 INFO     [474/1326] Bentley Primary School (http://www.usd440.com)
02:47:09 INFO       Found directory at http://www.usd440.com/staff
02:47:29 INFO       \u2192 0 art teacher(s) found. Status: timeout
02:47:29 INFO       \u2192 0 new staff records saved.
02:47:31 INFO     [475/1326] Halstead Middle School (http://www.usd440.com)
02:47:34 INFO       Found directory at http://www.usd440.com/staff
02:47:54 INFO       \u2192 0 art teacher(s) found. Status: timeout
02:47:54 INFO       \u2192 0 new staff records saved.
02:47:56 INFO     [476/1326] Halstead High (http://www.usd440.com)
02:47:58 INFO       Found directory at http://www.usd440.com/staff
02:48:18 INFO       \u2192 0 art teacher(s) found. Status: timeout
02:48:18 INFO       \u2192 0 new staff records saved.
02:48:21 INFO     [477/1326] Hamilton Elem (http://www.hamilton390.com/)
02:48:24 INFO       Found directory at http://www.hamilton390.com/staff
02:48:44 INFO       \u2192 0 art teacher(s) found. Status: timeout
02:48:44 INFO       \u2192 0 new staff records saved.
02:48:46 INFO     [478/1326] Hamilton High (http://www.hamilton390.com/)
02:48:48 INFO       Found directory at http://www.hamilton390.com/staff
02:49:08 INFO       \u2192 0 art teacher(s) found. Status: timeout
02:49:08 INFO       \u2192 0 new staff records saved.
02:49:10 INFO     [479/1326] Hartford Jr./Sr. High School (http://www.usd252.org)
02:49:12 INFO       Found directory at http://www.usd252.org/staff
02:49:32 INFO       \u2192 0 art teacher(s) found. Status: timeout
02:49:32 INFO       \u2192 0 new staff records saved.
02:49:35 INFO     [480/1326] Neosho Rapids Elementary (http://www.usd252.org)
02:49:36 INFO       Found directory at http://www.usd252.org/staff
02:49:56 INFO       \u2192 0 art teacher(s) found. Status: timeout
02:49:56 INFO       \u2192 0 new staff records saved.
02:49:59 INFO     [481/1326] Olpe Elementary (http://www.usd252.org/)
02:50:00 INFO       Found directory at http://www.usd252.org/staff
02:50:20 INFO       \u2192 0 art teacher(s) found. Status: timeout
02:50:20 INFO       \u2192 0 new staff records saved.
02:50:23 INFO     [482/1326] Olpe Jr./Sr. High School (http://www.usd252.org/)
02:50:25 INFO       Found directory at http://www.usd252.org/staff
02:50:45 INFO       \u2192 0 art teacher(s) found. Status: timeout
02:50:45 INFO       \u2192 0 new staff records saved.
02:50:47 INFO     [483/1326] Haven Elem (http://www.havenschools.com/)
02:50:49 INFO       Found directory at http://www.havenschools.com/staff
02:51:09 INFO       \u2192 0 art teacher(s) found. Status: timeout
02:51:09 INFO       \u2192 0 new staff records saved.
02:51:12 INFO     [484/1326] Haven High (http://www.havenschools.com/)
02:51:13 INFO       Found directory at http://www.havenschools.com/staff
02:51:33 INFO       \u2192 0 art teacher(s) found. Status: timeout
02:51:33 INFO       \u2192 0 new staff records saved.
02:51:36 INFO     [485/1326] Haven Middle School (http://www.havenschools.com/)
02:51:37 INFO       Found directory at http://www.havenschools.com/staff
02:51:57 INFO       \u2192 0 art teacher(s) found. Status: timeout
02:51:57 INFO       \u2192 0 new staff records saved.
02:52:00 INFO     [486/1326] Little Learners at Yoder (http://www.havenschools.com)
02:52:01 INFO       Found directory at http://www.havenschools.com/staff
02:52:21 INFO       \u2192 0 art teacher(s) found. Status: timeout
02:52:21 INFO       \u2192 0 new staff records saved.
02:52:24 INFO     [487/1326] Haviland Elem (http://usd474.org)
02:52:27 INFO       Found directory at http://usd474.org/faculty
02:52:28 INFO       \u2192 0 art teacher(s) found. Status: no_art_teachers_found
02:52:28 INFO       \u2192 0 new staff records saved.
02:52:31 INFO     [488/1326] Lincoln Elem (http://www.usd489.com)
02:52:33 INFO       Found directory at http://www.usd489.com/staff
02:52:53 INFO       \u2192 0 art teacher(s) found. Status: timeout
02:52:53 INFO       \u2192 0 new staff records saved.
02:52:56 INFO     [489/1326] Woodrow Wilson Elem (http://www.usd489.com)
02:52:57 INFO       Found directory at http://www.usd489.com/staff
02:53:17 INFO       \u2192 0 art teacher(s) found. Status: timeout
02:53:17 INFO       \u2192 0 new staff records saved.
02:53:20 INFO     [490/1326] Hays Middle School (http://www.usd489.com)
02:53:21 INFO       Found directory at http://www.usd489.com/staff
02:53:41 INFO       \u2192 0 art teacher(s) found. Status: timeout
02:53:41 INFO       \u2192 0 new staff records saved.
02:53:44 INFO     [491/1326] Hays High (http://www.hayshighindians.com)
02:53:44 INFO       \u2192 0 art teacher(s) found. Status: robots_blocked
02:53:44 INFO       \u2192 0 new staff records saved.
02:53:46 INFO     [492/1326] Roosevelt Elem (http://www.usd489.com)
02:53:48 INFO       Found directory at http://www.usd489.com/staff
02:54:08 INFO       \u2192 0 art teacher(s) found. Status: timeout
02:54:08 INFO       \u2192 0 new staff records saved.
02:54:11 INFO     [493/1326] Kathryn O'Loughlin McCarthy Elem (http://www.usd489.com)
02:54:12 INFO       Found directory at http://www.usd489.com/staff
02:54:32 INFO       \u2192 0 art teacher(s) found. Status: timeout
02:54:32 INFO       \u2192 0 new staff records saved.
02:54:35 INFO     [494/1326] Hays Virtual School (http://www.usd489.com)
02:54:37 INFO       Found directory at http://www.usd489.com/staff
02:54:57 INFO       \u2192 0 art teacher(s) found. Status: timeout
02:54:57 INFO       \u2192 0 new staff records saved.
02:54:59 INFO     [495/1326] Campus High Haysville (http://usd261.com)
02:54:59 INFO       \u2192 0 art teacher(s) found. Status: robots_blocked
02:54:59 INFO       \u2192 0 new staff records saved.
02:55:02 INFO     [496/1326] Haysville Middle School (None)
02:55:02 INFO       \u2192 0 art teacher(s) found. Status: no_url
02:55:02 INFO       \u2192 0 new staff records saved.
02:55:04 INFO     [497/1326] Nelson Elem (http://usd261.com)
02:55:04 INFO       \u2192 0 art teacher(s) found. Status: robots_blocked
02:55:04 INFO       \u2192 0 new staff records saved.
02:55:07 INFO     [498/1326] Oatville Elem (http://usd261.com)
02:55:07 INFO       \u2192 0 art teacher(s) found. Status: robots_blocked
02:55:07 INFO       \u2192 0 new staff records saved.
02:55:09 INFO     [499/1326] Rex Elem (http://usd261.com)
02:55:09 INFO       \u2192 0 art teacher(s) found. Status: robots_blocked
02:55:09 INFO       \u2192 0 new staff records saved.
02:55:12 INFO     [500/1326] Freeman Elem (http://usd261.com)
02:55:12 INFO       \u2192 0 art teacher(s) found. Status: robots_blocked
02:55:12 INFO       \u2192 0 new staff records saved.
02:55:14 INFO     [501/1326] Ruth Clark Elementary K-5 (http://usd261.com)
02:55:14 INFO       \u2192 0 art teacher(s) found. Status: robots_blocked
02:55:14 INFO       \u2192 0 new staff records saved.
02:55:17 INFO     [502/1326] Prairie Elementary School (http://usd261.com)
02:55:17 INFO       \u2192 0 art teacher(s) found. Status: robots_blocked
02:55:17 INFO       \u2192 0 new staff records saved.
02:55:19 INFO     [503/1326] Haysville West Middle School (http://usd261.com)
02:55:19 INFO       \u2192 0 art teacher(s) found. Status: robots_blocked
02:55:19 INFO       \u2192 0 new staff records saved.
02:55:22 INFO     [504/1326] Healy Elem (http://www.usd468.org/)
02:55:35 INFO       \u2192 0 art teacher(s) found. Status: no_directory_found
02:55:35 INFO       \u2192 0 new staff records saved.
02:55:37 INFO     [505/1326] Healy High (http://www.usd468.org/)
02:55:50 INFO       \u2192 0 art teacher(s) found. Status: no_directory_found
02:55:50 INFO       \u2192 0 new staff records saved.
02:55:52 INFO     [506/1326] Herington Elem (http://www.heringtonschools.org)
02:55:54 INFO       Found directory at http://www.heringtonschools.org/staff
02:56:14 INFO       \u2192 0 art teacher(s) found. Status: timeout
02:56:14 INFO       \u2192 0 new staff records saved.
02:56:17 INFO     [507/1326] Herington Middle Sch (http://www.heringtonschools.org)
02:56:18 INFO       Found directory at http://www.heringtonschools.org/staff
02:56:38 INFO       \u2192 0 art teacher(s) found. Status: timeout
02:56:38 INFO       \u2192 0 new staff records saved.
02:56:41 INFO     [508/1326] Herington High (http://www.heringtonschools.org)
02:56:43 INFO       Found directory at http://www.heringtonschools.org/staff
02:57:03 INFO       \u2192 0 art teacher(s) found. Status: timeout
02:57:03 INFO       \u2192 0 new staff records saved.
02:57:05 INFO     [509/1326] Hesston Elem (http://es.hesstonschools.org/o/hes)
02:57:07 INFO       Found directory at http://es.hesstonschools.org/o/hes/staff
02:57:27 INFO       \u2192 0 art teacher(s) found. Status: timeout
02:57:27 INFO       \u2192 0 new staff records saved.
02:57:30 INFO     [510/1326] Hesston Middle (http://ms.hesstonschools.org/o/hms)
02:57:31 INFO       Found directory at http://ms.hesstonschools.org/o/hms/staff
02:57:51 INFO       \u2192 0 art teacher(s) found. Status: timeout
02:57:51 INFO       \u2192 0 new staff records saved.
02:57:54 INFO     [511/1326] Hesston High (http://hs.hesstonschools.org/o/hhs)
02:57:56 INFO       Found directory at http://hs.hesstonschools.org/o/hhs/staff
02:58:16 INFO       \u2192 0 art teacher(s) found. Status: timeout
02:58:16 INFO       \u2192 0 new staff records saved.
02:58:18 INFO     [512/1326] Hill City Elem (http://www.usd281.com)
02:58:20 INFO       Found directory at http://www.usd281.com/staff
02:58:40 INFO       \u2192 0 art teacher(s) found. Status: timeout
02:58:40 INFO       \u2192 0 new staff records saved.
02:58:42 INFO     [513/1326] Hill City Junior-Senior High (http://www.usd281.com)
02:58:44 INFO       Found directory at http://www.usd281.com/staff
02:59:04 INFO       \u2192 0 art teacher(s) found. Status: timeout
02:59:04 INFO       \u2192 0 new staff records saved.
02:59:06 INFO     [514/1326] Hillsboro Elem (http://www.usd410.net)
02:59:08 INFO       Found directory at http://www.usd410.net/staff
02:59:28 INFO       \u2192 0 art teacher(s) found. Status: timeout
02:59:28 INFO       \u2192 0 new staff records saved.
02:59:31 INFO     [515/1326] Hillsboro Middle/High School (http://www.usd410.net)
02:59:33 INFO       Found directory at http://www.usd410.net/staff
02:59:53 INFO       \u2192 0 art teacher(s) found. Status: timeout
02:59:53 INFO       \u2192 0 new staff records saved.
02:59:56 INFO     [516/1326] Hoisington Middle (http://www.usd431.net)
02:59:58 INFO       Found directory at http://www.usd431.net/staff
03:00:18 INFO       \u2192 0 art teacher(s) found. Status: timeout
03:00:18 INFO       \u2192 0 new staff records saved.
03:00:20 INFO     [517/1326] Hoisington High (http://www.usd431.net/)
03:00:22 INFO       Found directory at http://www.usd431.net/staff
03:00:42 INFO       \u2192 0 art teacher(s) found. Status: timeout
03:00:42 INFO       \u2192 0 new staff records saved.
03:00:44 INFO     [518/1326] Roosevelt Elementary (http://www.usd431.net/)
03:00:46 INFO       Found directory at http://www.usd431.net/staff
03:01:06 INFO       \u2192 0 art teacher(s) found. Status: timeout
03:01:06 INFO       \u2192 0 new staff records saved.
03:01:09 INFO     [519/1326] Lincoln Elementary (http://www.usd431.net/)
03:01:10 INFO       Found directory at http://www.usd431.net/staff
03:01:30 INFO       \u2192 0 art teacher(s) found. Status: timeout
03:01:30 INFO       \u2192 0 new staff records saved.
03:01:33 INFO     [520/1326] Holcomb Elem 3-5 (http://www.usd363.com)
03:01:37 INFO       Found directory at http://www.usd363.com/staff
03:01:57 INFO       \u2192 0 art teacher(s) found. Status: timeout
03:01:57 INFO       \u2192 0 new staff records saved.
03:02:00 INFO     [521/1326] Holcomb High (http://www.usd363.com)
03:02:02 INFO       Found directory at http://www.usd363.com/staff
03:02:23 INFO       \u2192 0 art teacher(s) found. Status: timeout
03:02:23 INFO       \u2192 0 new staff records saved.
03:02:26 INFO     [522/1326] Holcomb Middle (http://www.usd363.com)
03:02:28 INFO       Found directory at http://www.usd363.com/staff
03:02:48 INFO       \u2192 0 art teacher(s) found. Status: timeout
03:02:48 INFO       \u2192 0 new staff records saved.
03:02:50 INFO     [523/1326] Wiley Elem (http://www.usd363.com)
03:02:52 INFO       Found directory at http://www.usd363.com/staff
03:03:12 INFO       \u2192 0 art teacher(s) found. Status: timeout
03:03:12 INFO       \u2192 0 new staff records saved.
03:03:15 INFO     [524/1326] USD 363 Virtual Academy (http://usd363.com)
03:03:17 INFO       Found directory at http://usd363.com/staff
03:03:37 INFO       \u2192 0 art teacher(s) found. Status: timeout
03:03:37 INFO       \u2192 0 new staff records saved.
03:03:39 INFO     [525/1326] Holton Elementary School (http://www.holtonks.net)
03:03:41 INFO       Found directory at http://www.holtonks.net/staff
03:04:01 INFO       \u2192 0 art teacher(s) found. Status: timeout
03:04:01 INFO       \u2192 0 new staff records saved.
03:04:04 INFO     [526/1326] Holton Middle (http://www.holtonks.net)
03:04:05 INFO       Found directory at http://www.holtonks.net/staff
03:04:25 INFO       \u2192 0 art teacher(s) found. Status: timeout
03:04:25 INFO       \u2192 0 new staff records saved.
03:04:28 INFO     [527/1326] Holton High (http://www.holtonks.net)
03:04:30 INFO       Found directory at http://www.holtonks.net/staff
03:04:50 INFO       \u2192 0 art teacher(s) found. Status: timeout
03:04:50 INFO       \u2192 0 new staff records saved.
03:04:52 INFO     [528/1326] Fresh Start (Virtual) (http://www.holtonks.net)
03:04:54 INFO       Found directory at http://www.holtonks.net/staff
03:05:14 INFO       \u2192 0 art teacher(s) found. Status: timeout
03:05:14 INFO       \u2192 0 new staff records saved.
03:05:17 INFO     [529/1326] Hope Elem (http://www.usd481.org)
03:05:19 INFO       Found directory at http://www.usd481.org/staff
03:05:39 INFO       \u2192 0 art teacher(s) found. Status: timeout
03:05:39 INFO       \u2192 0 new staff records saved.
03:05:41 INFO     [530/1326] Hope High (http://www.usd481.org)
03:05:43 INFO       Found directory at http://www.usd481.org/staff
03:06:03 INFO       \u2192 0 art teacher(s) found. Status: timeout
03:06:03 INFO       \u2192 0 new staff records saved.
03:06:05 INFO     [531/1326] White City Elem (http://www.usd481.org)
03:06:07 INFO       Found directory at http://www.usd481.org/staff
03:06:27 INFO       \u2192 0 art teacher(s) found. Status: timeout
03:06:27 INFO       \u2192 0 new staff records saved.
03:06:29 INFO     [532/1326] White City High (http://www.usd481.org)
03:06:31 INFO       Found directory at http://www.usd481.org/staff
03:06:51 INFO       \u2192 0 art teacher(s) found. Status: timeout
03:06:51 INFO       \u2192 0 new staff records saved.
03:06:53 INFO     [533/1326] Everest Middle (None)
03:06:53 INFO       \u2192 0 art teacher(s) found. Status: no_url
03:06:53 INFO       \u2192 0 new staff records saved.
03:06:56 INFO     [534/1326] Horton Elem (http://usd430.org)
03:06:58 INFO       Found directory at http://usd430.org/staff
03:07:18 INFO       \u2192 0 art teacher(s) found. Status: timeout
03:07:18 INFO       \u2192 0 new staff records saved.
03:07:20 INFO     [535/1326] Horton High (http://usd430.org)
03:07:22 INFO       Found directory at http://usd430.org/staff
03:07:42 INFO       \u2192 0 art teacher(s) found. Status: timeout
03:07:42 INFO       \u2192 0 new staff records saved.
03:07:45 INFO     [536/1326] West Elk Schools (http://westelk.us)
03:07:59 INFO       \u2192 0 art teacher(s) found. Status: no_directory_found
03:07:59 INFO       \u2192 0 new staff records saved.
03:08:02 INFO     [537/1326] West Elk Virtual Academy (http://westelk.us)
03:08:16 INFO       \u2192 0 art teacher(s) found. Status: no_directory_found
03:08:16 INFO       \u2192 0 new staff records saved.
03:08:18 INFO     [538/1326] Hoxie Elem (http://www.hoxie.org)
03:11:09 INFO       \u2192 0 art teacher(s) found. Status: no_directory_found
03:11:09 INFO       \u2192 0 new staff records saved.
03:11:11 INFO     [539/1326] Hoxie High (http://www.hoxie.org)
03:14:01 INFO       \u2192 0 art teacher(s) found. Status: no_directory_found
03:14:01 INFO       \u2192 0 new staff records saved.
03:14:04 INFO     [540/1326] Hugoton Elem (http://www.usd210.org)
03:14:06 INFO       Found directory at http://www.usd210.org/staff
03:14:26 INFO       \u2192 0 art teacher(s) found. Status: timeout
03:14:26 INFO       \u2192 0 new staff records saved.
03:14:29 INFO     [541/1326] Hugoton Middle (http://www.usd210.org)
03:14:30 INFO       Found directory at http://www.usd210.org/staff
03:14:50 INFO       \u2192 0 art teacher(s) found. Status: timeout
03:14:50 INFO       \u2192 0 new staff records saved.
03:14:53 INFO     [542/1326] Hugoton High (http://www.usd210.org)
03:14:54 INFO       Found directory at http://www.usd210.org/staff
03:15:15 INFO       \u2192 0 art teacher(s) found. Status: timeout
03:15:15 INFO       \u2192 0 new staff records saved.
03:15:17 INFO     [543/1326] Hugoton Learning Academy (None)
03:15:17 INFO       \u2192 0 art teacher(s) found. Status: no_url
03:15:17 INFO       \u2192 0 new staff records saved.
03:15:20 INFO     [544/1326] Humboldt High School (http://www.usd258.net)
03:15:21 INFO       Found directory at http://www.usd258.net/staff
03:15:41 INFO       \u2192 0 art teacher(s) found. Status: timeout
03:15:41 INFO       \u2192 0 new staff records saved.
03:15:44 INFO     [545/1326] Humboldt Middle School (http://www.usd258.net)
03:15:45 INFO       Found directory at http://www.usd258.net/staff
03:16:05 INFO       \u2192 0 art teacher(s) found. Status: timeout
03:16:05 INFO       \u2192 0 new staff records saved.
03:16:08 INFO     [546/1326] Humboldt Elementary School (http://www.usd258.net)
03:16:10 INFO       Found directory at http://www.usd258.net/staff
03:16:30 INFO       \u2192 0 art teacher(s) found. Status: timeout
03:16:30 INFO       \u2192 0 new staff records saved.
03:16:32 INFO     [547/1326] Humboldt Virtual Education (http://usd258.net)
03:16:34 INFO       Found directory at http://usd258.net/staff
03:16:54 INFO       \u2192 0 art teacher(s) found. Status: timeout
03:16:54 INFO       \u2192 0 new staff records saved.
03:16:56 INFO     [548/1326] Faris Elementary (http://www.usd308.com)
03:16:58 INFO       Found directory at http://www.usd308.com/staff
03:17:18 INFO       \u2192 0 art teacher(s) found. Status: timeout
03:17:18 INFO       \u2192 0 new staff records saved.
03:17:21 INFO     [549/1326] Graber Elementary (http://www.usd308.com)
03:17:23 INFO       Found directory at http://www.usd308.com/staff
03:17:43 INFO       \u2192 0 art teacher(s) found. Status: timeout
03:17:43 INFO       \u2192 0 new staff records saved.
03:17:45 INFO     [550/1326] McCandless Elementary (http://www.usd308.com)
03:17:47 INFO       Found directory at http://www.usd308.com/staff
03:18:07 INFO       \u2192 0 art teacher(s) found. Status: timeout
03:18:07 INFO       \u2192 0 new staff records saved.
03:18:10 INFO     [551/1326] Morgan Elementary (http://www.usd308.com)
03:18:11 INFO       Found directory at http://www.usd308.com/staff
03:18:31 INFO       \u2192 0 art teacher(s) found. Status: timeout
03:18:31 INFO       \u2192 0 new staff records saved.
03:18:34 INFO     [552/1326] Wiley Elementary (http://www.usd308.com)
03:18:36 INFO       Found directory at http://www.usd308.com/staff
03:18:56 INFO       \u2192 0 art teacher(s) found. Status: timeout
03:18:56 INFO       \u2192 0 new staff records saved.
03:18:58 INFO     [553/1326] Hutchinson High School (http://www.usd308.com)
03:19:00 INFO       Found directory at http://www.usd308.com/staff
03:19:20 INFO       \u2192 0 art teacher(s) found. Status: timeout
03:19:20 INFO       \u2192 0 new staff records saved.
03:19:22 INFO     [554/1326] Hutchinson Middle School 8 (http://www.usd308.com)
03:19:24 INFO       Found directory at http://www.usd308.com/staff
03:19:44 INFO       \u2192 0 art teacher(s) found. Status: timeout
03:19:44 INFO       \u2192 0 new staff records saved.
03:19:46 INFO     [555/1326] Hutchinson Magnet School at Allen (http://www.usd308.com)
03:19:48 INFO       Found directory at http://www.usd308.com/staff
03:20:08 INFO       \u2192 0 art teacher(s) found. Status: timeout
03:20:08 INFO       \u2192 0 new staff records saved.
03:20:10 INFO     [556/1326] Hutchinson Middle School 7 (http://www.usd308.com)
03:20:12 INFO       Found directory at http://www.usd308.com/staff
03:20:32 INFO       \u2192 0 art teacher(s) found. Status: timeout
03:20:32 INFO       \u2192 0 new staff records saved.
03:20:34 INFO     [557/1326] Hutchinson Virtual School (http://www.usd308.com)
03:20:36 INFO       Found directory at http://www.usd308.com/staff
03:20:56 INFO       \u2192 0 art teacher(s) found. Status: timeout
03:20:56 INFO       \u2192 0 new staff records saved.
03:20:59 INFO     [558/1326] Independence Middle (http://www.indyschools.com)
03:21:00 INFO       Found directory at http://www.indyschools.com/staff
03:21:20 INFO       \u2192 0 art teacher(s) found. Status: timeout
03:21:20 INFO       \u2192 0 new staff records saved.
03:21:23 INFO     [559/1326] Independence Sr High (http://www.indyschools.com)
03:21:25 INFO       Found directory at http://www.indyschools.com/staff
03:21:45 INFO       \u2192 0 art teacher(s) found. Status: timeout
03:21:45 INFO       \u2192 0 new staff records saved.
03:21:47 INFO     [560/1326] Eisenhower Elem (http://www.indyschools.com)
03:21:49 INFO       Found directory at http://www.indyschools.com/staff
03:22:09 INFO       \u2192 0 art teacher(s) found. Status: timeout
03:22:09 INFO       \u2192 0 new staff records saved.
03:22:12 INFO     [561/1326] Jefferson School (http://www.indyschools.com)
03:22:14 INFO       Found directory at http://www.indyschools.com/staff
03:22:34 INFO       \u2192 0 art teacher(s) found. Status: timeout
03:22:34 INFO       \u2192 0 new staff records saved.
03:22:36 INFO     [562/1326] BRIDGES Academy (http://indyschools.com)
03:22:38 INFO       Found directory at http://indyschools.com/staff
03:22:58 INFO       \u2192 0 art teacher(s) found. Status: timeout
03:22:58 INFO       \u2192 0 new staff records saved.
03:23:01 INFO     [563/1326] Ingalls Elem (http://ingallsusd477.com)
03:23:05 INFO       \u2192 0 art teacher(s) found. Status: no_directory_found
03:23:05 INFO       \u2192 0 new staff records saved.
03:23:07 INFO     [564/1326] Ingalls High School/Junior High (http://ingallsusd477.com)
03:23:12 INFO       \u2192 0 art teacher(s) found. Status: no_directory_found
03:23:12 INFO       \u2192 0 new staff records saved.
03:23:14 INFO     [565/1326] Inman Elem (http://www.usd448.com)
03:23:16 INFO       Found directory at http://www.usd448.com/staff
03:23:36 INFO       \u2192 0 art teacher(s) found. Status: timeout
03:23:36 INFO       \u2192 0 new staff records saved.
03:23:38 INFO     [566/1326] Inman Jr/Sr High School (http://www.usd448.com/)
03:23:40 INFO       Found directory at http://www.usd448.com/staff
03:24:00 INFO       \u2192 0 art teacher(s) found. Status: timeout
03:24:00 INFO       \u2192 0 new staff records saved.
03:24:02 INFO     [567/1326] Iola Middle School (http://ims.usd257.org/)
03:24:07 INFO       Found directory at http://ims.usd257.org/faculty-directory
03:24:08 INFO       \u2192 0 art teacher(s) found. Status: no_art_teachers_found
03:24:08 INFO       \u2192 0 new staff records saved.
03:24:11 INFO     [568/1326] Iola Sr High (http://ihs.usd257.org/)
03:24:15 INFO       Found directory at http://ihs.usd257.org/faculty-directory
03:24:16 INFO       \u2192 0 art teacher(s) found. Status: no_art_teachers_found
03:24:16 INFO       \u2192 0 new staff records saved.
03:24:19 INFO     [569/1326] Iola High School Virtual (http://ihs.usd257.org)
03:24:23 INFO       Found directory at http://ihs.usd257.org/faculty-directory
03:24:24 INFO       \u2192 0 art teacher(s) found. Status: no_art_teachers_found
03:24:24 INFO       \u2192 0 new staff records saved.
03:24:27 INFO     [570/1326] Iola Elementary School (http://www.usd257.org)
03:24:28 INFO       Found directory at http://www.usd257.org/staff
03:24:29 INFO       \u2192 2 art teacher(s) found. Status: ok
03:24:29 INFO       \u2192 0 new staff records saved.
03:24:32 INFO     [571/1326] Jayhawk Elementary (http://www.usd346.org)
03:24:34 INFO       Found directory at http://www.usd346.org/staff
03:24:54 INFO       \u2192 0 art teacher(s) found. Status: timeout
03:24:54 INFO       \u2192 0 new staff records saved.
03:24:56 INFO     [572/1326] Jayhawk-Linn High (http://www.usd346.org)
03:24:58 INFO       Found directory at http://www.usd346.org/staff
03:25:18 INFO       \u2192 0 art teacher(s) found. Status: timeout
03:25:18 INFO       \u2192 0 new staff records saved.
03:25:20 INFO     [573/1326] Hodgeman County Elementary (http://www.usd227.org)
03:28:11 INFO       \u2192 0 art teacher(s) found. Status: no_directory_found
03:28:11 INFO       \u2192 0 new staff records saved.
03:28:13 INFO     [574/1326] Hodgeman County High (http://www.usd227.org)
03:31:04 INFO       \u2192 0 art teacher(s) found. Status: no_directory_found
03:31:04 INFO       \u2192 0 new staff records saved.
03:31:06 INFO     [575/1326] Stanton County Elementary (http://www.usd452.org)
03:31:20 INFO       \u2192 0 art teacher(s) found. Status: no_directory_found
03:31:20 INFO       \u2192 0 new staff records saved.
03:31:23 INFO     [576/1326] Stanton County Jr./Sr. High School (http://www.usd452.org)
03:31:38 INFO       \u2192 0 art teacher(s) found. Status: no_directory_found
03:31:38 INFO       \u2192 0 new staff records saved.
03:31:40 INFO     [577/1326] Grandview Elem (http://www.usd475.org)
03:31:40 INFO       \u2192 0 art teacher(s) found. Status: robots_blocked
03:31:40 INFO       \u2192 0 new staff records saved.
03:31:43 INFO     [578/1326] Fort Riley Elem (http://www.usd475.org)
03:31:43 INFO       \u2192 0 art teacher(s) found. Status: robots_blocked
03:31:43 INFO       \u2192 0 new staff records saved.
03:31:46 INFO     [579/1326] Lincoln Elem (http://www.usd475.org)
03:31:46 INFO       \u2192 0 art teacher(s) found. Status: robots_blocked
03:31:46 INFO       \u2192 0 new staff records saved.
03:31:48 INFO     [580/1326] Morris Hill Elem (http://www.usd475.org)
03:31:48 INFO       \u2192 0 art teacher(s) found. Status: robots_blocked
03:31:48 INFO       \u2192 0 new staff records saved.
03:31:51 INFO     [581/1326] Sheridan Elem (http://www.usd475.org)
03:31:51 INFO       \u2192 0 art teacher(s) found. Status: robots_blocked
03:31:51 INFO       \u2192 0 new staff records saved.
03:31:53 INFO     [582/1326] Washington Elem (http://www.usd475.org)
03:31:53 INFO       \u2192 0 art teacher(s) found. Status: robots_blocked
03:31:53 INFO       \u2192 0 new staff records saved.
03:31:56 INFO     [583/1326] Westwood Elem (http://www.usd475.org)
03:31:56 INFO       \u2192 0 art teacher(s) found. Status: robots_blocked
03:31:56 INFO       \u2192 0 new staff records saved.
03:31:58 INFO     [584/1326] Fort Riley Middle School (http://www.usd475.org)
03:31:58 INFO       \u2192 0 art teacher(s) found. Status: robots_blocked
03:31:58 INFO       \u2192 0 new staff records saved.
03:32:01 INFO     [585/1326] Junction City Middle School (http://www.usd475.org)
03:32:01 INFO       \u2192 0 art teacher(s) found. Status: robots_blocked
03:32:01 INFO       \u2192 0 new staff records saved.
03:32:03 INFO     [586/1326] Junction City Sr High (http://www.usd475.org)
03:32:03 INFO       \u2192 0 art teacher(s) found. Status: robots_blocked
03:32:03 INFO       \u2192 0 new staff records saved.
03:32:06 INFO     [587/1326] Milford Elem (http://www.usd475.org)
03:32:06 INFO       \u2192 0 art teacher(s) found. Status: robots_blocked
03:32:06 INFO       \u2192 0 new staff records saved.
03:32:08 INFO     [588/1326] Eisenhower Elem (http://www.usd475.org)
03:32:08 INFO       \u2192 0 art teacher(s) found. Status: robots_blocked
03:32:08 INFO       \u2192 0 new staff records saved.
03:32:11 INFO     [589/1326] Ware Elem (http://www.usd475.org)
03:32:11 INFO       \u2192 0 art teacher(s) found. Status: robots_blocked
03:32:11 INFO       \u2192 0 new staff records saved.
03:32:13 INFO     [590/1326] Spring Valley Elementary (http://www.usd475.org)
03:32:13 INFO       \u2192 0 art teacher(s) found. Status: robots_blocked
03:32:13 INFO       \u2192 0 new staff records saved.
03:32:16 INFO     [591/1326] LTG Richard J. Seitz Elementary (http://www.usd475.org)
03:32:16 INFO       \u2192 0 art teacher(s) found. Status: robots_blocked
03:32:16 INFO       \u2192 0 new staff records saved.
03:32:18 INFO     [592/1326] Banneker Elem (http://www.kckps.org)
03:32:19 INFO       \u2192 0 art teacher(s) found. Status: robots_blocked
03:32:19 INFO       \u2192 0 new staff records saved.
03:32:21 INFO     [593/1326] Silver City Elem (http://www.kckps.org)
03:32:22 INFO       \u2192 0 art teacher(s) found. Status: robots_blocked
03:32:22 INFO       \u2192 0 new staff records saved.
03:32:24 INFO     [594/1326] Chelsea Elem (http://www.kckps.org)
03:32:24 INFO       \u2192 0 art teacher(s) found. Status: robots_blocked
03:32:24 INFO       \u2192 0 new staff records saved.
03:32:27 INFO     [595/1326] Douglass Elem (http://www.kckps.org)
03:32:27 INFO       \u2192 0 art teacher(s) found. Status: robots_blocked
03:32:27 INFO       \u2192 0 new staff records saved.
03:32:30 INFO     [596/1326] Thomas A Edison Elem (http://www.kckps.org)
03:32:30 INFO       \u2192 0 art teacher(s) found. Status: robots_blocked
03:32:30 INFO       \u2192 0 new staff records saved.
03:32:32 INFO     [597/1326] Emerson Elem (http://www.kckps.org)
03:32:33 INFO       \u2192 0 art teacher(s) found. Status: robots_blocked
03:32:33 INFO       \u2192 0 new staff records saved.
03:32:35 INFO     [598/1326] John Fiske Elem (http://www.kckps.org)
03:32:35 INFO       \u2192 0 art teacher(s) found. Status: robots_blocked
03:32:35 INFO       \u2192 0 new staff records saved.
03:32:38 INFO     [599/1326] Grant Elem (http://www.kckps.org)
03:32:38 INFO       \u2192 0 art teacher(s) found. Status: robots_blocked
03:32:38 INFO       \u2192 0 new staff records saved.
03:32:41 INFO     [600/1326] Bertram Caruthers Elem (http://www.kckps.org)
03:32:41 INFO       \u2192 0 art teacher(s) found. Status: robots_blocked
03:32:41 INFO       \u2192 0 new staff records saved.
03:32:44 INFO     [601/1326] Mark Twain Elem (http://www.kckps.org)
03:32:44 INFO       \u2192 0 art teacher(s) found. Status: robots_blocked
03:32:44 INFO       \u2192 0 new staff records saved.
03:32:46 INFO     [602/1326] Noble Prentis Elem (http://www.kckps.org)
03:32:47 INFO       \u2192 0 art teacher(s) found. Status: robots_blocked
03:32:47 INFO       \u2192 0 new staff records saved.
03:32:49 INFO     [603/1326] Quindaro Elem (http://www.kckps.org)
03:32:49 INFO       \u2192 0 art teacher(s) found. Status: robots_blocked
03:32:49 INFO       \u2192 0 new staff records saved.
03:32:52 INFO     [604/1326] Frank Rushton Elem (http://www.kckps.org)
03:32:52 INFO       \u2192 0 art teacher(s) found. Status: robots_blocked
03:32:52 INFO       \u2192 0 new staff records saved.
03:32:55 INFO     [605/1326] New Stanley Elem (http://www.kckps.org)
03:32:55 INFO       \u2192 0 art teacher(s) found. Status: robots_blocked
03:32:55 INFO       \u2192 0 new staff records saved.
03:32:57 INFO     [606/1326] Eugene Ware Elem (http://www.kckps.org)
03:32:58 INFO       \u2192 0 art teacher(s) found. Status: robots_blocked
03:32:58 INFO       \u2192 0 new staff records saved.
03:33:00 INFO     [607/1326] Frances Willard Elem (http://www.kckps.org)
03:33:01 INFO       \u2192 0 art teacher(s) found. Status: robots_blocked
03:33:01 INFO       \u2192 0 new staff records saved.
03:33:03 INFO     [608/1326] Central Middle (http://www.kckps.org)
03:33:03 INFO       \u2192 0 art teacher(s) found. Status: robots_blocked
03:33:03 INFO       \u2192 0 new staff records saved.
03:33:06 INFO     [609/1326] Carl B. Bruce Middle School (None)
03:33:06 INFO       \u2192 0 art teacher(s) found. Status: no_url
03:33:06 INFO       \u2192 0 new staff records saved.
03:33:08 INFO     [610/1326] Argentine Middle (http://www.kckps.org)
03:33:09 INFO       \u2192 0 art teacher(s) found. Status: robots_blocked
03:33:09 INFO       \u2192 0 new staff records saved.
03:33:11 INFO     [611/1326] Rosedale Middle (http://www.kckps.org)
03:33:11 INFO       \u2192 0 art teacher(s) found. Status: robots_blocked
03:33:11 INFO       \u2192 0 new staff records saved.
03:33:14 INFO     [612/1326] Sumner Academy of Arts & Science (http://www.kckps.org)
03:33:14 INFO       \u2192 0 art teacher(s) found. Status: robots_blocked
03:33:14 INFO       \u2192 0 new staff records saved.
03:33:17 INFO     [613/1326] Wyandotte High (http://www.kckps.org)
03:33:17 INFO       \u2192 0 art teacher(s) found. Status: robots_blocked
03:33:17 INFO       \u2192 0 new staff records saved.
03:33:19 INFO     [614/1326] Arrowhead Middle (http://www.kckps.org)
03:33:20 INFO       \u2192 0 art teacher(s) found. Status: robots_blocked
03:33:20 INFO       \u2192 0 new staff records saved.
03:33:22 INFO     [615/1326] J C Harmon High (http://www.kckps.org)
03:33:22 INFO       \u2192 0 art teacher(s) found. Status: robots_blocked
03:33:22 INFO       \u2192 0 new staff records saved.
03:33:25 INFO     [616/1326] F L Schlagle High (http://www.kckps.org)
03:33:25 INFO       \u2192 0 art teacher(s) found. Status: robots_blocked
03:33:25 INFO       \u2192 0 new staff records saved.
03:33:28 INFO     [617/1326] Claude A Huyck Elem (http://www.kckps.org)
03:33:28 INFO       \u2192 0 art teacher(s) found. Status: robots_blocked
03:33:28 INFO       \u2192 0 new staff records saved.
03:33:31 INFO     [618/1326] D D Eisenhower Middle (http://www.kckps.org)
03:33:31 INFO       \u2192 0 art teacher(s) found. Status: robots_blocked
03:33:31 INFO       \u2192 0 new staff records saved.
03:33:33 INFO     [619/1326] Hazel Grove Elem (http://www.kckps.org)
03:33:34 INFO       \u2192 0 art teacher(s) found. Status: robots_blocked
03:33:34 INFO       \u2192 0 new staff records saved.
03:33:36 INFO     [620/1326] John F Kennedy Elem (http://www.kckps.org)
03:33:36 INFO       \u2192 0 art teacher(s) found. Status: robots_blocked
03:33:36 INFO       \u2192 0 new staff records saved.
03:33:39 INFO     [621/1326] Lindbergh Elem (http://www.kckps.org)
03:33:39 INFO       \u2192 0 art teacher(s) found. Status: robots_blocked
03:33:39 INFO       \u2192 0 new staff records saved.
03:33:42 INFO     [622/1326] Stony Point South (http://www.kckps.org)
03:33:42 INFO       \u2192 0 art teacher(s) found. Status: robots_blocked
03:33:42 INFO       \u2192 0 new staff records saved.
03:33:44 INFO     [623/1326] Stony Point North (http://www.kckps.org)
03:33:45 INFO       \u2192 0 art teacher(s) found. Status: robots_blocked
03:33:45 INFO       \u2192 0 new staff records saved.
03:33:47 INFO     [624/1326] Washington High (http://www.kckps.org)
03:33:48 INFO       \u2192 0 art teacher(s) found. Status: robots_blocked
03:33:48 INFO       \u2192 0 new staff records saved.
03:33:50 INFO     [625/1326] Welborn Elem (http://www.kckps.org)
03:33:50 INFO       \u2192 0 art teacher(s) found. Status: robots_blocked
03:33:50 INFO       \u2192 0 new staff records saved.
03:33:53 INFO     [626/1326] M E Pearson Elem (http://www.kckps.org)
03:33:53 INFO       \u2192 0 art teacher(s) found. Status: robots_blocked
03:33:53 INFO       \u2192 0 new staff records saved.
03:33:56 INFO     [627/1326] Whittier Elem (http://www.kckps.org)
03:33:56 INFO       \u2192 0 art teacher(s) found. Status: robots_blocked
03:33:56 INFO       \u2192 0 new staff records saved.
03:33:58 INFO     [628/1326] McKinley Elementary School (http://www.kckps.org)
03:33:59 INFO       \u2192 0 art teacher(s) found. Status: robots_blocked
03:33:59 INFO       \u2192 0 new staff records saved.
03:34:01 INFO     [629/1326] Bridges/Wyandot Academy (None)
03:34:01 INFO       \u2192 0 art teacher(s) found. Status: no_url
03:34:01 INFO       \u2192 0 new staff records saved.
03:34:04 INFO     [630/1326] Alfred Fairfax Academy (None)
03:34:04 INFO       \u2192 0 art teacher(s) found. Status: no_url
03:34:04 INFO       \u2192 0 new staff records saved.
03:34:06 INFO     [631/1326] 500 Reach (None)
03:34:06 INFO       \u2192 0 art teacher(s) found. Status: no_url
03:34:06 INFO       \u2192 0 new staff records saved.
03:34:09 INFO     [632/1326] Gloria Willis Middle School (http://www.kckps.org)
03:34:09 INFO       \u2192 0 art teacher(s) found. Status: robots_blocked
03:34:09 INFO       \u2192 0 new staff records saved.
03:34:12 INFO     [633/1326] Lowell Brune Elementary School (http://www.kckps.org)
03:34:12 INFO       \u2192 0 art teacher(s) found. Status: robots_blocked
03:34:12 INFO       \u2192 0 new staff records saved.
03:34:14 INFO     [634/1326] West Park Elementary School (http://www.kckps.org)
03:34:15 INFO       \u2192 0 art teacher(s) found. Status: robots_blocked
03:34:15 INFO       \u2192 0 new staff records saved.
03:34:17 INFO     [635/1326] Rossville Elem (http://www.usd321.com)
03:34:20 INFO       Found directory at http://www.usd321.com/staff
03:34:40 INFO       \u2192 0 art teacher(s) found. Status: timeout
03:34:40 INFO       \u2192 0 new staff records saved.
03:34:43 INFO     [636/1326] Rossville Jr.-Sr. High School (http://www.usd321.com)
03:34:44 INFO       Found directory at http://www.usd321.com/staff
03:35:05 INFO       \u2192 0 art teacher(s) found. Status: timeout
03:35:05 INFO       \u2192 0 new staff records saved.
03:35:07 INFO     [637/1326] St Marys Elem (http://www.usd321.com)
03:35:09 INFO       Found directory at http://www.usd321.com/staff
03:35:29 INFO       \u2192 0 art teacher(s) found. Status: timeout
03:35:29 INFO       \u2192 0 new staff records saved.
03:35:31 INFO     [638/1326] St. Marys Junior Senior High (http://www.usd321.com)
03:35:33 INFO       Found directory at http://www.usd321.com/staff
03:35:53 INFO       \u2192 0 art teacher(s) found. Status: timeout
03:35:53 INFO       \u2192 0 new staff records saved.
03:35:55 INFO     [639/1326] Crest Elementary (http://www.usd479.org)
03:35:55 INFO       \u2192 0 art teacher(s) found. Status: robots_blocked
03:35:55 INFO       \u2192 0 new staff records saved.
03:35:58 INFO     [640/1326] Crest High (http://www.usd479.org)
03:35:58 INFO       \u2192 0 art teacher(s) found. Status: robots_blocked
03:35:58 INFO       \u2192 0 new staff records saved.
03:36:00 INFO     [641/1326] Kingman High (http://www.knusd331.com)
03:36:02 INFO       Found directory at http://www.knusd331.com/staff
03:36:22 INFO       \u2192 0 art teacher(s) found. Status: timeout
03:36:22 INFO       \u2192 0 new staff records saved.
03:36:25 INFO     [642/1326] Norwich High (http://www.knusd331.com)
03:36:26 INFO       Found directory at http://www.knusd331.com/staff
03:36:46 INFO       \u2192 0 art teacher(s) found. Status: timeout
03:36:46 INFO       \u2192 0 new staff records saved.
03:36:49 INFO     [643/1326] Norwich Middle School (http://www.knusd331.com)
03:36:50 INFO       Found directory at http://www.knusd331.com/staff
03:37:10 INFO       \u2192 0 art teacher(s) found. Status: timeout
03:37:10 INFO       \u2192 0 new staff records saved.
03:37:13 INFO     [644/1326] Kingman Elementary School (http://www.knusd331.com)
03:37:14 INFO       Found directory at http://www.knusd331.com/staff
03:37:34 INFO       \u2192 0 art teacher(s) found. Status: timeout
03:37:34 INFO       \u2192 0 new staff records saved.
03:37:36 INFO     [645/1326] Norwich Elementary School (http://www.knusd331.com)
03:37:38 INFO       Found directory at http://www.knusd331.com/staff
03:37:58 INFO       \u2192 0 art teacher(s) found. Status: timeout
03:37:58 INFO       \u2192 0 new staff records saved.
03:38:01 INFO     [646/1326] Kingman Middle School (http://www.knusd331.com)
03:38:02 INFO       Found directory at http://www.knusd331.com/staff
03:38:22 INFO       \u2192 0 art teacher(s) found. Status: timeout
03:38:22 INFO       \u2192 0 new staff records saved.
03:38:25 INFO     [647/1326] USD 331 Virtual School (None)
03:38:25 INFO       \u2192 0 art teacher(s) found. Status: no_url
03:38:25 INFO       \u2192 0 new staff records saved.
03:38:27 INFO     [648/1326] Kinsley-Offerle Elementary Pre-K-5 (http://www.kinsleypublicschools.org)
03:41:17 INFO       \u2192 0 art teacher(s) found. Status: no_directory_found
03:41:17 INFO       \u2192 0 new staff records saved.
03:41:20 INFO     [649/1326] Kinsley Jr/Sr High School (http://www.kinsleypublicschools.org)
03:44:10 INFO       \u2192 0 art teacher(s) found. Status: no_directory_found
03:44:10 INFO       \u2192 0 new staff records saved.
03:44:13 INFO     [650/1326] South Barber Pre-K-6 (http://www.southbarber.com/)
03:44:26 INFO       \u2192 0 art teacher(s) found. Status: no_directory_found
03:44:26 INFO       \u2192 0 new staff records saved.
03:44:29 INFO     [651/1326] South Barber 7-12 (http://www.southbarber.com/)
03:44:43 INFO       \u2192 0 art teacher(s) found. Status: no_directory_found
03:44:43 INFO       \u2192 0 new staff records saved.
03:44:45 INFO     [652/1326] Kismet Elem (http://usd483.net)
03:44:48 INFO       Found directory at http://usd483.net/faculty
03:44:49 INFO       \u2192 0 art teacher(s) found. Status: no_art_teachers_found
03:44:49 INFO       \u2192 0 new staff records saved.
03:44:51 INFO     [653/1326] Plains Elem (http://usd483.net)
03:44:54 INFO       Found directory at http://usd483.net/faculty
03:44:55 INFO       \u2192 0 art teacher(s) found. Status: no_art_teachers_found
03:44:55 INFO       \u2192 0 new staff records saved.
03:44:57 INFO     [654/1326] Southwestern Heights Jr/Sr High (http://usd483.net)
03:45:00 INFO       Found directory at http://usd483.net/faculty
03:45:01 INFO       \u2192 0 art teacher(s) found. Status: no_art_teachers_found
03:45:01 INFO       \u2192 0 new staff records saved.
03:45:03 INFO     [655/1326] La Crosse Elementary (http://www.usd395.org)
03:47:54 INFO       \u2192 0 art teacher(s) found. Status: no_directory_found
03:47:54 INFO       \u2192 0 new staff records saved.
03:47:56 INFO     [656/1326] La Crosse High (http://www.usd395.org)
03:50:46 INFO       \u2192 0 art teacher(s) found. Status: no_directory_found
03:50:46 INFO       \u2192 0 new staff records saved.
03:50:49 INFO     [657/1326] La Crosse Middle School (http://www.usd395.org)
03:53:20 INFO       \u2192 0 art teacher(s) found. Status: no_directory_found
03:53:20 INFO       \u2192 0 new staff records saved.
03:53:23 INFO     [658/1326] Lacygne Elem (http://www.pv362.org)
03:53:25 INFO       Found directory at http://www.pv362.org/staff
03:53:45 INFO       \u2192 0 art teacher(s) found. Status: timeout
03:53:45 INFO       \u2192 0 new staff records saved.
03:53:48 INFO     [659/1326] Parker Elem (http://www.pv362.org)
03:53:50 INFO       Found directory at http://www.pv362.org/staff
03:54:10 INFO       \u2192 0 art teacher(s) found. Status: timeout
03:54:10 INFO       \u2192 0 new staff records saved.
03:54:12 INFO     [660/1326] Prairie View Middle (http://www.pv362.org)
03:54:14 INFO       Found directory at http://www.pv362.org/staff
03:54:35 INFO       \u2192 0 art teacher(s) found. Status: timeout
03:54:35 INFO       \u2192 0 new staff records saved.
03:54:37 INFO     [661/1326] Prairie View High (http://www.pv362.org)
03:54:39 INFO       Found directory at http://www.pv362.org/staff
03:55:00 INFO       \u2192 0 art teacher(s) found. Status: timeout
03:55:00 INFO       \u2192 0 new staff records saved.
03:55:02 INFO     [662/1326] Lakin Elem (http://www.usd215.org)
03:55:05 INFO       Found directory at http://www.usd215.org/staff
03:55:25 INFO       \u2192 0 art teacher(s) found. Status: timeout
03:55:25 INFO       \u2192 0 new staff records saved.
03:55:27 INFO     [663/1326] Lakin High (http://www.usd215.org)
03:55:29 INFO       Found directory at http://www.usd215.org/staff
03:55:50 INFO       \u2192 0 art teacher(s) found. Status: timeout
03:55:50 INFO       \u2192 0 new staff records saved.
03:55:52 INFO     [664/1326] Lakin Middle (http://www.usd215.org)
03:55:54 INFO       Found directory at http://www.usd215.org/staff
03:56:14 INFO       \u2192 0 art teacher(s) found. Status: timeout
03:56:14 INFO       \u2192 0 new staff records saved.
03:56:16 INFO     [665/1326] Fairfield Schools (http://www.usd310.org)
03:56:18 INFO       Found directory at http://www.usd310.org/staff
03:56:38 INFO       \u2192 0 art teacher(s) found. Status: timeout
03:56:38 INFO       \u2192 0 new staff records saved.
03:56:41 INFO     [666/1326] Lansing High 9-12 (http://www.usd469.net)
03:56:42 INFO       Found directory at http://www.usd469.net/staff
03:57:02 INFO       \u2192 0 art teacher(s) found. Status: timeout
03:57:02 INFO       \u2192 0 new staff records saved.
03:57:05 INFO     [667/1326] Lansing Middle 6-8 (http://www.usd469.net)
03:57:07 INFO       Found directory at http://www.usd469.net/staff
03:57:27 INFO       \u2192 0 art teacher(s) found. Status: timeout
03:57:27 INFO       \u2192 0 new staff records saved.
03:57:29 INFO     [668/1326] Lansing Elementary School (http://www.usd469.net)
03:57:31 INFO       Found directory at http://www.usd469.net/staff
03:57:51 INFO       \u2192 0 art teacher(s) found. Status: timeout
03:57:51 INFO       \u2192 0 new staff records saved.
03:57:53 INFO     [669/1326] Lansing Intermediate School (http://www.usd469.net)
03:57:55 INFO       Found directory at http://www.usd469.net/staff
03:58:15 INFO       \u2192 0 art teacher(s) found. Status: timeout
03:58:15 INFO       \u2192 0 new staff records saved.
03:58:18 INFO     [670/1326] Lansing Virtual Academy (http://www.usd469.net)
03:58:19 INFO       Found directory at http://www.usd469.net/staff
03:58:39 INFO       \u2192 0 art teacher(s) found. Status: timeout
03:58:39 INFO       \u2192 0 new staff records saved.
03:58:42 INFO     [671/1326] Larned Middle School (http://usd495.com)
03:58:44 INFO       Found directory at http://usd495.com/staff
03:59:04 INFO       \u2192 0 art teacher(s) found. Status: timeout
03:59:04 INFO       \u2192 0 new staff records saved.
03:59:07 INFO     [672/1326] Larned Sr High (None)
03:59:07 INFO       \u2192 0 art teacher(s) found. Status: no_url
03:59:07 INFO       \u2192 0 new staff records saved.
03:59:09 INFO     [673/1326] Fort Larned Elementary School (http://usd495.com)
03:59:11 INFO       Found directory at http://usd495.com/staff
03:59:31 INFO       \u2192 0 art teacher(s) found. Status: timeout
03:59:31 INFO       \u2192 0 new staff records saved.
03:59:34 INFO     [674/1326] Sunflower Elementary (http://www.usd497.org)
03:59:34 INFO       \u2192 0 art teacher(s) found. Status: robots_blocked
03:59:34 INFO       \u2192 0 new staff records saved.
03:59:36 INFO     [675/1326] Prairie Park Elem (http://www.usd497.org)
03:59:36 INFO       \u2192 0 art teacher(s) found. Status: robots_blocked
03:59:36 INFO       \u2192 0 new staff records saved.
03:59:39 INFO     [676/1326] Lawrence Southwest Middle School (http://www.usd497.org)
03:59:39 INFO       \u2192 0 art teacher(s) found. Status: robots_blocked
03:59:39 INFO       \u2192 0 new staff records saved.
03:59:41 INFO     [677/1326] Lawrence Free State High (http://www.usd497.org)
03:59:41 INFO       \u2192 0 art teacher(s) found. Status: robots_blocked
03:59:41 INFO       \u2192 0 new staff records saved.
03:59:44 INFO     [678/1326] Cordley Elem (http://www.usd497.org)
03:59:44 INFO       \u2192 0 art teacher(s) found. Status: robots_blocked
03:59:44 INFO       \u2192 0 new staff records saved.
03:59:46 INFO     [679/1326] Deerfield Elem (http://www.usd497.org)
03:59:46 INFO       \u2192 0 art teacher(s) found. Status: robots_blocked
03:59:46 INFO       \u2192 0 new staff records saved.
03:59:49 INFO     [680/1326] Hillcrest Elem (http://www.usd497.org)
03:59:49 INFO       \u2192 0 art teacher(s) found. Status: robots_blocked
03:59:49 INFO       \u2192 0 new staff records saved.
03:59:51 INFO     [681/1326] New York Elem (http://www.usd497.org)
03:59:51 INFO       \u2192 0 art teacher(s) found. Status: robots_blocked
03:59:51 INFO       \u2192 0 new staff records saved.
03:59:54 INFO     [682/1326] Schwegler Elem (http://www.usd497.org)
03:59:54 INFO       \u2192 0 art teacher(s) found. Status: robots_blocked
03:59:54 INFO       \u2192 0 new staff records saved.
03:59:56 INFO     [683/1326] Sunset Hill Elem (http://www.usd497.org)
03:59:57 INFO       \u2192 0 art teacher(s) found. Status: robots_blocked
03:59:57 INFO       \u2192 0 new staff records saved.
03:59:59 INFO     [684/1326] Woodlawn Elem (http://www.usd497.org)
03:59:59 INFO       \u2192 0 art teacher(s) found. Status: robots_blocked
03:59:59 INFO       \u2192 0 new staff records saved.
04:00:02 INFO     [685/1326] Lawrence Liberty Memorial Central Mid School (http://www.usd497.org)
04:00:02 INFO       \u2192 0 art teacher(s) found. Status: robots_blocked
04:00:02 INFO       \u2192 0 new staff records saved.
04:00:04 INFO     [686/1326] Billy Mills Middle School (http://www.usd497.org)
04:00:04 INFO       \u2192 0 art teacher(s) found. Status: robots_blocked
04:00:04 INFO       \u2192 0 new staff records saved.
04:00:07 INFO     [687/1326] Lawrence West Middle School (http://www.usd497.org)
04:00:07 INFO       \u2192 0 art teacher(s) found. Status: robots_blocked
04:00:07 INFO       \u2192 0 new staff records saved.
04:00:09 INFO     [688/1326] Lawrence High (http://www.usd497.org)
04:00:09 INFO       \u2192 0 art teacher(s) found. Status: robots_blocked
04:00:09 INFO       \u2192 0 new staff records saved.
04:00:12 INFO     [689/1326] Quail Run Elementary (http://www.usd497.org)
04:00:12 INFO       \u2192 0 art teacher(s) found. Status: robots_blocked
04:00:12 INFO       \u2192 0 new staff records saved.
04:00:14 INFO     [690/1326] Langston Hughes Elem (http://www.usd497.org)
04:00:14 INFO       \u2192 0 art teacher(s) found. Status: robots_blocked
04:00:14 INFO       \u2192 0 new staff records saved.
04:00:17 INFO     [691/1326] Lawrence Virtual School (http://www.usd497.org)
04:00:17 INFO       \u2192 0 art teacher(s) found. Status: robots_blocked
04:00:17 INFO       \u2192 0 new staff records saved.
04:00:19 INFO     [692/1326] Leavenworth Sr High (http://www.usd453.org)
04:00:19 INFO       \u2192 0 art teacher(s) found. Status: robots_blocked
04:00:19 INFO       \u2192 0 new staff records saved.
04:00:22 INFO     [693/1326] Leavenworth Virtual School (http://www.usd453.org)
04:00:22 INFO       \u2192 0 art teacher(s) found. Status: robots_blocked
04:00:22 INFO       \u2192 0 new staff records saved.
04:00:24 INFO     [694/1326] Henry Leavenworth (http://www.usd453.org)
04:00:24 INFO       \u2192 0 art teacher(s) found. Status: robots_blocked
04:00:24 INFO       \u2192 0 new staff records saved.
04:00:27 INFO     [695/1326] Anthony Elementary (http://www.usd453.org)
04:00:27 INFO       \u2192 0 art teacher(s) found. Status: robots_blocked
04:00:27 INFO       \u2192 0 new staff records saved.
04:00:29 INFO     [696/1326] Richard Warren Middle School (http://www.usd453.org)
04:00:29 INFO       \u2192 0 art teacher(s) found. Status: robots_blocked
04:00:29 INFO       \u2192 0 new staff records saved.
04:00:32 INFO     [697/1326] David Brewer Elementary (http://www.usd453.org)
04:00:32 INFO       \u2192 0 art teacher(s) found. Status: robots_blocked
04:00:32 INFO       \u2192 0 new staff records saved.
04:00:34 INFO     [698/1326] Richard Warren Intermediate School (http://www.usd453.org)
04:00:34 INFO       \u2192 0 art teacher(s) found. Status: robots_blocked
04:00:34 INFO       \u2192 0 new staff records saved.
04:00:37 INFO     [699/1326] Earl Lawson Early Education Center (http://www.usd453.org)
04:00:37 INFO       \u2192 0 art teacher(s) found. Status: robots_blocked
04:00:37 INFO       \u2192 0 new staff records saved.
04:00:40 INFO     [700/1326] Bluestem Elementary School (http://www.usd205.com)
04:00:41 INFO       Found directory at http://www.usd205.com/staff
04:01:01 INFO       \u2192 0 art teacher(s) found. Status: timeout
04:01:01 INFO       \u2192 0 new staff records saved.
04:01:04 INFO     [701/1326] Bluestem Jr/Sr High (http://www.usd205.com)
04:01:05 INFO       Found directory at http://www.usd205.com/staff
04:01:25 INFO       \u2192 0 art teacher(s) found. Status: timeout
04:01:25 INFO       \u2192 0 new staff records saved.
04:01:27 INFO     [702/1326] Wichita County Elementary (http://www.leoti.org)
04:01:42 INFO       \u2192 0 art teacher(s) found. Status: no_directory_found
04:01:42 INFO       \u2192 0 new staff records saved.
04:01:44 INFO     [703/1326] Wichita County Junior-Senior High School (http://www.leoti.org)
04:01:59 INFO       \u2192 0 art teacher(s) found. Status: no_directory_found
04:01:59 INFO       \u2192 0 new staff records saved.
04:02:02 INFO     [704/1326] Southern Coffey County High School (http://www.usd245ks.org)
04:02:04 INFO       Found directory at http://www.usd245ks.org/staff
04:02:24 INFO       \u2192 0 art teacher(s) found. Status: timeout
04:02:24 INFO       \u2192 0 new staff records saved.
04:02:26 INFO     [705/1326] Southern Coffey County Elementary (http://www.usd245ks.org)
04:02:28 INFO       Found directory at http://www.usd245ks.org/staff
04:02:48 INFO       \u2192 0 art teacher(s) found. Status: timeout
04:02:48 INFO       \u2192 0 new staff records saved.
04:02:51 INFO     [706/1326] Southern Coffey County Middle School (http://www.usd245ks.org)
04:02:52 INFO       Found directory at http://www.usd245ks.org/staff
04:03:12 INFO       \u2192 0 art teacher(s) found. Status: timeout
04:03:12 INFO       \u2192 0 new staff records saved.
04:03:15 INFO     [707/1326] Lewis Elem (http://www.usd502.com)
04:03:15 INFO       \u2192 0 art teacher(s) found. Status: robots_blocked
04:03:15 INFO       \u2192 0 new staff records saved.
04:03:17 INFO     [708/1326] MacArthur Elementary School (http://www.usd480.net)
04:03:20 INFO       Found directory at http://www.usd480.net/staff
04:03:40 INFO       \u2192 0 art teacher(s) found. Status: timeout
04:03:40 INFO       \u2192 0 new staff records saved.
04:03:42 INFO     [709/1326] Liberal Sr High (http://www.usd480.net)
04:03:44 INFO       Found directory at http://www.usd480.net/staff
04:04:04 INFO       \u2192 0 art teacher(s) found. Status: timeout
04:04:04 INFO       \u2192 0 new staff records saved.
04:04:07 INFO     [710/1326] Cottonwood Elementary School (http://www.usd480.net)
04:04:08 INFO       Found directory at http://www.usd480.net/staff
04:04:28 INFO       \u2192 0 art teacher(s) found. Status: timeout
04:04:28 INFO       \u2192 0 new staff records saved.
04:04:31 INFO     [711/1326] Sunflower Elementary School (http://www.usd480.net)
04:04:33 INFO       Found directory at http://www.usd480.net/staff
04:04:53 INFO       \u2192 0 art teacher(s) found. Status: timeout
04:04:53 INFO       \u2192 0 new staff records saved.
04:04:55 INFO     [712/1326] Eisenhower Middle School (http://www.usd480.net)
04:04:57 INFO       Found directory at http://www.usd480.net/staff
04:05:17 INFO       \u2192 0 art teacher(s) found. Status: timeout
04:05:17 INFO       \u2192 0 new staff records saved.
04:05:19 INFO     [713/1326] Prairie View Elementary School (http://www.usd480.net)
04:05:21 INFO       Found directory at http://www.usd480.net/staff
04:05:41 INFO       \u2192 0 art teacher(s) found. Status: timeout
04:05:41 INFO       \u2192 0 new staff records saved.
04:05:44 INFO     [714/1326] Seymour Rogers Middle School (http://www.usd480.net)
04:05:46 INFO       Found directory at http://www.usd480.net/staff
04:06:06 INFO       \u2192 0 art teacher(s) found. Status: timeout
04:06:06 INFO       \u2192 0 new staff records saved.
04:06:08 INFO     [715/1326] Meadowlark Elementary School (http://www.usd480.net)
04:06:10 INFO       Found directory at http://www.usd480.net/staff
04:06:30 INFO       \u2192 0 art teacher(s) found. Status: timeout
04:06:30 INFO       \u2192 0 new staff records saved.
04:06:33 INFO     [716/1326] Lincoln Elem (http://www.usd298.com)
04:06:34 INFO       Found directory at http://www.usd298.com/staff
04:06:54 INFO       \u2192 0 art teacher(s) found. Status: timeout
04:06:54 INFO       \u2192 0 new staff records saved.
04:06:57 INFO     [717/1326] Lincoln Jr/Sr High (http://www.usd298.com)
04:06:59 INFO       Found directory at http://www.usd298.com/staff
04:07:19 INFO       \u2192 0 art teacher(s) found. Status: timeout
04:07:19 INFO       \u2192 0 new staff records saved.
04:07:21 INFO     [718/1326] Little River Junior High (http://www.usd444.com)
04:07:23 INFO       Found directory at http://www.usd444.com/staff
04:07:43 INFO       \u2192 0 art teacher(s) found. Status: timeout
04:07:43 INFO       \u2192 0 new staff records saved.
04:07:46 INFO     [719/1326] Little River High (http://www.usd444.com)
04:07:47 INFO       Found directory at http://www.usd444.com/staff
04:08:07 INFO       \u2192 0 art teacher(s) found. Status: timeout
04:08:07 INFO       \u2192 0 new staff records saved.
04:08:10 INFO     [720/1326] Windom Elem (http://www.usd444.com)
04:08:11 INFO       Found directory at http://www.usd444.com/staff
04:08:31 INFO       \u2192 0 art teacher(s) found. Status: timeout
04:08:31 INFO       \u2192 0 new staff records saved.
04:08:34 INFO     [721/1326] Logan Elem (http://www.logan326.net)
04:08:48 INFO       \u2192 0 art teacher(s) found. Status: no_directory_found
04:08:48 INFO       \u2192 0 new staff records saved.
04:08:50 INFO     [722/1326] Logan High (http://www.logan326.net)
04:09:04 INFO       \u2192 0 art teacher(s) found. Status: no_directory_found
04:09:04 INFO       \u2192 0 new staff records saved.
04:09:07 INFO     [723/1326] Centre (http://www.usd397.com)
04:09:09 INFO       Found directory at http://www.usd397.com/staff
04:09:29 INFO       \u2192 0 art teacher(s) found. Status: timeout
04:09:29 INFO       \u2192 0 new staff records saved.
04:09:32 INFO     [724/1326] Kansas Online Learning Program (http://www.usd397.com)
04:09:33 INFO       Found directory at http://www.usd397.com/staff
04:09:53 INFO       \u2192 0 art teacher(s) found. Status: timeout
04:09:53 INFO       \u2192 0 new staff records saved.
04:09:56 INFO     [725/1326] Broadmoor Elementary (http://www.usd416.org)
04:09:58 INFO       Found directory at http://www.usd416.org/staff
04:10:18 INFO       \u2192 0 art teacher(s) found. Status: timeout
04:10:18 INFO       \u2192 0 new staff records saved.
04:10:20 INFO     [726/1326] Louisburg High (http://www.usd416.org)
04:10:22 INFO       Found directory at http://www.usd416.org/staff
04:10:42 INFO       \u2192 0 art teacher(s) found. Status: timeout
04:10:42 INFO       \u2192 0 new staff records saved.
04:10:44 INFO     [727/1326] Louisburg Middle (http://www.usd416.org)
04:10:46 INFO       Found directory at http://www.usd416.org/staff
04:11:06 INFO       \u2192 0 art teacher(s) found. Status: timeout
04:11:06 INFO       \u2192 0 new staff records saved.
04:11:08 INFO     [728/1326] Rockville Elementary School (http://www.usd416.org)
04:11:10 INFO       Found directory at http://www.usd416.org/staff
04:11:30 INFO       \u2192 0 art teacher(s) found. Status: timeout
04:11:30 INFO       \u2192 0 new staff records saved.
04:11:33 INFO     [729/1326] Louisburg Virtual Program (http://www.usd416.org)
04:11:34 INFO       Found directory at http://www.usd416.org/staff
04:11:54 INFO       \u2192 0 art teacher(s) found. Status: timeout
04:11:54 INFO       \u2192 0 new staff records saved.
04:11:57 INFO     [730/1326] Lyndon Elem (http://www.usd421.org)
04:12:01 INFO       Found directory at http://www.usd421.org/staff
04:12:21 INFO       \u2192 0 art teacher(s) found. Status: timeout
04:12:21 INFO       \u2192 0 new staff records saved.
04:12:23 INFO     [731/1326] Lyndon High (http://www.usd421.org)
04:12:25 INFO       Found directory at http://www.usd421.org/staff
04:12:45 INFO       \u2192 0 art teacher(s) found. Status: timeout
04:12:45 INFO       \u2192 0 new staff records saved.
04:12:48 INFO     [732/1326] Lyons Central Elementary (http://usd405.com)
04:12:50 INFO       Found directory at http://usd405.com/staff
04:13:10 INFO       \u2192 0 art teacher(s) found. Status: timeout
04:13:10 INFO       \u2192 0 new staff records saved.
04:13:13 INFO     [733/1326] Lyons Park Elementary (None)
04:13:13 INFO       \u2192 0 art teacher(s) found. Status: no_url
04:13:13 INFO       \u2192 0 new staff records saved.
04:13:15 INFO     [734/1326] Lyons Middle School (None)
04:13:15 INFO       \u2192 0 art teacher(s) found. Status: no_url
04:13:15 INFO       \u2192 0 new staff records saved.
04:13:18 INFO     [735/1326] Lyons High School (None)
04:13:18 INFO       \u2192 0 art teacher(s) found. Status: no_url
04:13:18 INFO       \u2192 0 new staff records saved.
04:13:20 INFO     [736/1326] Macksville Elem (http://usd351.com)
04:16:11 INFO       \u2192 0 art teacher(s) found. Status: no_directory_found
04:16:11 INFO       \u2192 0 new staff records saved.
04:16:13 INFO     [737/1326] Macksville High (http://usd351.com)
04:19:04 INFO       \u2192 0 art teacher(s) found. Status: no_directory_found
04:19:04 INFO       \u2192 0 new staff records saved.
04:19:06 INFO     [738/1326] Madison Elem (http://www.usd386.net)
04:19:08 INFO       Found directory at http://www.usd386.net/staff
04:19:28 INFO       \u2192 0 art teacher(s) found. Status: timeout
04:19:28 INFO       \u2192 0 new staff records saved.
04:19:30 INFO     [739/1326] Madison High (http://www.usd386.net)
04:19:32 INFO       Found directory at http://www.usd386.net/staff
04:19:52 INFO       \u2192 0 art teacher(s) found. Status: timeout
04:19:52 INFO       \u2192 0 new staff records saved.
04:19:55 INFO     [740/1326] Maize Elementary (http://www.usd266.com)
04:19:55 INFO       \u2192 0 art teacher(s) found. Status: robots_blocked
04:19:55 INFO       \u2192 0 new staff records saved.
04:19:57 INFO     [741/1326] Maize South Middle School (http://www.usd266.com)
04:19:57 INFO       \u2192 0 art teacher(s) found. Status: robots_blocked
04:19:57 INFO       \u2192 0 new staff records saved.
04:20:00 INFO     [742/1326] Maize Sr High (http://www.usd266.com)
04:20:00 INFO       \u2192 0 art teacher(s) found. Status: robots_blocked
04:20:00 INFO       \u2192 0 new staff records saved.
04:20:02 INFO     [743/1326] Pray-Woodman Elementary (http://www.usd266.com)
04:20:02 INFO       \u2192 0 art teacher(s) found. Status: robots_blocked
04:20:02 INFO       \u2192 0 new staff records saved.
04:20:05 INFO     [744/1326] Maize Middle School (http://www.usd266.com)
04:20:05 INFO       \u2192 0 art teacher(s) found. Status: robots_blocked
04:20:05 INFO       \u2192 0 new staff records saved.
04:20:07 INFO     [745/1326] Maize South Elementary (http://www.usd266.com)
04:20:07 INFO       \u2192 0 art teacher(s) found. Status: robots_blocked
04:20:07 INFO       \u2192 0 new staff records saved.
04:20:10 INFO     [746/1326] Maize Central Elementary (http://www.usd266.com)
04:20:10 INFO       \u2192 0 art teacher(s) found. Status: robots_blocked
04:20:10 INFO       \u2192 0 new staff records saved.
04:20:12 INFO     [747/1326] Maize South High School (http://www.usd266.com)
04:20:12 INFO       \u2192 0 art teacher(s) found. Status: robots_blocked
04:20:12 INFO       \u2192 0 new staff records saved.
04:20:15 INFO     [748/1326] Vermillion Elementary School (http://www.usd266.com)
04:20:15 INFO       \u2192 0 art teacher(s) found. Status: robots_blocked
04:20:15 INFO       \u2192 0 new staff records saved.
04:20:17 INFO     [749/1326] Maize Virtual Preparatory School (http://www.mymaizevirtualprepschool.com)
04:20:24 INFO       \u2192 0 art teacher(s) found. Status: no_directory_found
04:20:24 INFO       \u2192 0 new staff records saved.
04:20:27 INFO     [750/1326] Maize Intermediate School (http://www.usd266.com)
04:20:27 INFO       \u2192 0 art teacher(s) found. Status: robots_blocked
04:20:27 INFO       \u2192 0 new staff records saved.
04:20:29 INFO     [751/1326] Maize South Intermediate School (http://www.usd266.com)
04:20:29 INFO       \u2192 0 art teacher(s) found. Status: robots_blocked
04:20:29 INFO       \u2192 0 new staff records saved.
04:20:32 INFO     [752/1326] Lee Elem (http://www.usd383.org)
04:20:46 INFO       \u2192 0 art teacher(s) found. Status: no_directory_found
04:20:46 INFO       \u2192 0 new staff records saved.
04:20:49 INFO     [753/1326] Marlatt Elem (http://www.usd383.org)
04:21:03 INFO       \u2192 0 art teacher(s) found. Status: no_directory_found
04:21:03 INFO       \u2192 0 new staff records saved.
04:21:06 INFO     [754/1326] Northview Elem (http://www.usd383.org)
04:21:20 INFO       \u2192 0 art teacher(s) found. Status: no_directory_found
04:21:20 INFO       \u2192 0 new staff records saved.
04:21:23 INFO     [755/1326] Theo Roosevelt Elem (http://www.usd383.org)
04:21:37 INFO       \u2192 0 art teacher(s) found. Status: no_directory_found
04:21:37 INFO       \u2192 0 new staff records saved.
04:21:40 INFO     [756/1326] Woodrow Wilson Elem (http://www.usd383.org)
04:21:55 INFO       \u2192 0 art teacher(s) found. Status: no_directory_found
04:21:55 INFO       \u2192 0 new staff records saved.
04:21:57 INFO     [757/1326] Manhattan High School (http://www.usd383.org)
04:22:12 INFO       \u2192 0 art teacher(s) found. Status: no_directory_found
04:22:12 INFO       \u2192 0 new staff records saved.
04:22:14 INFO     [758/1326] Ogden Elem (http://www.usd383.org)
04:22:29 INFO       \u2192 0 art teacher(s) found. Status: no_directory_found
04:22:29 INFO       \u2192 0 new staff records saved.
04:22:32 INFO     [759/1326] Frank V Bergman Elem (http://www.usd383.org)
04:22:46 INFO       \u2192 0 art teacher(s) found. Status: no_directory_found
04:22:46 INFO       \u2192 0 new staff records saved.
04:22:49 INFO     [760/1326] Susan B Anthony Middle School (http://www.usd383.org)
04:23:03 INFO       \u2192 0 art teacher(s) found. Status: no_directory_found
04:23:03 INFO       \u2192 0 new staff records saved.
04:23:06 INFO     [761/1326] Dwight D Eisenhower Middle School (http://www.usd383.org)
04:23:22 INFO       \u2192 0 art teacher(s) found. Status: no_directory_found
04:23:22 INFO       \u2192 0 new staff records saved.
04:23:24 INFO     [762/1326] Amanda Arnold Elem (http://www.usd383.org)
04:23:39 INFO       \u2192 0 art teacher(s) found. Status: no_directory_found
04:23:39 INFO       \u2192 0 new staff records saved.
04:23:41 INFO     [763/1326] Bluemont Elementary School (http://www.usd383.org)
04:23:56 INFO       \u2192 0 art teacher(s) found. Status: no_directory_found
04:23:56 INFO       \u2192 0 new staff records saved.
04:23:58 INFO     [764/1326] Oliver Brown Elementary (http://www.usd383.org)
04:24:13 INFO       \u2192 0 art teacher(s) found. Status: no_directory_found
04:24:13 INFO       \u2192 0 new staff records saved.
04:24:15 INFO     [765/1326] Manhattan Virtual Academy (http://manhattanvirtualacademy.org)
04:24:30 INFO       Found directory at http://manhattanvirtualacademy.org/about-us/staff
04:24:35 INFO       \u2192 0 art teacher(s) found. Status: no_art_teachers_found
04:24:35 INFO       \u2192 0 new staff records saved.
04:24:37 INFO     [766/1326] Marion Middle (http://usd408.com)
04:24:39 INFO       Found directory at http://usd408.com/staff
04:24:59 INFO       \u2192 0 art teacher(s) found. Status: timeout
04:24:59 INFO       \u2192 0 new staff records saved.
04:25:02 INFO     [767/1326] Marion High (http://usd408.com)
04:25:03 INFO       Found directory at http://usd408.com/staff
04:25:23 INFO       \u2192 0 art teacher(s) found. Status: timeout
04:25:23 INFO       \u2192 0 new staff records saved.
04:25:26 INFO     [768/1326] Marion Elem (http://usd408.com)
04:25:27 INFO       Found directory at http://usd408.com/staff
04:25:47 INFO       \u2192 0 art teacher(s) found. Status: timeout
04:25:47 INFO       \u2192 0 new staff records saved.
04:25:50 INFO     [769/1326] Royal Valley Elementary (http://www.rv337.com)
04:25:52 INFO       Found directory at http://www.rv337.com/staff
04:26:12 INFO       \u2192 0 art teacher(s) found. Status: timeout
04:26:12 INFO       \u2192 0 new staff records saved.
04:26:14 INFO     [770/1326] Royal Valley High (http://www.rv337.com)
04:26:16 INFO       Found directory at http://www.rv337.com/staff
04:26:36 INFO       \u2192 0 art teacher(s) found. Status: timeout
04:26:36 INFO       \u2192 0 new staff records saved.
04:26:38 INFO     [771/1326] Royal Valley Middle School (http://www.rv337.com)
04:26:40 INFO       Found directory at http://www.rv337.com/staff
04:27:00 INFO       \u2192 0 art teacher(s) found. Status: timeout
04:27:00 INFO       \u2192 0 new staff records saved.
04:27:02 INFO     [772/1326] McLouth Elem (http://www.mclouth.org)
04:27:16 INFO       \u2192 0 art teacher(s) found. Status: no_directory_found
04:27:16 INFO       \u2192 0 new staff records saved.
04:27:19 INFO     [773/1326] McLouth High (http://www.mclouth.org)
04:27:32 INFO       \u2192 0 art teacher(s) found. Status: no_directory_found
04:27:32 INFO       \u2192 0 new staff records saved.
04:27:35 INFO     [774/1326] McLouth Middle (http://www.mclouth.org)
04:27:49 INFO       \u2192 0 art teacher(s) found. Status: no_directory_found
04:27:49 INFO       \u2192 0 new staff records saved.
04:27:51 INFO     [775/1326] Lincoln Elem (http://www.mcpherson.com)
04:27:51 INFO       \u2192 0 art teacher(s) found. Status: robots_blocked
04:27:51 INFO       \u2192 0 new staff records saved.
04:27:54 INFO     [776/1326] Roosevelt Elem (http://www.mcpherson.com)
04:27:54 INFO       \u2192 0 art teacher(s) found. Status: robots_blocked
04:27:54 INFO       \u2192 0 new staff records saved.
04:27:56 INFO     [777/1326] Washington Elem (http://www.mcpherson.com)
04:27:56 INFO       \u2192 0 art teacher(s) found. Status: robots_blocked
04:27:56 INFO       \u2192 0 new staff records saved.
04:27:59 INFO     [778/1326] McPherson Middle School (http://www.mcpherson.com)
04:27:59 INFO       \u2192 0 art teacher(s) found. Status: robots_blocked
04:27:59 INFO       \u2192 0 new staff records saved.
04:28:01 INFO     [779/1326] McPherson High (http://www.mcpherson.com)
04:28:01 INFO       \u2192 0 art teacher(s) found. Status: robots_blocked
04:28:01 INFO       \u2192 0 new staff records saved.
04:28:04 INFO     [780/1326] Eisenhower Elementary (http://www.mcpherson.com)
04:28:04 INFO       \u2192 0 art teacher(s) found. Status: robots_blocked
04:28:04 INFO       \u2192 0 new staff records saved.
04:28:06 INFO     [781/1326] Meade Elem (http://usd226.org)
04:28:08 INFO       Found directory at http://usd226.org/staff
04:28:28 INFO       \u2192 0 art teacher(s) found. Status: timeout
04:28:28 INFO       \u2192 0 new staff records saved.
04:28:30 INFO     [782/1326] Meade High (http://www.usd226.org)
04:28:32 INFO       Found directory at http://www.usd226.org/staff
04:28:52 INFO       \u2192 0 art teacher(s) found. Status: timeout
04:28:52 INFO       \u2192 0 new staff records saved.
04:28:55 INFO     [783/1326] Medicine Lodge Grade School (http://www.usd254.org)
04:29:08 INFO       \u2192 0 art teacher(s) found. Status: no_directory_found
04:29:08 INFO       \u2192 0 new staff records saved.
04:29:11 INFO     [784/1326] Medicine Lodge Jr/Sr High School (http://www.usd254.org)
04:29:25 INFO       \u2192 0 art teacher(s) found. Status: no_directory_found
04:29:25 INFO       \u2192 0 new staff records saved.
04:29:27 INFO     [785/1326] Marais Des Cygnes Valley Elem (http://www.usd456.org)
04:29:30 INFO       Found directory at http://www.usd456.org/staff
04:29:50 INFO       \u2192 0 art teacher(s) found. Status: timeout
04:29:50 INFO       \u2192 0 new staff records saved.
04:29:52 INFO     [786/1326] Marais Des Cygnes Valley High (http://www.usd456.org)
04:29:54 INFO       Found directory at http://www.usd456.org/staff
04:30:14 INFO       \u2192 0 art teacher(s) found. Status: timeout
04:30:14 INFO       \u2192 0 new staff records saved.
04:30:17 INFO     [787/1326] Marais Des Cygnes Valley Middle (http://www.usd456.org)
04:30:18 INFO       Found directory at http://www.usd456.org/staff
04:30:38 INFO       \u2192 0 art teacher(s) found. Status: timeout
04:30:38 INFO       \u2192 0 new staff records saved.
04:30:41 INFO     [788/1326] Jefferson West High (http://www.usd340.org)
04:30:42 INFO       Found directory at http://www.usd340.org/staff
04:31:02 INFO       \u2192 0 art teacher(s) found. Status: timeout
04:31:02 INFO       \u2192 0 new staff records saved.
04:31:05 INFO     [789/1326] Jefferson West Middle (http://www.usd340.org)
04:31:07 INFO       Found directory at http://www.usd340.org/staff
04:31:27 INFO       \u2192 0 art teacher(s) found. Status: timeout
04:31:27 INFO       \u2192 0 new staff records saved.
04:31:29 INFO     [790/1326] Jefferson West Elementary School (http://www.usd340.org)
04:31:31 INFO       Found directory at http://www.usd340.org/staff
04:31:51 INFO       \u2192 0 art teacher(s) found. Status: timeout
04:31:51 INFO       \u2192 0 new staff records saved.
04:31:53 INFO     [791/1326] Minneapolis Elementary (http://www.usd239.org)
04:31:55 INFO       Found directory at http://www.usd239.org/staff
04:32:15 INFO       \u2192 0 art teacher(s) found. Status: timeout
04:32:15 INFO       \u2192 0 new staff records saved.
04:32:18 INFO     [792/1326] Minneapolis Jr-Sr High School (http://www.usd239.org)
04:32:19 INFO       Found directory at http://www.usd239.org/staff
04:32:39 INFO       \u2192 0 art teacher(s) found. Status: timeout
04:32:39 INFO       \u2192 0 new staff records saved.
04:32:42 INFO     [793/1326] Minneola Elem (http://www.usd219.org)
04:32:43 INFO       Found directory at http://www.usd219.org/staff
04:33:03 INFO       \u2192 0 art teacher(s) found. Status: timeout
04:33:03 INFO       \u2192 0 new staff records saved.
04:33:06 INFO     [794/1326] Minneola High (http://www.usd219.org)
04:33:08 INFO       Found directory at http://www.usd219.org/staff
04:33:28 INFO       \u2192 0 art teacher(s) found. Status: timeout
04:33:28 INFO       \u2192 0 new staff records saved.
04:33:30 INFO     [795/1326] Montezuma Elem (http://www.usd371.org)
04:33:33 INFO       Found directory at http://www.usd371.org/staff
04:33:53 INFO       \u2192 0 art teacher(s) found. Status: timeout
04:33:53 INFO       \u2192 0 new staff records saved.
04:33:55 INFO     [796/1326] South Gray High (http://www.usd371.org)
04:33:57 INFO       Found directory at http://www.usd371.org/staff
04:34:17 INFO       \u2192 0 art teacher(s) found. Status: timeout
04:34:17 INFO       \u2192 0 new staff records saved.
04:34:19 INFO     [797/1326] Marmaton Valley Elem (http://www.usd256.org)
04:34:32 INFO       \u2192 0 art teacher(s) found. Status: no_directory_found
04:34:32 INFO       \u2192 0 new staff records saved.
04:34:35 INFO     [798/1326] Marmaton Valley High (http://www.usd256.org)
04:34:48 INFO       \u2192 0 art teacher(s) found. Status: no_directory_found
04:34:48 INFO       \u2192 0 new staff records saved.
04:34:50 INFO     [799/1326] Marmaton Valley Virtual School (http://marmatonvalley.org)
04:34:52 INFO       Found directory at http://marmatonvalley.org/staff
04:35:12 INFO       \u2192 0 art teacher(s) found. Status: timeout
04:35:12 INFO       \u2192 0 new staff records saved.
04:35:15 INFO     [800/1326] Moscow Elem (http://www.usd-209.org/)
04:35:17 INFO       Found directory at http://www.usd-209.org/staff
04:35:37 INFO       \u2192 0 art teacher(s) found. Status: timeout
04:35:37 INFO       \u2192 0 new staff records saved.
04:35:39 INFO     [801/1326] Moscow High (http://www.usd-209.org/)
04:35:41 INFO       Found directory at http://www.usd-209.org/staff
04:36:01 INFO       \u2192 0 art teacher(s) found. Status: timeout
04:36:01 INFO       \u2192 0 new staff records saved.
04:36:04 INFO     [802/1326] Moundridge Elem (http://www.usd423.org)
04:36:04 INFO       \u2192 0 art teacher(s) found. Status: robots_blocked
04:36:04 INFO       \u2192 0 new staff records saved.
04:36:06 INFO     [803/1326] Moundridge High (http://www.usd423.org)
04:36:06 INFO       \u2192 0 art teacher(s) found. Status: robots_blocked
04:36:06 INFO       \u2192 0 new staff records saved.
04:36:09 INFO     [804/1326] Moundridge Middle (http://www.usd423.org)
04:36:09 INFO       \u2192 0 art teacher(s) found. Status: robots_blocked
04:36:09 INFO       \u2192 0 new staff records saved.
04:36:11 INFO     [805/1326] Mulvane Elem W D Munson (http://www.usd263.com)
04:36:25 INFO       \u2192 0 art teacher(s) found. Status: no_directory_found
04:36:25 INFO       \u2192 0 new staff records saved.
04:36:28 INFO     [806/1326] Mulvane High (http://www.usd263.com)
04:36:41 INFO       \u2192 0 art teacher(s) found. Status: no_directory_found
04:36:41 INFO       \u2192 0 new staff records saved.
04:36:44 INFO     [807/1326] Mulvane Middle School (http://www.usd263.com)
04:36:58 INFO       \u2192 0 art teacher(s) found. Status: no_directory_found
04:36:58 INFO       \u2192 0 new staff records saved.
04:37:00 INFO     [808/1326] Mulvane Grade School (http://www.usd263.com)
04:37:14 INFO       \u2192 0 art teacher(s) found. Status: no_directory_found
04:37:14 INFO       \u2192 0 new staff records saved.
04:37:17 INFO     [809/1326] Natoma Elem (http://www.usd399.com)
04:37:31 INFO       \u2192 0 art teacher(s) found. Status: no_directory_found
04:37:31 INFO       \u2192 0 new staff records saved.
04:37:33 INFO     [810/1326] Natoma High (6-12) (http://www.usd399.com)
04:37:47 INFO       \u2192 0 art teacher(s) found. Status: no_directory_found
04:37:47 INFO       \u2192 0 new staff records saved.
04:37:50 INFO     [811/1326] Heller Elem (http://www.usd461.org)
04:37:50 INFO       \u2192 0 art teacher(s) found. Status: robots_blocked
04:37:50 INFO       \u2192 0 new staff records saved.
04:37:53 INFO     [812/1326] North Lawn Elem (None)
04:37:53 INFO       \u2192 0 art teacher(s) found. Status: no_url
04:37:53 INFO       \u2192 0 new staff records saved.
04:37:55 INFO     [813/1326] Neodesha High (None)
04:37:55 INFO       \u2192 0 art teacher(s) found. Status: no_url
04:37:55 INFO       \u2192 0 new staff records saved.
04:37:58 INFO     [814/1326] Ness City Elem (http://www.nesscityschools.org)
04:38:12 INFO       \u2192 0 art teacher(s) found. Status: no_directory_found
04:38:12 INFO       \u2192 0 new staff records saved.
04:38:14 INFO     [815/1326] Ness City High (http://www.nesscityschools.org)
04:38:28 INFO       \u2192 0 art teacher(s) found. Status: no_directory_found
04:38:28 INFO       \u2192 0 new staff records saved.
04:38:31 INFO     [816/1326] Newton Sr High (http://www.usd373.org)
04:38:31 INFO       \u2192 0 art teacher(s) found. Status: robots_blocked
04:38:31 INFO       \u2192 0 new staff records saved.
04:38:33 INFO     [817/1326] Chisholm Middle School (http://www.usd373.org)
04:38:34 INFO       \u2192 0 art teacher(s) found. Status: robots_blocked
04:38:34 INFO       \u2192 0 new staff records saved.
04:38:36 INFO     [818/1326] Slate Creek Elementary (http://www.usd373.org)
04:38:36 INFO       \u2192 0 art teacher(s) found. Status: robots_blocked
04:38:36 INFO       \u2192 0 new staff records saved.
04:38:39 INFO     [819/1326] Northridge Elementary (http://www.usd373.org)
04:38:39 INFO       \u2192 0 art teacher(s) found. Status: robots_blocked
04:38:39 INFO       \u2192 0 new staff records saved.
04:38:41 INFO     [820/1326] Santa Fe 5/6 Center (http://www.usd373.org)
04:38:41 INFO       \u2192 0 art teacher(s) found. Status: robots_blocked
04:38:41 INFO       \u2192 0 new staff records saved.
04:38:44 INFO     [821/1326] Sunset Elementary (http://www.usd373.org)
04:38:44 INFO       \u2192 0 art teacher(s) found. Status: robots_blocked
04:38:44 INFO       \u2192 0 new staff records saved.
04:38:46 INFO     [822/1326] South Breeze Elementary (http://www.usd373.org)
04:38:46 INFO       \u2192 0 art teacher(s) found. Status: robots_blocked
04:38:46 INFO       \u2192 0 new staff records saved.
04:38:49 INFO     [823/1326] Opportunity Academy (http://www.usd373.org)
04:38:49 INFO       \u2192 0 art teacher(s) found. Status: robots_blocked
04:38:49 INFO       \u2192 0 new staff records saved.
04:38:51 INFO     [824/1326] Nickerson Elem (http://www.usd309ks.org)
04:38:54 INFO       Found directory at http://www.usd309ks.org/staff
04:39:14 INFO       \u2192 0 art teacher(s) found. Status: timeout
04:39:14 INFO       \u2192 0 new staff records saved.
04:39:16 INFO     [825/1326] Nickerson High (http://www.usd309ks.org)
04:39:18 INFO       Found directory at http://www.usd309ks.org/staff
04:39:38 INFO       \u2192 0 art teacher(s) found. Status: timeout
04:39:38 INFO       \u2192 0 new staff records saved.
04:39:41 INFO     [826/1326] Reno Valley Middle School (http://www.usd309ks.org)
04:39:42 INFO       Found directory at http://www.usd309ks.org/staff
04:40:03 INFO       \u2192 0 art teacher(s) found. Status: timeout
04:40:03 INFO       \u2192 0 new staff records saved.
04:40:05 INFO     [827/1326] South Hutchinson Elem (http://www.usd309ks.org)
04:40:07 INFO       Found directory at http://www.usd309ks.org/staff
04:40:27 INFO       \u2192 0 art teacher(s) found. Status: timeout
04:40:27 INFO       \u2192 0 new staff records saved.
04:40:30 INFO     [828/1326] Central State Academy (http://csa.usd309ks.org/)
04:40:31 INFO       Found directory at http://csa.usd309ks.org/staff
04:40:51 INFO       \u2192 0 art teacher(s) found. Status: timeout
04:40:51 INFO       \u2192 0 new staff records saved.
04:40:54 INFO     [829/1326] Eisenhower Elem (http://wp.usd211.org/elementary/)
04:40:58 INFO       \u2192 0 art teacher(s) found. Status: no_directory_found
04:40:58 INFO       \u2192 0 new staff records saved.
04:41:01 INFO     [830/1326] Norton Jr High (http://sites.google.com/usd211.org/norton-junior-high-school-2020/)
04:41:13 INFO       \u2192 0 art teacher(s) found. Status: no_directory_found
04:41:13 INFO       \u2192 0 new staff records saved.
04:41:16 INFO     [831/1326] Norton High (http://sites.google.com/usd211.org/nchs-site)
04:41:31 INFO       \u2192 0 art teacher(s) found. Status: no_directory_found
04:41:31 INFO       \u2192 0 new staff records saved.
04:41:34 INFO     [832/1326] Oakley Elem (http://www.oakleyschoolsks.com)
04:41:35 INFO       Found directory at http://www.oakleyschoolsks.com/staff
04:41:55 INFO       \u2192 0 art teacher(s) found. Status: timeout
04:41:55 INFO       \u2192 0 new staff records saved.
04:41:58 INFO     [833/1326] Oakley Sr High (http://www.oakleyschoolsks.com)
04:42:00 INFO       Found directory at http://www.oakleyschoolsks.com/staff
04:42:20 INFO       \u2192 0 art teacher(s) found. Status: timeout
04:42:20 INFO       \u2192 0 new staff records saved.
04:42:22 INFO     [834/1326] Oakley Middle School (http://www.oakleyschoolsks.com)
04:42:24 INFO       Found directory at http://www.oakleyschoolsks.com/staff
04:42:44 INFO       \u2192 0 art teacher(s) found. Status: timeout
04:42:44 INFO       \u2192 0 new staff records saved.
04:42:47 INFO     [835/1326] Oberlin Elem (http://www.usd294.org)
04:42:49 INFO       Found directory at http://www.usd294.org/staff
04:43:09 INFO       \u2192 0 art teacher(s) found. Status: timeout
04:43:09 INFO       \u2192 0 new staff records saved.
04:43:11 INFO     [836/1326] Decatur Community Jr/Sr High (http://www.usd294.org)
04:43:13 INFO       Found directory at http://www.usd294.org/staff
04:43:33 INFO       \u2192 0 art teacher(s) found. Status: timeout
04:43:33 INFO       \u2192 0 new staff records saved.
04:43:36 INFO     [837/1326] Olathe East Sr High (http://schools.olatheschools.com/olatheeast/)
04:43:40 INFO       \u2192 0 art teacher(s) found. Status: no_directory_found
04:43:40 INFO       \u2192 0 new staff records saved.
04:43:42 INFO     [838/1326] Central Elem (http://schools.olatheschools.com/central/)
04:43:47 INFO       \u2192 0 art teacher(s) found. Status: no_directory_found
04:43:47 INFO       \u2192 0 new staff records saved.
04:43:49 INFO     [839/1326] Fairview Elem (http://schools.olatheschools.com/fairview/)
04:43:53 INFO       \u2192 0 art teacher(s) found. Status: no_directory_found
04:43:53 INFO       \u2192 0 new staff records saved.
04:43:56 INFO     [840/1326] Ridgeview Elem (http://schools.olatheschools.com/ridgeview/)
04:44:00 INFO       \u2192 0 art teacher(s) found. Status: no_directory_found
04:44:00 INFO       \u2192 0 new staff records saved.
04:44:02 INFO     [841/1326] Washington Elem (http://schools.olatheschools.com/washington/)
04:44:07 INFO       \u2192 0 art teacher(s) found. Status: no_directory_found
04:44:07 INFO       \u2192 0 new staff records saved.
04:44:09 INFO     [842/1326] Westview Elem (http://schools.olatheschools.com/westview/)
04:44:13 INFO       \u2192 0 art teacher(s) found. Status: no_directory_found
04:44:13 INFO       \u2192 0 new staff records saved.
04:44:16 INFO     [843/1326] Santa Fe Trail Middle School (http://schools.olatheschools.com/santafetrail/)
04:44:20 INFO       \u2192 0 art teacher(s) found. Status: no_directory_found
04:44:20 INFO       \u2192 0 new staff records saved.
04:44:22 INFO     [844/1326] Oregon Trail Middle School (http://schools.olatheschools.com/oregontrail/)
04:44:27 INFO       \u2192 0 art teacher(s) found. Status: no_directory_found
04:44:27 INFO       \u2192 0 new staff records saved.
04:44:29 INFO     [845/1326] Olathe North Sr High (http://schools.olatheschools.com/olathenorth/)
04:44:33 INFO       \u2192 0 art teacher(s) found. Status: no_directory_found
04:44:33 INFO       \u2192 0 new staff records saved.
04:44:36 INFO     [846/1326] Meadow Lane Elem (http://schools.olatheschools.com/meadowlane/)
04:44:40 INFO       \u2192 0 art teacher(s) found. Status: no_directory_found
04:44:40 INFO       \u2192 0 new staff records saved.
04:44:43 INFO     [847/1326] Rolling Ridge Elem (http://schools.olatheschools.com/rollingridge/)
04:44:47 INFO       \u2192 0 art teacher(s) found. Status: no_directory_found
04:44:47 INFO       \u2192 0 new staff records saved.
04:44:49 INFO     [848/1326] Northview Elem (http://schools.olatheschools.com/northview/)
04:44:53 INFO       \u2192 0 art teacher(s) found. Status: no_directory_found
04:44:53 INFO       \u2192 0 new staff records saved.
04:44:56 INFO     [849/1326] Havencroft Elem (http://schools.olatheschools.com/havencroft/)
04:45:00 INFO       \u2192 0 art teacher(s) found. Status: no_directory_found
04:45:00 INFO       \u2192 0 new staff records saved.
04:45:03 INFO     [850/1326] Scarborough Elem (http://schools.olatheschools.com/scarborough/)
04:45:07 INFO       \u2192 0 art teacher(s) found. Status: no_directory_found
04:45:07 INFO       \u2192 0 new staff records saved.
04:45:09 INFO     [851/1326] Black Bob Elem (http://schools.olatheschools.com/blackbob/)
04:45:14 INFO       \u2192 0 art teacher(s) found. Status: no_directory_found
04:45:14 INFO       \u2192 0 new staff records saved.
04:45:16 INFO     [852/1326] Heatherstone Elem (http://schools.olatheschools.com/heatherstone/)
04:45:20 INFO       \u2192 0 art teacher(s) found. Status: no_directory_found
04:45:20 INFO       \u2192 0 new staff records saved.
04:45:23 INFO     [853/1326] Bentwood Elem (http://schools.olatheschools.com/bentwood/)
04:45:27 INFO       \u2192 0 art teacher(s) found. Status: no_directory_found
04:45:27 INFO       \u2192 0 new staff records saved.
04:45:29 INFO     [854/1326] California Trail Middle School (http://schools.olatheschools.com/californiatrail/)
04:45:34 INFO       \u2192 0 art teacher(s) found. Status: no_directory_found
04:45:34 INFO       \u2192 0 new staff records saved.
04:45:36 INFO     [855/1326] Cedar Creek Elem (http://schools.olatheschools.com/cedarcreek/)
04:45:40 INFO       \u2192 0 art teacher(s) found. Status: no_directory_found
04:45:40 INFO       \u2192 0 new staff records saved.
04:45:43 INFO     [856/1326] Regency Place Elementary (http://schools.olatheschools.com/regencyplace/)
04:45:47 INFO       \u2192 0 art teacher(s) found. Status: no_directory_found
04:45:47 INFO       \u2192 0 new staff records saved.
04:45:49 INFO     [857/1326] Sunnyside Elementary School (http://schools.olatheschools.com/sunnyside/)
04:45:54 INFO       \u2192 0 art teacher(s) found. Status: no_directory_found
04:45:54 INFO       \u2192 0 new staff records saved.
04:45:56 INFO     [858/1326] Chisholm Trail Middle School (http://schools.olatheschools.com/chisholmtrail/)
04:46:00 INFO       \u2192 0 art teacher(s) found. Status: no_directory_found
04:46:00 INFO       \u2192 0 new staff records saved.
04:46:03 INFO     [859/1326] Tomahawk Elem (http://schools.olatheschools.com/tomahawk/)
04:46:07 INFO       \u2192 0 art teacher(s) found. Status: no_directory_found
04:46:07 INFO       \u2192 0 new staff records saved.
04:46:09 INFO     [860/1326] Indian Trail Middle School (http://schools.olatheschools.com/indiantrail/)
04:46:14 INFO       \u2192 0 art teacher(s) found. Status: no_directory_found
04:46:14 INFO       \u2192 0 new staff records saved.
04:46:16 INFO     [861/1326] Olathe South Sr High (http://schools.olatheschools.com/olathesouth/)
04:46:20 INFO       \u2192 0 art teacher(s) found. Status: no_directory_found
04:46:20 INFO       \u2192 0 new staff records saved.
04:46:23 INFO     [862/1326] Prairie Center Elem (http://schools.olatheschools.com/prairiecenter/)
04:46:27 INFO       \u2192 0 art teacher(s) found. Status: no_directory_found
04:46:27 INFO       \u2192 0 new staff records saved.
04:46:30 INFO     [863/1326] Brougham Elem (http://schools.olatheschools.com/brougham/)
04:46:34 INFO       \u2192 0 art teacher(s) found. Status: no_directory_found
04:46:34 INFO       \u2192 0 new staff records saved.
04:46:36 INFO     [864/1326] Indian Creek Elem (http://schools.olatheschools.com/indiancreek/)
04:46:40 INFO       \u2192 0 art teacher(s) found. Status: no_directory_found
04:46:40 INFO       \u2192 0 new staff records saved.
04:46:43 INFO     [865/1326] Walnut Grove Elem (http://schools.olatheschools.com/walnutgrove/)
04:46:47 INFO       \u2192 0 art teacher(s) found. Status: no_directory_found
04:46:47 INFO       \u2192 0 new staff records saved.
04:46:50 INFO     [866/1326] Pioneer Trail Middle School (http://schools.olatheschools.com/pioneertrail/)
04:46:54 INFO       \u2192 0 art teacher(s) found. Status: no_directory_found
04:46:54 INFO       \u2192 0 new staff records saved.
04:46:56 INFO     [867/1326] Briarwood Elem (http://schools.olatheschools.com/briarwood/)
04:47:00 INFO       \u2192 0 art teacher(s) found. Status: no_directory_found
04:47:00 INFO       \u2192 0 new staff records saved.
04:47:03 INFO     [868/1326] Countryside Elementary (http://schools.olatheschools.com/countryside/)
04:47:07 INFO       \u2192 0 art teacher(s) found. Status: no_directory_found
04:47:07 INFO       \u2192 0 new staff records saved.
04:47:10 INFO     [869/1326] Heritage Elementary (http://schools.olatheschools.com/heritage/)
04:47:14 INFO       \u2192 0 art teacher(s) found. Status: no_directory_found
04:47:14 INFO       \u2192 0 new staff records saved.
04:47:16 INFO     [870/1326] Frontier Trail Middle School (http://schools.olatheschools.com/frontiertrail/)
04:47:20 INFO       \u2192 0 art teacher(s) found. Status: no_directory_found
04:47:20 INFO       \u2192 0 new staff records saved.
04:47:23 INFO     [871/1326] Green Springs Elem (http://schools.olatheschools.com/greensprings/)
04:47:27 INFO       \u2192 0 art teacher(s) found. Status: no_directory_found
04:47:27 INFO       \u2192 0 new staff records saved.
04:47:30 INFO     [872/1326] Mahaffie Elem (http://schools.olatheschools.com/mahaffie/)
04:47:34 INFO       \u2192 0 art teacher(s) found. Status: no_directory_found
04:47:34 INFO       \u2192 0 new staff records saved.
04:47:36 INFO     [873/1326] Pleasant Ridge Elem (http://schools.olatheschools.com/pleasantridge/)
04:47:41 INFO       \u2192 0 art teacher(s) found. Status: no_directory_found
04:47:41 INFO       \u2192 0 new staff records saved.
04:47:43 INFO     [874/1326] Arbor Creek Elementary (http://schools.olatheschools.com/arborcreek/)
04:47:47 INFO       \u2192 0 art teacher(s) found. Status: no_directory_found
04:47:47 INFO       \u2192 0 new staff records saved.
04:47:50 INFO     [875/1326] Manchester Park Elementary (http://schools.olatheschools.com/manchesterpark/)
04:47:54 INFO       \u2192 0 art teacher(s) found. Status: no_directory_found
04:47:54 INFO       \u2192 0 new staff records saved.
04:47:56 INFO     [876/1326] Clearwater Creek Elementary (http://schools.olatheschools.com/clearwatercreek/)
04:48:01 INFO       \u2192 0 art teacher(s) found. Status: no_directory_found
04:48:01 INFO       \u2192 0 new staff records saved.
04:48:03 INFO     [877/1326] Prairie Trail Middle School (http://schools.olatheschools.com/prairietrail/)
04:48:07 INFO       \u2192 0 art teacher(s) found. Status: no_directory_found
04:48:07 INFO       \u2192 0 new staff records saved.
04:48:10 INFO     [878/1326] Ravenwood Elementary (http://schools.olatheschools.com/ravenwood/)
04:48:14 INFO       \u2192 0 art teacher(s) found. Status: no_directory_found
04:48:14 INFO       \u2192 0 new staff records saved.
04:48:16 INFO     [879/1326] Olathe Northwest High School (http://www.onwravens.net/)
04:48:16 INFO       \u2192 0 art teacher(s) found. Status: robots_blocked
04:48:17 INFO       \u2192 0 new staff records saved.
04:48:19 INFO     [880/1326] Madison Place Elementary (http://schools.olatheschools.com/madisonplace/)
04:48:23 INFO       \u2192 0 art teacher(s) found. Status: no_directory_found
04:48:23 INFO       \u2192 0 new staff records saved.
04:48:26 INFO     [881/1326] Woodland Elem (http://schools.olatheschools.com/woodland/)
04:48:30 INFO       \u2192 0 art teacher(s) found. Status: no_directory_found
04:48:30 INFO       \u2192 0 new staff records saved.
04:48:32 INFO     [882/1326] Forest View Elem (http://schools.olatheschools.com/forestview/)
04:48:37 INFO       \u2192 0 art teacher(s) found. Status: no_directory_found
04:48:37 INFO       \u2192 0 new staff records saved.
04:48:39 INFO     [883/1326] Mission Trail Middle School (http://schools.olatheschools.com/missiontrail/)
04:48:43 INFO       \u2192 0 art teacher(s) found. Status: no_directory_found
04:48:43 INFO       \u2192 0 new staff records saved.
04:48:46 INFO     [884/1326] Millbrooke Elementary (http://schools.olatheschools.com/buildings/millbrooke/)
04:48:50 INFO       \u2192 0 art teacher(s) found. Status: no_directory_found
04:48:50 INFO       \u2192 0 new staff records saved.
04:48:52 INFO     [885/1326] Olathe West High School (None)
04:48:52 INFO       \u2192 0 art teacher(s) found. Status: no_url
04:48:52 INFO       \u2192 0 new staff records saved.
04:48:55 INFO     [886/1326] Summit Trail Middle School (http://www.olatheschools.org/summittrail)
04:48:55 INFO       \u2192 0 art teacher(s) found. Status: robots_blocked
04:48:55 INFO       \u2192 0 new staff records saved.
04:48:57 INFO     [887/1326] Canyon Creek Elementary (http://www.olatheschools.com/canyoncreek)
04:48:58 INFO       \u2192 0 art teacher(s) found. Status: robots_blocked
04:48:58 INFO       \u2192 0 new staff records saved.
04:49:00 INFO     [888/1326] Step Up Virtual (http://www.olatheschools.org/stepup)
04:49:00 INFO       \u2192 0 art teacher(s) found. Status: robots_blocked
04:49:00 INFO       \u2192 0 new staff records saved.
04:49:03 INFO     [889/1326] Onaga Elem (http://usd322.org)
04:49:05 INFO       Found directory at http://usd322.org/staff
04:49:25 INFO       \u2192 0 art teacher(s) found. Status: timeout
04:49:25 INFO       \u2192 0 new staff records saved.
04:49:27 INFO     [890/1326] Onaga Senior High (http://usd322.org)
04:49:29 INFO       Found directory at http://usd322.org/staff
04:49:49 INFO       \u2192 0 art teacher(s) found. Status: timeout
04:49:49 INFO       \u2192 0 new staff records saved.
04:49:52 INFO     [891/1326] Onaga Middle School (http://www.usd322.org)
04:49:53 INFO       Found directory at http://www.usd322.org/staff
04:50:13 INFO       \u2192 0 art teacher(s) found. Status: timeout
04:50:13 INFO       \u2192 0 new staff records saved.
04:50:16 INFO     [892/1326] Osage City Elem (http://www.usd420.org)
04:50:17 INFO       Found directory at http://www.usd420.org/staff
04:50:37 INFO       \u2192 0 art teacher(s) found. Status: timeout
04:50:37 INFO       \u2192 0 new staff records saved.
04:50:40 INFO     [893/1326] Osage City High (http://www.usd420.org)
04:50:42 INFO       Found directory at http://www.usd420.org/staff
04:51:02 INFO       \u2192 0 art teacher(s) found. Status: timeout
04:51:02 INFO       \u2192 0 new staff records saved.
04:51:04 INFO     [894/1326] Osage City Middle School (http://www.usd420.org/ocms)
04:51:18 INFO       \u2192 0 art teacher(s) found. Status: no_directory_found
04:51:18 INFO       \u2192 0 new staff records saved.
04:51:21 INFO     [895/1326] Trojan Elem (http://www.usd367.org/)
04:51:23 INFO       Found directory at http://www.usd367.org/staff
04:51:43 INFO       \u2192 0 art teacher(s) found. Status: timeout
04:51:43 INFO       \u2192 0 new staff records saved.
04:51:46 INFO     [896/1326] Swenson Early Childhood Education Center (http://www.usd367.org)
04:51:48 INFO       Found directory at http://www.usd367.org/staff
04:52:08 INFO       \u2192 0 art teacher(s) found. Status: timeout
04:52:08 INFO       \u2192 0 new staff records saved.
04:52:10 INFO     [897/1326] Osawatomie Middle School (http://www.usd367.org/)
04:52:12 INFO       Found directory at http://www.usd367.org/staff
04:52:32 INFO       \u2192 0 art teacher(s) found. Status: timeout
04:52:32 INFO       \u2192 0 new staff records saved.
04:52:34 INFO     [898/1326] Osawatomie High (http://www.usd367.org)
04:52:36 INFO       Found directory at http://www.usd367.org/staff
04:52:56 INFO       \u2192 0 art teacher(s) found. Status: timeout
04:52:56 INFO       \u2192 0 new staff records saved.
04:52:59 INFO     [899/1326] Osawatomie Virtual School (None)
04:52:59 INFO       \u2192 0 art teacher(s) found. Status: no_url
04:52:59 INFO       \u2192 0 new staff records saved.
04:53:01 INFO     [900/1326] Osborne Elem (http://usd392.com)
04:53:03 INFO       Found directory at http://usd392.com/staff
04:53:23 INFO       \u2192 0 art teacher(s) found. Status: timeout
04:53:23 INFO       \u2192 0 new staff records saved.
04:53:26 INFO     [901/1326] Osborne Junior/Senior High (http://usd392.com)
04:53:27 INFO       Found directory at http://usd392.com/staff
04:53:47 INFO       \u2192 0 art teacher(s) found. Status: timeout
04:53:47 INFO       \u2192 0 new staff records saved.
04:53:50 INFO     [902/1326] Oskaloosa Elem (http://www.usd341.org)
04:53:52 INFO       Found directory at http://www.usd341.org/staff
04:54:12 INFO       \u2192 0 art teacher(s) found. Status: timeout
04:54:12 INFO       \u2192 0 new staff records saved.
04:54:14 INFO     [903/1326] Oskaloosa JR-SR High School (http://www.usd341.org)
04:54:16 INFO       Found directory at http://www.usd341.org/staff
04:54:36 INFO       \u2192 0 art teacher(s) found. Status: timeout
04:54:36 INFO       \u2192 0 new staff records saved.
04:54:38 INFO     [904/1326] Oswego Neosho Hgts Elem (http://www.usd504.org)
04:54:40 INFO       Found directory at http://www.usd504.org/staff
04:55:00 INFO       \u2192 0 art teacher(s) found. Status: timeout
04:55:00 INFO       \u2192 0 new staff records saved.
04:55:03 INFO     [905/1326] Service Valley Charter Academy (http://www.usd504.org)
04:55:04 INFO       Found directory at http://www.usd504.org/staff
04:55:24 INFO       \u2192 0 art teacher(s) found. Status: timeout
04:55:24 INFO       \u2192 0 new staff records saved.
04:55:27 INFO     [906/1326] Oswego Junior-Senior High School (http://www.usd504.org)
04:55:29 INFO       Found directory at http://www.usd504.org/staff
04:55:49 INFO       \u2192 0 art teacher(s) found. Status: timeout
04:55:49 INFO       \u2192 0 new staff records saved.
04:55:51 INFO     [907/1326] Carbondale Attendance Center (http://www.usd434.org)
04:55:54 INFO       Found directory at http://www.usd434.org/staff-directory
04:55:57 INFO       \u2192 2 art teacher(s) found. Status: ok
04:55:57 INFO       \u2192 2 new staff records saved.
04:56:00 INFO     [908/1326] Overbrook Attendance Center (http://www.usd434.org)
04:56:03 INFO       Found directory at http://www.usd434.org/staff-directory
04:56:05 INFO       \u2192 2 art teacher(s) found. Status: ok
04:56:05 INFO       \u2192 2 new staff records saved.
04:56:08 INFO     [909/1326] Santa Fe Trail High (http://www.usd434.org)
04:56:11 INFO       Found directory at http://www.usd434.org/staff-directory
04:56:14 INFO       \u2192 2 art teacher(s) found. Status: ok
04:56:14 INFO       \u2192 2 new staff records saved.
04:56:16 INFO     [910/1326] Oxford Elem (http://www.usd358.com)
04:56:18 INFO       Found directory at http://www.usd358.com/staff
04:56:38 INFO       \u2192 0 art teacher(s) found. Status: timeout
04:56:38 INFO       \u2192 0 new staff records saved.
04:56:41 INFO     [911/1326] Oxford Jr/Sr High (http://www.usd358.com)
04:56:42 INFO       Found directory at http://www.usd358.com/staff
04:57:02 INFO       \u2192 0 art teacher(s) found. Status: timeout
04:57:02 INFO       \u2192 0 new staff records saved.
04:57:05 INFO     [912/1326] Oxford Online Virtual School (http://www.usd358.com)
04:57:06 INFO       Found directory at http://www.usd358.com/staff
04:57:26 INFO       \u2192 0 art teacher(s) found. Status: timeout
04:57:26 INFO       \u2192 0 new staff records saved.
04:57:29 INFO     [913/1326] Palco Jr. High (http://www.usd269.net)
04:57:43 INFO       \u2192 0 art teacher(s) found. Status: no_directory_found
04:57:43 INFO       \u2192 0 new staff records saved.
04:57:45 INFO     [914/1326] Palco High (http://www.usd269.net)
04:57:59 INFO       \u2192 0 art teacher(s) found. Status: no_directory_found
04:57:59 INFO       \u2192 0 new staff records saved.
04:58:01 INFO     [915/1326] Damar Elementary School (http://www.usd269.net)
04:58:15 INFO       \u2192 0 art teacher(s) found. Status: no_directory_found
04:58:15 INFO       \u2192 0 new staff records saved.
04:58:18 INFO     [916/1326] Paola Middle (None)
04:58:18 INFO       \u2192 0 art teacher(s) found. Status: no_url
04:58:18 INFO       \u2192 0 new staff records saved.
04:58:20 INFO     [917/1326] Paola High (None)
04:58:20 INFO       \u2192 0 art teacher(s) found. Status: no_url
04:58:20 INFO       \u2192 0 new staff records saved.
04:58:23 INFO     [918/1326] Sunflower Elem (None)
04:58:23 INFO       \u2192 0 art teacher(s) found. Status: no_url
04:58:23 INFO       \u2192 0 new staff records saved.
04:58:25 INFO     [919/1326] Cottonwood Elem (None)
04:58:25 INFO       \u2192 0 art teacher(s) found. Status: no_url
04:58:25 INFO       \u2192 0 new staff records saved.
04:58:28 INFO     [920/1326] Parsons Middle School (http://www.usd503.org)
04:58:30 INFO       Found directory at http://www.usd503.org/staff
04:58:50 INFO       \u2192 0 art teacher(s) found. Status: timeout
04:58:50 INFO       \u2192 0 new staff records saved.
04:58:52 INFO     [921/1326] Parsons Sr High (http://www.usd503.org)
04:58:54 INFO       Found directory at http://www.usd503.org/staff
04:59:14 INFO       \u2192 0 art teacher(s) found. Status: timeout
04:59:14 INFO       \u2192 0 new staff records saved.
04:59:16 INFO     [922/1326] Lincoln School (http://www.usd503.org)
04:59:18 INFO       Found directory at http://www.usd503.org/staff
04:59:38 INFO       \u2192 0 art teacher(s) found. Status: timeout
04:59:38 INFO       \u2192 0 new staff records saved.
04:59:41 INFO     [923/1326] Guthridge School (http://www.vikingnet.net)
04:59:43 INFO       Found directory at http://www.vikingnet.net/staff
05:00:03 INFO       \u2192 0 art teacher(s) found. Status: timeout
05:00:03 INFO       \u2192 0 new staff records saved.
05:00:05 INFO     [924/1326] Garfield School (http://www.usd503.org)
05:00:07 INFO       Found directory at http://www.usd503.org/staff
05:00:27 INFO       \u2192 0 art teacher(s) found. Status: timeout
05:00:27 INFO       \u2192 0 new staff records saved.
05:00:29 INFO     [925/1326] Peabody-Burns Elementary (http://www.usd398.net)
05:00:31 INFO       Found directory at http://www.usd398.net/staff
05:00:51 INFO       \u2192 0 art teacher(s) found. Status: timeout
05:00:51 INFO       \u2192 0 new staff records saved.
05:00:54 INFO     [926/1326] Peabody-Burns Jr/Sr High School (http://www.usd398.net)
05:00:55 INFO       Found directory at http://www.usd398.net/staff
05:01:15 INFO       \u2192 0 art teacher(s) found. Status: timeout
05:01:16 INFO       \u2192 0 new staff records saved.
05:01:18 INFO     [927/1326] Lecompton Elem (http://www.usd343.net)
05:01:20 INFO       Found directory at http://www.usd343.net/staff
05:01:40 INFO       \u2192 0 art teacher(s) found. Status: timeout
05:01:40 INFO       \u2192 0 new staff records saved.
05:01:43 INFO     [928/1326] Perry-Lecompton Middle (http://www.usd343.net)
05:01:45 INFO       Found directory at http://www.usd343.net/staff
05:02:05 INFO       \u2192 0 art teacher(s) found. Status: timeout
05:02:05 INFO       \u2192 0 new staff records saved.
05:02:07 INFO     [929/1326] Perry Lecompton High (http://www.usd343.net)
05:02:09 INFO       Found directory at http://www.usd343.net/staff
05:02:29 INFO       \u2192 0 art teacher(s) found. Status: timeout
05:02:29 INFO       \u2192 0 new staff records saved.
05:02:31 INFO     [930/1326] Phillipsburg Elem (http://www.usd325.com)
05:02:46 INFO       \u2192 0 art teacher(s) found. Status: no_directory_found
05:02:46 INFO       \u2192 0 new staff records saved.
05:02:48 INFO     [931/1326] Phillipsburg Middle (http://www.usd325.com)
05:03:03 INFO       \u2192 0 art teacher(s) found. Status: no_directory_found
05:03:03 INFO       \u2192 0 new staff records saved.
05:03:05 INFO     [932/1326] Phillipsburg High (http://www.usd325.com)
05:03:19 INFO       \u2192 0 art teacher(s) found. Status: no_directory_found
05:03:19 INFO       \u2192 0 new staff records saved.
05:03:22 INFO     [933/1326] Piper High (http://www.piperschools.com)
05:03:22 INFO       \u2192 0 art teacher(s) found. Status: robots_blocked
05:03:22 INFO       \u2192 0 new staff records saved.
05:03:24 INFO     [934/1326] Piper Middle (http://www.piperschools.com)
05:03:24 INFO       \u2192 0 art teacher(s) found. Status: robots_blocked
05:03:25 INFO       \u2192 0 new staff records saved.
05:03:27 INFO     [935/1326] Piper Prairie Elementary (http://www.piperschools.com)
05:03:27 INFO       \u2192 0 art teacher(s) found. Status: robots_blocked
05:03:27 INFO       \u2192 0 new staff records saved.
05:03:30 INFO     [936/1326] Piper Creek Elementary (http://www.piperschools.com)
05:03:30 INFO       \u2192 0 art teacher(s) found. Status: robots_blocked
05:03:30 INFO       \u2192 0 new staff records saved.
05:03:32 INFO     [937/1326] Geo E Nettels Elem (http://www.usd250.org)
05:03:32 INFO       \u2192 0 art teacher(s) found. Status: robots_blocked
05:03:32 INFO       \u2192 0 new staff records saved.
05:03:35 INFO     [938/1326] Lakeside Elem (http://www.usd250.org)
05:03:35 INFO       \u2192 0 art teacher(s) found. Status: robots_blocked
05:03:35 INFO       \u2192 0 new staff records saved.
